,Unnamed: 0,Class,IsFunctional,IsQuality,ProjectID,RequirementText,dobj,nummod,acl,amod,auxpass,advmod,nsubjpass,nsubj,nmod,aux,pobj,prep,det,punct
0,0,PE,1,1,1,,1,1,0,0,0,0,0,1,0,1,0,0,1,1
1,1,LF,0,1,1,,1,0,1,0,0,0,0,1,0,1,1,1,1,1
2,2,US,0,1,1,,1,1,0,1,0,0,0,1,1,1,1,1,1,1
3,3,A,0,1,1,,1,1,0,1,0,1,0,1,0,1,1,1,1,1
4,4,US,0,1,1,,0,1,0,1,0,0,0,1,0,1,1,1,1,1
5,5,SE,1,1,1,,0,0,0,1,1,1,1,1,0,1,1,1,1,1
6,6,US,0,1,1,,1,1,0,1,0,0,0,1,0,1,1,1,1,1
7,7,PE,0,1,1,,1,0,0,0,0,1,0,1,1,1,1,1,1,1
8,8,F,1,0,1,,1,0,0,0,0,0,0,1,0,1,1,1,1,1
9,9,F,1,0,1,,1,0,0,1,0,0,0,1,0,1,1,1,1,1
10,10,F,1,0,1,,1,0,0,0,0,0,0,1,0,1,1,1,1,1
11,11,F,1,0,1,,1,0,0,0,0,0,0,1,0,1,0,0,1,1
12,12,F,0,1,1,,1,1,1,0,0,1,0,1,0,1,1,1,1,1
13,13,F,0,0,1,,0,0,1,0,0,0,0,1,0,0,1,1,1,1
14,14,F,0,1,1,,0,1,0,1,1,0,1,0,0,1,1,1,1,1
15,15,F,1,1,1,,1,0,0,1,0,1,0,1,0,1,1,1,1,1
16,16,F,1,1,1,,1,0,0,1,0,0,0,1,0,1,1,1,1,1
17,17,F,1,1,1,,1,0,0,1,0,0,0,1,0,0,1,1,1,1
18,18,F,1,1,1,,1,1,0,0,0,0,0,1,0,1,1,1,1,1
19,19,F,1,1,1,,1,1,0,0,0,1,0,1,1,1,1,1,1,1
20,20,F,1,0,1,,1,0,0,0,0,0,0,1,0,1,1,1,1,1
21,21,F,1,0,1,,1,0,0,0,0,0,0,1,0,1,1,1,1,1
22,22,F,1,0,1,,1,0,0,0,0,0,0,1,0,1,1,1,1,1
23,23,F,1,0,1,,1,0,0,0,0,0,0,1,0,1,0,0,1,1
24,24,F,1,0,1,,1,0,0,1,0,0,0,1,0,1,1,1,1,1
25,25,F,1,0,1,,1,0,1,0,0,0,0,1,0,1,1,1,1,1
26,26,F,1,0,1,,1,0,0,1,0,1,0,1,0,1,1,1,1,1
27,27,F,1,0,1,,1,0,1,0,0,0,0,1,1,1,1,1,1,1
28,28,LF,0,1,2,,0,0,0,1,0,0,0,1,0,1,1,1,1,1
29,29,LF,0,1,2,,1,0,0,1,0,0,0,1,0,1,1,1,1,1
30,30,LF,0,1,2,,1,0,0,1,0,0,0,1,0,1,0,0,1,1
31,31,LF,0,1,2,,1,0,0,1,0,0,0,1,0,1,0,0,1,1
32,32,US,0,1,2,,0,0,0,0,1,0,1,0,0,1,1,1,1,1
33,33,US,0,1,2,,0,0,0,0,0,0,0,1,0,1,0,0,1,1
34,34,US,0,1,2,,0,0,0,0,0,0,0,1,0,1,0,0,1,1
35,35,US,0,1,2,,1,0,0,0,0,1,0,1,0,1,1,1,1,1
36,36,PE,1,1,2,,1,0,0,1,0,0,0,1,0,1,1,1,1,1
37,37,PE,1,1,2,,1,1,0,1,1,0,1,1,0,1,0,0,1,1
38,38,PE,1,1,2,,1,0,0,1,0,0,0,1,0,1,1,1,1,1
39,39,PE,1,1,2,,1,1,0,1,1,0,1,1,0,1,0,0,1,1
40,40,PE,1,1,2,,1,0,0,1,0,0,0,1,0,1,1,1,1,1
41,41,PE,1,1,2,,0,0,0,0,0,0,0,1,0,1,1,1,1,1
42,42,A,0,1,2,,1,1,0,0,0,0,0,1,0,1,1,1,1,1
43,43,A,0,1,2,,0,1,0,0,0,0,0,1,0,0,1,1,1,1
44,44,FT,0,1,2,,0,0,0,0,0,1,0,1,0,1,1,1,1,1
45,45,FT,1,0,2,,1,0,0,1,0,1,0,1,0,1,0,0,1,1
46,46,FT,1,0,2,,1,0,0,0,0,0,0,1,0,1,1,1,1,1
47,47,FT,1,1,2,,0,1,0,1,1,1,1,1,0,1,1,1,0,1
48,48,SC,1,0,2,,1,0,0,1,0,0,0,1,0,1,0,0,1,1
49,49,SC,0,1,2,,1,1,0,1,0,0,0,1,0,1,0,0,1,1
50,50,SC,0,1,2,,1,1,0,1,1,0,1,1,0,1,1,1,1,1
51,51,US,0,1,2,,0,0,0,1,1,1,1,0,0,1,1,1,1,1
52,52,US,0,1,2,,1,1,0,1,0,0,0,1,0,1,1,1,1,1
53,53,PO,0,1,2,,0,0,0,0,1,0,1,0,0,1,1,1,1,1
54,54,SE,0,1,2,,1,0,0,1,0,0,0,1,0,1,0,0,1,1
55,55,SE,1,1,2,,0,0,0,0,1,0,1,0,0,1,1,1,1,1
56,56,SE,0,1,2,,1,0,1,1,1,0,0,1,0,1,1,1,1,1
57,57,F,1,0,2,,1,0,0,1,0,0,0,1,0,1,0,0,1,1
58,58,F,1,0,2,,1,0,0,1,0,0,0,1,0,1,1,1,1,1
59,59,F,1,0,2,,1,0,0,0,0,0,0,1,0,1,1,1,1,1
60,60,F,1,0,2,,1,0,0,1,0,0,0,1,0,1,1,1,1,1
61,61,F,1,0,2,,1,0,0,1,0,0,0,1,0,1,1,1,1,1
62,62,F,1,0,2,,1,0,1,0,0,0,0,1,0,1,1,1,1,1
63,63,F,1,0,2,,1,0,0,0,0,0,0,1,0,1,0,0,1,1
64,64,F,1,0,2,,0,0,0,1,1,0,1,0,0,1,1,1,1,1
65,65,F,1,0,2,,1,0,1,1,0,0,0,1,0,1,1,1,1,1
66,66,F,1,0,2,,1,0,0,0,0,1,0,1,0,1,1,1,1,1
67,67,F,1,0,2,,1,0,0,0,0,0,0,1,0,1,0,0,1,1
68,68,US,0,1,3,,0,0,0,0,0,0,0,1,1,1,1,1,1,1
69,69,US,0,1,3,,1,1,0,0,0,0,0,1,0,1,1,1,1,1
70,70,US,0,1,3,,1,0,0,0,0,0,0,1,0,1,1,1,1,1
71,71,US,0,1,3,,0,1,1,1,1,0,1,0,0,1,1,1,1,1
72,72,US,0,1,3,,0,0,0,0,0,0,0,1,1,1,1,1,1,1
73,73,US,1,1,3,,1,1,0,0,0,1,0,1,1,1,1,1,1,1
74,74,US,0,1,3,,1,0,0,0,0,1,0,1,0,1,1,1,1,1
75,75,US,0,1,3,,0,0,1,1,0,0,0,1,0,1,1,1,1,1
76,76,PE,0,1,3,,1,0,0,1,0,0,0,1,0,1,1,1,1,1
77,77,PE,0,1,3,,0,1,0,1,0,1,0,1,0,1,1,1,1,1
78,78,A,0,1,3,,0,1,0,0,0,0,0,1,0,1,1,1,1,1
79,79,A,0,1,3,,1,1,0,0,0,0,0,1,0,1,0,0,1,1
80,80,SC,0,1,3,,1,0,0,0,0,0,0,1,0,1,1,1,1,1
81,81,SC,0,1,3,,0,1,0,1,0,0,0,1,0,1,1,1,1,1
82,82,SC,0,1,3,,1,1,0,1,0,0,0,1,0,1,1,1,1,1
83,83,SC,1,1,3,,1,1,0,1,1,0,1,0,0,1,1,1,1,1
84,84,O,0,1,3,,0,0,0,1,0,0,0,1,0,1,1,1,1,1
85,85,O,0,1,3,,0,0,1,0,1,0,1,0,1,1,1,1,1,1
86,86,O,0,1,3,,0,0,0,1,0,0,0,1,0,1,1,1,1,1
87,87,O,0,1,3,,0,0,0,1,0,0,0,1,0,1,1,1,1,1
88,88,O,0,1,3,,0,0,0,1,0,0,0,1,1,1,1,1,1,1
89,89,O,0,1,3,,0,0,0,0,0,0,0,1,0,1,1,1,1,1
90,90,O,0,1,3,,0,0,0,0,0,0,0,1,0,1,1,1,1,1
91,91,SE,0,1,3,,1,0,0,1,0,1,0,1,0,1,1,1,0,1
92,92,SE,0,1,3,,1,0,0,1,0,0,0,1,1,1,1,1,1,1
93,93,SE,0,1,3,,1,0,0,1,0,1,0,1,0,1,1,1,0,1
94,94,SE,0,1,3,,1,0,0,1,0,0,0,1,0,1,1,1,1,1
95,95,SE,0,1,3,,1,0,0,1,0,1,0,1,0,1,1,1,1,1
96,96,SE,0,1,3,,1,0,0,1,0,0,0,1,0,1,1,1,1,1
97,97,SE,1,1,3,,1,0,1,1,1,0,1,1,0,1,1,1,1,1
98,98,SE,1,1,3,,1,0,0,1,0,0,0,1,0,1,1,1,1,1
99,99,SE,0,1,3,,0,0,0,1,1,1,1,1,0,1,1,1,1,1
100,100,SE,0,1,3,,1,0,0,1,0,0,0,1,0,1,1,0,1,1
101,101,F,1,0,3,,0,1,1,0,1,0,1,0,0,1,1,1,1,1
102,102,F,1,0,3,,1,0,0,0,0,0,0,1,0,1,1,1,1,1
103,103,F,1,0,3,,1,0,0,1,0,0,0,1,0,1,1,1,1,1
104,104,F,1,0,3,,0,0,0,0,0,0,0,1,0,1,1,1,1,1
105,105,F,1,0,3,,1,0,0,1,0,0,0,1,0,1,1,1,1,1
106,106,F,1,0,3,,0,0,0,0,1,0,1,0,0,1,1,1,1,1
107,107,F,1,0,3,,0,0,0,0,1,0,1,0,0,1,1,1,1,1
108,108,F,1,0,3,,1,0,0,1,0,0,0,1,0,1,1,1,1,1
109,109,F,1,0,3,,1,0,0,1,0,0,0,1,0,1,1,1,1,1
110,110,F,1,0,3,,1,0,1,1,0,0,0,1,0,1,1,1,1,1
111,111,F,1,0,3,,1,0,0,1,0,0,0,1,0,1,1,1,1,1
112,112,F,0,0,3,,0,0,0,1,0,0,0,1,0,1,0,0,1,1
113,113,F,0,0,3,,1,0,0,1,0,0,0,1,1,1,0,0,1,1
114,114,F,0,0,3,,1,0,0,1,0,0,0,1,0,1,0,0,1,1
115,115,F,1,0,3,,1,0,0,1,0,0,0,1,1,1,1,1,1,1
116,116,F,0,0,3,,0,0,0,1,1,0,1,1,1,1,1,1,1,1
117,117,F,1,0,3,,1,0,1,0,1,0,1,1,0,1,1,1,1,1
118,118,F,1,0,3,,1,0,0,1,0,0,0,1,1,1,1,1,1,1
119,119,F,1,0,3,,1,0,1,1,1,0,0,1,0,1,1,1,1,1
120,120,F,1,0,3,,0,0,0,1,1,0,1,1,0,1,1,1,1,1
121,121,F,1,0,3,,1,0,0,1,0,0,0,1,0,1,1,1,1,1
122,122,F,0,0,3,,1,0,0,1,1,0,0,1,0,1,1,1,1,1
123,123,F,1,0,3,,1,0,0,1,0,0,0,1,0,1,1,1,1,1
124,124,F,0,0,3,,0,0,0,1,0,0,0,1,0,1,1,1,1,1
125,125,F,1,0,3,,1,0,0,1,0,0,0,1,0,1,1,1,1,1
126,126,F,1,0,3,,1,0,0,1,0,0,0,1,1,1,1,1,1,1
127,127,F,1,0,3,,1,1,1,1,0,0,0,1,1,1,1,1,1,1
128,128,F,1,0,3,,1,0,1,1,0,1,0,1,1,1,1,1,1,1
129,129,F,1,0,3,,1,0,0,1,0,0,0,1,1,1,1,1,1,1
130,130,F,1,0,3,,1,0,1,0,0,0,0,1,0,1,1,1,1,1
131,131,F,1,0,3,,1,0,1,1,0,0,0,1,0,1,1,1,1,1
132,132,F,1,0,3,,1,0,1,1,1,1,0,1,1,1,1,1,1,1
133,133,F,1,0,3,,1,0,1,1,1,0,0,1,0,1,1,1,1,1
134,134,F,1,0,3,,1,0,1,1,1,0,1,1,0,1,1,1,1,1
135,135,F,1,0,3,,1,0,0,1,0,0,0,1,0,1,1,1,1,1
136,136,F,1,0,3,,1,0,0,1,0,0,0,1,1,1,1,1,1,1
137,137,F,1,0,3,,1,0,0,1,0,0,0,1,0,1,1,1,1,1
138,138,F,1,0,3,,1,0,0,1,0,0,0,1,0,1,1,1,1,1
139,139,F,1,0,3,,1,0,0,1,0,1,0,1,0,1,1,1,1,1
140,140,F,1,0,3,,1,0,0,1,0,1,0,1,0,1,1,1,1,1
141,141,F,1,0,3,,1,0,0,1,0,1,0,1,0,1,1,1,1,1
142,142,F,1,0,3,,1,0,0,1,0,1,0,1,0,1,1,1,1,1
143,143,F,1,0,3,,1,0,1,1,0,0,0,1,1,1,1,1,1,1
144,144,F,1,0,3,,1,0,1,1,0,0,0,1,1,1,1,1,1,1
145,145,F,1,0,3,,1,0,1,1,0,0,0,1,1,1,1,1,1,1
146,146,F,1,0,3,,1,0,1,1,0,0,0,1,1,1,1,1,1,1
147,147,F,1,0,3,,1,0,1,1,0,0,0,1,1,1,1,1,1,1
148,148,LF,0,1,4,,0,0,0,1,0,1,0,1,0,1,1,1,1,1
149,149,LF,0,1,4,,0,0,1,1,0,0,0,1,0,1,1,1,1,1
150,150,US,0,1,4,,0,0,1,1,1,0,1,0,0,1,1,1,1,1
151,151,US,0,1,4,,1,1,0,0,0,1,0,1,1,1,1,1,1,1
152,152,US,0,1,4,,1,1,0,1,0,1,0,1,0,1,1,1,1,1
153,153,US,0,1,4,,1,1,0,1,0,1,0,1,0,1,1,1,1,1
154,154,PE,0,1,4,,0,1,0,1,0,0,0,1,0,1,1,1,1,1
155,155,PE,0,1,4,,1,1,0,1,0,0,0,1,0,1,1,1,1,1
156,156,O,0,1,4,,0,1,0,1,0,0,0,1,0,1,1,1,1,1
157,157,O,0,1,4,,1,0,0,0,1,0,1,1,0,1,1,1,1,1
158,158,O,0,1,4,,1,0,0,1,1,0,1,1,0,1,1,1,1,1
159,159,O,0,1,4,,1,0,0,1,1,0,1,1,0,1,1,1,1,1
160,160,O,0,1,4,,1,0,0,0,1,0,1,1,0,1,1,1,1,1
161,161,O,0,1,4,,1,0,0,0,1,0,1,1,1,1,1,1,1,1
162,162,SE,0,1,4,,1,0,0,1,1,1,1,1,0,1,1,1,1,1
163,163,SE,1,1,4,,1,0,0,1,0,0,0,1,0,1,1,1,0,1
164,164,SE,0,1,4,,0,0,0,1,1,1,1,1,0,1,1,1,1,1
165,165,SE,0,1,4,,0,0,0,1,0,1,0,1,0,1,1,1,1,1
166,166,SE,1,0,4,,1,0,0,1,1,0,1,1,0,1,1,1,1,1
167,167,SE,1,0,4,,0,0,0,1,1,0,1,0,0,1,1,1,1,1
168,168,SE,0,1,4,,1,0,0,0,1,1,1,1,1,1,0,0,1,1
169,169,SE,0,1,4,,1,0,0,1,0,1,0,1,0,1,0,0,1,1
170,170,SE,1,1,4,,1,0,0,1,0,0,0,1,0,1,1,1,1,1
171,171,SE,0,0,4,,1,0,0,0,1,0,1,1,0,1,1,1,1,1
172,172,L,0,1,4,,0,0,0,1,0,0,0,1,0,1,1,1,1,1
173,173,L,0,1,4,,0,0,0,0,0,0,0,1,0,1,1,1,1,1
174,174,L,0,1,4,,1,0,0,1,0,0,0,1,0,1,1,1,1,1
175,175,L,0,1,4,,0,0,0,0,0,0,0,1,0,1,1,1,1,1
176,176,L,1,1,4,,1,0,0,1,0,1,0,1,0,1,1,1,1,1
177,177,L,1,1,4,,1,0,0,1,1,0,1,1,0,1,1,1,1,1
178,178,F,0,1,4,,0,0,0,1,0,0,0,1,0,1,1,1,1,1
179,179,F,0,1,4,,1,0,0,0,0,0,0,1,0,1,1,1,1,1
180,180,F,0,1,4,,1,0,0,1,0,0,0,1,0,1,1,1,1,1
181,181,F,0,1,4,,1,0,0,1,0,0,0,1,0,1,1,1,1,1
182,182,F,0,1,4,,1,0,0,1,0,0,0,1,0,1,1,1,1,1
183,183,F,1,1,4,,1,0,0,1,0,0,0,1,0,1,1,1,1,1
184,184,F,1,0,4,,1,0,1,1,0,0,0,1,0,1,1,1,1,1
185,185,F,1,0,4,,1,0,1,1,0,0,0,1,0,1,1,1,1,1
186,186,F,1,0,4,,1,0,1,1,1,0,1,1,0,1,1,1,1,1
187,187,F,1,0,4,,1,1,0,1,1,0,1,1,1,1,1,1,1,1
188,188,F,1,0,4,,1,0,0,1,1,0,1,1,0,1,1,1,1,1
189,189,F,1,0,4,,1,0,1,1,0,0,0,1,0,1,1,1,1,1
190,190,F,1,0,4,,1,0,0,1,1,1,1,1,0,1,1,1,1,1
191,191,F,1,0,4,,1,0,1,1,0,0,0,1,0,1,1,1,1,1
192,192,F,1,1,4,,1,1,0,0,0,0,0,1,0,1,1,1,1,1
193,193,F,1,1,4,,1,0,1,1,1,1,1,1,0,1,1,1,1,1
194,194,F,1,0,4,,1,0,1,1,0,0,0,1,0,1,0,0,1,1
195,195,F,1,0,4,,1,0,1,1,0,1,0,1,0,1,1,1,1,1
196,196,F,1,1,4,,1,0,0,1,1,0,1,1,0,1,1,1,1,1
197,197,F,1,0,4,,1,0,1,0,0,0,0,1,0,1,1,1,1,1
198,198,F,1,0,4,,1,0,1,1,1,0,1,1,0,1,1,1,1,1
199,199,F,1,0,4,,1,0,1,1,1,0,1,1,0,1,1,1,1,1
200,200,F,1,0,4,,1,0,0,1,1,0,1,1,1,1,1,1,1,1
201,201,F,1,1,4,,0,0,1,0,1,0,1,0,0,1,1,1,1,1
202,202,F,1,0,4,,0,1,0,1,1,0,1,0,0,1,1,1,1,1
203,203,O,0,1,5,,1,1,0,0,0,0,0,1,0,1,0,0,1,1
204,204,O,0,1,5,,1,1,0,0,0,0,0,1,0,1,0,0,1,1
205,205,O,0,1,5,,1,0,0,1,0,0,0,1,0,1,1,1,1,1
206,206,O,0,1,5,,0,0,0,1,0,0,0,1,0,1,1,1,1,1
207,207,O,0,1,5,,0,0,0,1,0,0,0,1,0,1,1,1,1,1
208,208,LF,0,1,5,,0,0,0,1,0,0,0,1,0,1,1,1,1,1
209,209,LF,0,1,5,,0,0,0,1,0,0,0,1,0,1,1,1,1,1
210,210,LF,0,1,5,,0,0,0,0,0,0,0,1,0,1,1,1,1,1
211,211,US,0,1,5,,0,1,0,0,0,0,0,1,0,1,1,1,1,1
212,212,US,0,1,5,,1,1,0,0,0,0,0,1,0,1,1,1,1,1
213,213,US,0,1,5,,1,1,0,0,0,0,0,1,0,1,1,1,1,1
214,214,US,0,1,5,,0,1,0,1,1,0,1,1,1,1,1,1,1,1
215,215,US,0,1,5,,1,1,0,0,1,1,1,1,0,1,1,1,1,1
216,216,PE,0,1,5,,0,1,0,1,1,1,1,1,0,1,1,1,1,1
217,217,PE,0,1,5,,0,1,0,1,1,1,1,1,0,1,1,1,1,1
218,218,PE,1,1,5,,0,1,0,1,1,0,1,0,0,1,1,1,1,1
219,219,PE,1,1,5,,0,1,0,1,1,0,1,1,0,1,1,1,1,1
220,220,A,0,1,5,,0,1,0,1,1,1,1,1,0,1,1,1,1,1
221,221,A,0,1,5,,1,1,0,1,0,0,0,1,0,1,1,1,1,1
222,222,SC,0,1,5,,1,1,0,1,0,0,0,1,0,1,1,1,1,1
223,223,SC,0,1,5,,0,0,0,1,0,0,0,1,0,1,1,1,1,1
224,224,SC,0,1,5,,1,1,0,1,0,0,0,1,0,1,1,1,1,1
225,225,O,0,1,5,,0,0,0,1,1,0,0,1,0,1,1,1,1,1
226,226,O,0,1,5,,0,1,0,0,0,1,0,1,0,1,1,1,1,1
227,227,O,0,1,5,,0,0,0,1,0,0,0,1,0,1,1,1,1,1
228,228,O,0,1,5,,1,0,0,1,1,0,1,0,0,1,0,0,1,1
229,229,O,0,1,5,,0,0,0,1,1,0,1,0,0,1,1,1,1,1
230,230,SE,1,1,5,,1,0,0,1,0,0,0,1,0,1,1,1,1,1
231,231,SE,1,1,5,,1,0,0,1,0,0,0,1,0,1,1,1,1,1
232,232,SE,1,1,5,,1,0,0,1,0,1,0,1,0,1,1,1,1,1
233,233,SE,0,1,5,,0,0,0,1,1,0,1,0,0,1,1,1,1,1
234,234,SE,0,1,5,,1,1,0,0,0,0,0,1,0,1,0,0,1,1
235,235,SE,0,1,5,,0,0,0,0,0,0,0,1,0,1,1,1,1,1
236,236,SE,0,1,5,,1,0,0,1,0,0,0,1,0,1,1,1,1,1
237,237,L,0,1,5,,0,0,0,0,0,0,0,1,0,1,1,1,1,1
238,238,L,0,1,5,,0,0,1,1,0,0,0,1,0,1,1,1,1,1
239,239,L,0,1,5,,0,0,0,0,0,0,0,1,0,1,1,1,1,1
240,240,F,1,0,5,,1,0,1,1,0,0,0,1,0,1,1,1,1,1
241,241,F,0,0,5,,1,0,0,0,0,0,0,1,0,1,0,0,1,1
242,242,F,0,0,5,,1,0,0,0,0,0,0,1,0,1,0,0,1,1
243,243,F,1,0,5,,1,0,0,0,0,0,0,1,0,1,1,1,1,1
244,244,F,0,0,5,,0,1,0,0,0,1,0,1,0,1,0,0,1,1
245,245,F,1,0,5,,1,0,0,1,0,0,0,1,0,1,1,1,1,1
246,246,F,1,0,5,,1,0,0,1,0,0,0,1,0,1,1,1,1,1
247,247,F,1,0,5,,1,0,0,1,0,0,0,1,0,1,1,1,1,1
248,248,F,1,0,5,,0,0,0,1,1,0,1,0,0,1,1,1,1,1
249,249,F,1,0,5,,1,0,0,1,1,0,1,1,0,1,1,1,1,1
250,250,F,1,0,5,,1,0,1,1,0,0,0,1,0,1,1,1,1,1
251,251,F,1,0,5,,1,0,1,1,0,0,0,1,0,1,1,1,1,1
252,252,F,1,0,5,,0,0,0,1,0,0,0,1,0,1,1,1,1,1
253,253,F,1,0,5,,0,1,0,1,1,0,1,1,0,1,1,1,1,1
254,254,F,1,0,5,,1,0,1,1,0,0,0,1,0,1,1,1,1,1
255,255,F,1,0,5,,0,0,0,1,1,0,1,0,0,1,1,1,1,1
256,256,F,1,0,5,,1,0,0,1,0,0,0,1,0,1,1,1,1,1
257,257,F,1,0,5,,1,0,0,1,1,0,1,1,0,1,1,1,1,1
258,258,F,1,0,5,,1,0,0,0,0,0,0,1,0,1,0,0,1,1
259,259,F,1,0,5,,1,0,0,1,0,0,0,1,0,1,1,1,1,1
260,260,F,1,0,5,,0,0,1,1,1,0,1,0,0,1,1,0,1,1
261,261,F,1,0,5,,1,0,1,1,0,0,0,1,0,1,1,1,1,1
262,262,F,1,0,5,,1,0,1,1,0,0,0,1,0,1,1,1,1,1
263,263,F,1,0,5,,1,0,0,1,0,0,0,1,0,1,1,1,1,1
264,264,F,1,0,5,,1,0,1,1,0,0,0,1,0,1,1,1,1,1
265,265,F,1,0,5,,1,0,0,1,0,0,0,1,0,1,1,1,1,1
266,266,F,1,0,5,,0,0,0,0,1,0,1,0,0,1,1,1,1,1
267,267,F,1,0,5,,0,0,0,1,0,0,0,1,0,1,1,1,1,1
268,268,F,1,0,5,,1,0,0,1,0,0,0,1,0,1,0,0,1,1
269,269,F,1,0,5,,0,0,0,1,1,0,1,0,0,1,1,1,1,1
270,270,F,1,0,5,,1,0,1,1,0,1,0,1,0,1,1,1,1,1
271,271,F,1,0,5,,1,0,1,1,0,0,0,1,0,1,1,1,1,1
272,272,F,1,0,5,,0,0,0,0,0,0,0,1,0,1,1,1,1,1
273,273,F,0,0,5,,1,0,0,1,0,0,0,1,0,1,1,1,1,1
274,274,F,1,0,5,,1,0,0,1,0,0,0,1,0,1,0,0,1,1
275,275,F,1,0,5,,0,0,0,1,1,0,1,0,0,1,1,0,1,1
276,276,O,0,1,6,,0,0,0,1,1,0,1,1,0,1,1,1,1,1
277,277,O,0,1,6,,0,0,0,0,1,1,1,1,0,1,1,1,1,1
278,278,O,0,1,6,,1,0,1,1,1,0,1,1,0,1,1,1,1,1
279,279,O,0,1,6,,1,0,0,1,0,0,0,1,1,1,1,1,1,1
280,280,O,0,1,6,,0,0,0,1,1,0,0,1,0,1,1,1,1,1
281,281,LF,0,1,6,,1,0,0,1,0,0,0,1,0,1,1,1,1,1
282,282,LF,0,1,6,,1,0,0,1,0,0,0,1,0,1,0,0,1,1
283,283,US,0,1,6,,1,1,1,1,0,1,0,1,0,1,1,1,1,1
284,284,US,0,1,6,,1,1,0,0,0,1,0,1,0,1,1,1,1,1
285,285,US,0,1,6,,1,1,1,0,0,1,0,1,0,1,1,1,1,1
286,286,US,1,1,6,,1,0,0,1,0,0,0,1,0,1,1,1,1,1
287,287,US,0,1,6,,0,0,0,0,0,0,0,1,1,1,1,1,1,1
288,288,US,0,1,6,,1,1,0,1,0,1,0,1,1,1,1,1,1,1
289,289,US,0,1,6,,1,0,0,1,0,0,0,1,0,1,1,1,1,1
290,290,US,1,1,6,,0,0,0,1,0,0,0,1,0,1,1,1,1,1
291,291,US,0,1,6,,0,0,0,0,0,0,0,1,0,1,1,1,1,1
292,292,PE,0,1,6,,1,1,0,0,0,1,0,1,0,1,1,1,1,1
293,293,A,0,1,6,,1,1,0,0,0,1,0,1,0,1,1,1,1,1
294,294,FT,1,1,6,,1,0,1,0,0,0,0,1,0,1,1,1,1,1
295,295,SC,0,1,6,,1,1,0,1,0,0,0,1,0,1,1,1,1,1
296,296,SC,0,1,6,,1,1,0,0,0,0,0,1,0,1,1,1,1,1
297,297,SC,0,1,6,,0,1,0,0,1,1,1,0,0,1,1,1,1,1
298,298,O,0,1,6,,0,0,0,0,1,0,1,0,0,1,1,1,1,1
299,299,O,0,1,6,,1,1,1,0,0,1,0,1,0,1,1,1,1,1
300,300,O,0,1,6,,0,1,0,1,0,1,0,1,0,1,1,1,1,1
301,301,O,0,1,6,,1,0,0,1,0,0,0,1,0,1,1,1,1,1
302,302,O,0,1,6,,0,0,0,1,0,0,0,1,0,1,1,1,1,1
303,303,O,0,1,6,,0,0,0,1,0,0,0,1,0,1,1,1,1,1
304,304,O,0,1,6,,0,1,0,0,0,0,0,1,1,1,1,1,1,1
305,305,US,0,1,6,,0,1,0,1,1,0,0,1,0,1,1,1,1,1
306,306,MN,0,1,6,,1,1,0,1,1,0,1,1,0,1,1,1,1,1
307,307,MN,0,1,6,,1,1,0,1,0,1,0,1,0,1,1,1,1,1
308,308,MN,0,1,6,,0,1,0,0,1,1,1,1,0,1,1,1,1,1
309,309,US,0,1,6,,1,1,0,1,0,0,0,1,0,1,1,1,1,1
310,310,MN,0,1,6,,1,0,0,1,0,1,0,1,0,1,1,1,1,1
311,311,US,0,1,6,,1,1,0,1,1,0,1,1,1,1,1,1,1,1
312,312,O,0,1,6,,0,0,0,1,1,0,1,1,1,1,1,1,1,1
313,313,O,0,1,6,,0,1,0,0,1,0,0,1,0,1,1,1,1,1
314,314,SE,0,1,6,,1,1,0,1,0,1,0,1,0,1,1,1,1,1
315,315,SE,1,1,6,,1,1,0,1,0,0,0,1,0,1,1,1,1,1
316,316,SE,0,1,6,,1,0,1,1,1,0,0,1,0,1,1,1,1,1
317,317,SE,0,1,6,,1,1,0,1,1,0,1,1,1,1,1,1,1,1
318,318,FT,0,1,6,,1,1,0,1,0,1,0,1,1,1,1,1,1,1
319,319,SE,0,1,6,,1,1,1,1,0,0,0,1,0,1,1,1,1,1
320,320,SC,0,1,6,,1,1,0,0,0,0,0,1,0,1,1,1,1,1
321,321,US,1,1,6,,1,1,1,0,0,0,0,1,0,1,1,1,1,1
322,322,O,0,1,6,,0,0,0,0,1,0,1,0,1,1,1,1,1,1
323,323,F,1,0,6,,1,0,0,0,0,0,0,1,0,1,0,0,1,1
324,324,F,1,0,6,,1,0,0,0,0,0,0,1,0,1,1,1,1,1
325,325,F,1,0,6,,1,0,1,0,0,0,0,1,0,1,1,0,1,1
326,326,F,1,0,6,,1,0,0,0,0,0,0,1,0,1,1,1,1,1
327,327,F,1,0,6,,1,0,0,0,0,0,0,1,0,1,0,0,1,1
328,328,F,1,0,6,,1,0,0,1,0,0,0,1,0,1,0,0,1,1
329,329,F,1,0,6,,1,0,0,1,0,0,0,1,0,1,0,0,1,1
330,330,F,1,0,6,,1,0,0,0,0,0,0,1,0,1,0,0,1,1
331,331,F,1,0,6,,1,0,0,1,0,0,0,1,0,1,0,0,1,1
332,332,F,1,0,6,,1,0,0,1,0,0,0,1,0,1,0,0,1,1
333,333,F,1,0,6,,1,0,0,0,0,0,0,1,0,1,0,0,1,1
334,334,F,1,0,6,,1,0,0,1,0,0,0,1,0,1,1,1,1,1
335,335,F,1,0,6,,1,0,0,0,1,0,1,0,0,1,1,1,1,1
336,336,F,1,0,6,,1,0,1,0,0,0,0,1,0,1,1,1,1,1
337,337,F,1,0,6,,1,0,1,0,0,0,0,1,0,1,1,1,1,1
338,338,F,1,0,6,,1,0,0,1,0,0,0,1,0,1,0,0,1,1
339,339,F,1,0,6,,1,0,0,0,0,0,0,1,0,1,1,0,1,1
340,340,F,1,0,6,,1,0,0,0,0,0,0,1,0,1,1,1,1,1
341,341,F,1,0,6,,1,0,0,0,0,0,0,1,0,1,1,1,1,1
342,342,F,1,0,6,,1,0,0,1,0,0,0,1,0,1,0,0,1,1
343,343,F,1,0,6,,1,0,0,0,1,0,1,1,0,1,0,0,1,1
344,344,F,1,0,6,,1,0,0,0,0,0,0,1,0,1,1,1,1,1
345,345,F,1,0,6,,1,0,0,1,0,0,0,1,0,1,1,1,1,1
346,346,F,1,0,6,,1,0,0,1,0,0,0,1,1,1,1,1,1,1
347,347,F,1,1,6,,1,0,0,1,0,0,0,1,0,1,0,0,1,1
348,348,F,0,1,6,,1,0,0,1,0,0,0,1,0,1,0,0,1,1
349,349,F,1,0,6,,1,0,0,1,0,0,0,1,0,1,1,1,1,1
350,350,PE,1,1,7,,1,1,0,1,0,0,0,1,1,1,1,1,1,1
351,351,PE,0,1,7,,0,1,0,1,0,0,0,1,0,1,1,1,1,1
352,352,O,0,1,7,,1,0,0,1,0,1,0,1,0,1,0,0,1,1
353,353,O,1,1,7,,1,0,0,0,0,1,0,1,0,1,1,1,1,1
354,354,SE,0,1,7,,1,0,0,1,0,0,0,1,0,1,1,1,1,1
355,355,SE,0,1,7,,1,0,0,1,0,1,0,1,0,1,1,1,1,1
356,356,L,0,1,7,,1,0,1,1,0,1,0,1,0,1,1,1,1,1
357,357,O,0,1,7,,1,0,1,1,0,0,0,1,0,1,1,1,1,1
358,358,F,1,0,7,,1,0,0,0,0,0,0,1,0,1,1,1,1,1
359,359,F,1,0,7,,0,0,0,1,0,0,0,1,0,1,1,1,1,1
360,360,F,1,0,7,,1,0,0,1,0,1,0,1,0,1,1,1,1,1
361,361,F,1,0,7,,1,0,0,0,0,0,0,1,0,1,0,0,1,1
362,362,F,1,0,7,,1,0,0,0,0,0,0,1,1,1,0,1,0,1
363,363,F,1,0,7,,1,0,0,1,0,0,0,1,0,1,0,0,0,1
364,364,F,1,0,7,,0,0,0,1,1,1,1,0,1,1,1,0,1,1
365,365,F,1,0,7,,0,0,0,1,1,0,1,0,1,1,1,0,0,1
366,366,F,1,0,7,,1,0,1,0,0,0,0,1,0,1,1,0,0,1
367,367,F,1,0,7,,1,0,1,0,0,0,0,1,0,1,1,1,1,1
368,368,F,0,1,7,,1,0,0,1,0,0,0,1,0,1,1,1,1,1
369,369,F,1,0,7,,0,1,0,1,0,0,0,1,0,1,1,1,1,1
370,370,F,0,1,7,,1,0,0,0,0,0,0,1,0,1,0,0,1,1
371,371,F,1,0,7,,1,0,1,1,0,0,0,1,0,1,1,1,1,1
372,372,F,1,0,7,,1,0,0,1,0,1,0,1,0,1,0,0,1,1
373,373,PE,1,1,8,,1,1,0,1,0,1,0,1,0,1,1,1,1,1
374,374,PE,1,1,8,,1,1,0,1,0,0,0,1,0,1,1,1,1,1
375,375,PE,1,1,8,,1,1,0,0,0,0,0,1,0,1,1,1,1,1
376,376,PE,1,1,8,,0,1,0,1,0,0,0,1,1,1,1,1,1,1
377,377,PE,1,1,8,,0,1,0,1,0,0,0,1,0,1,1,1,1,1
378,378,PE,1,1,8,,1,1,0,0,0,1,0,1,0,1,1,1,1,1
379,379,PE,1,1,8,,1,1,0,1,0,1,0,1,0,1,1,1,1,1
380,380,PE,1,1,8,,1,1,0,1,1,1,1,1,0,1,1,1,1,1
381,381,PE,1,1,8,,1,1,0,0,0,0,0,1,0,1,1,1,1,1
382,382,PE,0,1,8,,0,1,0,0,0,0,0,1,0,1,1,1,0,1
383,383,PE,1,1,8,,1,1,0,1,0,0,0,1,0,1,1,1,1,1
384,384,LF,0,1,8,,0,0,0,0,0,0,0,1,0,1,1,1,1,1
385,385,LF,0,1,8,,1,0,0,1,0,0,0,1,1,1,1,1,1,1
386,386,LF,0,1,8,,0,0,0,1,0,0,0,1,0,1,0,0,1,1
387,387,US,0,1,8,,0,1,0,1,1,0,0,1,0,1,1,1,1,1
388,388,US,0,1,8,,1,1,0,0,0,1,0,1,0,1,1,1,1,1
389,389,US,1,1,8,,1,1,0,1,0,0,0,1,0,1,1,1,1,1
390,390,US,0,1,8,,1,1,0,1,0,0,0,1,0,1,1,1,1,1
391,391,US,0,1,8,,1,1,0,1,0,0,0,1,0,1,1,1,1,1
392,392,US,1,1,8,,1,0,0,0,0,0,0,1,0,1,0,0,1,1
393,393,US,1,1,8,,1,1,0,1,0,1,0,1,0,1,1,1,1,1
394,394,US,0,1,8,,1,0,0,1,0,1,0,1,0,1,1,1,1,1
395,395,US,0,1,8,,1,0,0,1,0,1,0,1,0,1,1,1,1,1
396,396,PE,0,1,8,,1,1,0,1,0,1,0,1,0,1,1,1,1,1
397,397,PE,0,1,8,,1,1,0,1,0,1,0,0,1,1,1,1,1,1
398,398,PE,0,1,8,,1,1,0,1,0,1,0,1,0,1,1,1,1,1
399,399,PE,0,1,8,,1,0,1,0,0,1,0,0,0,1,1,1,1,1
400,400,SE,0,1,8,,0,0,0,1,1,1,1,0,0,1,1,1,1,1
401,401,A,0,1,8,,1,1,0,0,0,0,0,1,0,1,1,1,1,1
402,402,A,0,1,8,,1,1,0,0,0,0,0,1,0,1,0,0,1,1
403,403,A,1,1,8,,0,0,0,0,1,0,1,0,0,1,1,1,1,1
404,404,FT,0,1,8,,0,0,0,0,0,1,0,1,0,1,0,0,1,1
405,405,FT,0,1,8,,0,0,0,0,0,1,0,1,0,1,0,0,1,1
406,406,SC,0,1,8,,1,1,0,1,0,0,0,1,0,1,0,0,1,1
407,407,SC,0,1,8,,1,1,0,1,1,0,1,1,0,1,0,0,1,1
408,408,SC,0,1,8,,1,1,0,1,0,0,0,1,0,1,1,1,1,1
409,409,SC,0,1,8,,1,1,0,0,0,0,0,1,0,1,0,1,1,1
410,410,MN,0,1,8,,0,1,0,1,1,0,1,0,0,1,1,1,1,1
411,411,O,0,1,8,,0,0,0,0,1,0,1,0,0,1,1,1,1,1
412,412,O,0,1,8,,1,0,1,1,1,0,1,0,0,1,0,0,1,1
413,413,O,0,1,8,,0,1,0,1,0,0,0,1,0,1,1,1,1,1
414,414,O,0,1,8,,1,0,0,0,0,0,0,1,0,1,1,1,1,1
415,415,O,0,1,8,,0,0,0,0,0,1,0,1,0,1,1,1,0,1
416,416,O,0,1,8,,0,1,0,0,1,0,1,0,0,1,1,1,0,1
417,417,O,0,1,8,,0,0,0,0,1,0,1,1,0,1,1,1,0,1
418,418,MN,0,1,8,,1,0,0,1,0,0,0,1,0,1,1,1,1,1
419,419,PE,1,1,8,,1,1,0,1,0,0,0,1,0,1,1,1,1,1
420,420,PE,1,1,8,,1,1,0,1,0,0,0,1,0,1,1,1,1,1
421,421,A,0,1,8,,1,1,0,1,0,0,0,1,0,1,1,1,1,1
422,422,US,1,0,8,,1,0,0,1,0,0,0,1,0,1,1,1,1,1
423,423,A,0,1,8,,1,1,0,1,0,0,0,1,0,1,1,1,1,1
424,424,O,0,1,8,,0,1,0,1,1,0,0,1,0,1,1,1,1,1
425,425,SE,0,1,8,,1,0,0,1,0,1,0,1,0,1,0,0,0,1
426,426,SE,0,1,8,,1,1,0,0,0,1,0,1,0,1,1,1,1,1
427,427,SE,0,1,8,,1,0,0,1,0,1,0,1,0,1,1,1,1,1
428,428,SE,0,1,8,,1,0,0,1,0,1,0,1,0,1,0,0,1,1
429,429,SE,0,1,8,,1,0,0,1,0,1,0,1,0,1,0,0,0,1
430,430,SE,0,1,8,,1,0,0,1,1,1,1,1,0,1,0,1,1,1
431,431,SE,0,1,8,,1,0,0,1,0,0,0,1,0,1,1,1,1,1
432,432,SE,0,1,8,,1,0,1,1,1,0,1,0,0,1,1,1,1,1
433,433,SE,1,1,8,,0,0,0,1,0,0,0,1,0,1,1,1,1,1
434,434,SE,1,0,8,,1,0,0,0,0,0,0,1,0,1,1,1,1,1
435,435,SE,0,1,8,,1,0,0,1,0,1,0,1,0,1,1,1,1,1
436,436,SE,0,1,8,,1,0,0,1,1,1,1,0,0,1,1,1,1,1
437,437,SE,0,1,8,,0,0,0,0,1,0,1,0,0,1,1,1,1,1
438,438,SE,0,1,8,,1,0,0,1,0,0,0,1,0,1,1,1,1,1
439,439,LF,0,1,8,,0,0,0,0,0,0,0,1,0,1,1,1,1,1
440,440,LF,0,1,8,,0,0,0,1,0,0,0,1,0,1,1,1,1,1
441,441,LF,0,1,8,,1,0,0,0,0,1,0,1,0,1,1,1,1,1
442,442,O,0,1,8,,1,0,0,0,0,0,0,1,0,1,1,1,1,1
443,443,L,0,1,8,,1,0,1,1,0,0,0,1,0,1,1,1,1,1
444,444,L,0,1,8,,0,0,0,0,0,0,0,1,0,1,1,1,1,1
445,445,L,0,1,8,,0,0,0,0,0,0,0,1,0,1,1,1,1,1
446,446,F,1,0,8,,0,0,0,0,0,0,0,1,0,1,1,1,1,1
447,447,F,1,0,8,,1,0,1,0,0,0,0,1,0,1,1,0,1,1
448,448,F,1,0,8,,1,0,0,0,0,0,0,1,0,1,0,1,1,1
449,449,F,1,0,8,,1,1,0,1,0,0,0,0,0,1,1,1,0,1
450,450,F,1,0,8,,1,0,1,1,0,0,0,1,0,1,1,1,0,1
451,451,F,1,0,8,,1,0,0,1,0,0,0,1,0,1,1,1,0,1
452,452,F,1,0,8,,1,0,0,1,0,0,0,1,0,1,1,1,1,1
453,453,F,1,0,8,,1,0,1,0,0,0,0,1,0,1,1,0,1,1
454,454,F,1,0,8,,0,0,0,1,0,0,0,1,0,1,1,1,1,1
455,455,F,1,0,8,,1,0,0,1,0,0,0,1,0,1,1,1,0,1
456,456,F,1,0,8,,1,1,0,1,1,1,1,1,0,1,1,1,1,1
457,457,F,1,0,8,,1,0,0,0,0,0,0,1,1,1,1,1,1,1
458,458,F,1,0,8,,0,0,0,1,1,0,1,0,1,1,1,1,1,1
459,459,F,1,0,8,,1,0,0,1,0,1,0,1,0,1,0,0,0,1
460,460,F,1,0,8,,1,1,0,0,1,1,1,1,0,1,1,1,1,1
461,461,F,1,0,8,,1,0,1,1,0,0,0,1,0,1,1,1,1,1
462,462,F,1,1,8,,0,0,0,1,1,0,1,0,0,1,1,1,1,1
463,463,F,1,0,8,,1,0,0,1,1,1,1,1,0,1,1,1,1,1
464,464,F,1,1,8,,0,0,0,1,1,0,1,0,0,1,1,1,1,1
465,465,F,0,1,8,,1,0,0,1,0,0,0,1,0,1,1,1,1,1
466,466,PE,0,1,9,,0,1,0,1,1,1,1,0,0,1,1,1,1,1
467,467,PE,0,1,9,,0,1,1,1,0,0,0,1,0,1,1,1,1,1
468,468,PE,1,0,9,,1,1,0,1,0,0,0,1,0,1,1,1,1,1
469,469,PE,0,1,9,,0,1,1,1,1,0,1,1,0,1,1,1,1,1
470,470,O,0,1,9,,0,0,0,1,0,0,0,1,0,1,1,1,1,1
471,471,O,0,1,9,,1,0,0,1,0,1,0,1,1,1,1,1,1,1
472,472,A,0,1,9,,0,1,0,1,0,0,0,1,0,1,1,1,1,1
473,473,MN,0,1,9,,0,0,0,1,1,0,1,0,0,1,1,1,0,1
474,474,F,1,0,9,,1,0,0,1,0,0,0,1,0,1,0,0,1,1
475,475,F,1,0,9,,1,0,0,0,1,0,0,1,0,1,1,1,1,1
476,476,F,1,0,9,,1,0,0,1,1,0,1,1,0,1,1,1,1,1
477,477,F,1,0,9,,1,0,1,1,0,0,0,1,0,1,1,1,1,1
478,478,F,1,0,9,,1,0,1,0,0,0,0,1,0,1,1,0,1,1
479,479,F,1,0,9,,0,0,0,1,0,1,0,1,0,1,1,1,1,1
480,480,F,1,0,9,,0,0,0,1,1,1,1,1,0,1,1,1,1,1
481,481,F,1,0,9,,0,0,0,1,1,1,1,1,0,1,1,1,1,1
482,482,F,1,0,9,,1,0,1,1,0,0,0,1,0,1,1,1,1,1
483,483,F,1,0,9,,1,0,1,0,0,0,0,1,0,1,1,1,1,1
484,484,F,1,0,9,,1,0,1,1,0,0,0,1,0,1,1,1,1,1
485,485,F,1,0,9,,1,0,1,0,1,0,0,1,0,1,1,1,1,1
486,486,F,1,0,9,,1,0,1,0,0,0,0,1,0,1,0,0,1,1
487,487,F,1,0,9,,1,0,1,1,0,0,0,1,0,1,1,0,1,1
488,488,F,1,0,9,,1,0,0,0,0,1,0,1,0,1,1,1,1,1
489,489,F,1,0,9,,1,0,1,1,0,0,0,1,0,1,1,1,1,1
490,490,LF,0,1,10,,1,0,0,0,0,0,0,1,0,1,1,1,1,1
491,491,LF,0,1,10,,1,0,0,0,0,0,0,1,0,1,1,1,1,1
492,492,LF,0,1,10,,1,0,0,1,0,0,0,1,0,1,1,1,1,1
493,493,LF,1,1,10,,1,0,0,1,0,1,0,1,0,1,1,1,1,1
494,494,LF,1,1,10,,1,0,1,0,1,1,1,1,0,1,1,1,1,1
495,495,LF,1,1,10,,1,0,1,0,1,1,1,1,0,1,1,1,1,1
496,496,LF,1,1,10,,1,0,0,1,1,1,1,1,0,1,1,1,1,1
497,497,A,0,1,10,,0,1,0,0,0,0,0,1,0,1,1,1,1,1
498,498,PE,0,1,10,,1,0,0,1,0,1,0,1,0,1,1,1,1,1
499,499,PE,0,1,10,,1,1,0,1,0,1,0,1,0,1,1,1,1,1
500,500,PE,0,1,10,,1,0,0,0,0,0,0,1,0,1,1,1,1,1
501,501,US,0,1,10,,1,1,0,0,0,1,0,1,0,1,1,1,1,1
502,502,US,1,1,10,,1,0,0,1,0,0,0,1,0,1,1,1,1,1
503,503,SE,0,1,10,,1,0,0,0,0,0,0,1,0,1,1,1,1,1
504,504,PE,0,1,10,,1,1,0,1,0,1,0,1,0,1,1,1,1,1
505,505,F,1,0,10,,1,0,0,0,0,0,0,1,0,1,1,1,1,1
506,506,F,1,0,10,,1,0,0,0,0,0,0,1,0,1,1,1,1,1
507,507,F,1,0,10,,0,0,0,1,1,1,1,1,0,1,1,1,1,1
508,508,F,1,0,10,,1,0,0,0,0,0,0,1,0,1,1,1,1,1
509,509,F,1,0,10,,1,0,0,1,0,0,0,1,0,1,1,1,1,1
510,510,F,1,0,10,,1,1,0,0,0,0,0,1,0,1,1,1,1,1
511,511,F,1,0,10,,1,0,0,1,0,0,0,1,0,1,1,1,1,1
512,512,F,1,0,10,,1,0,0,1,1,1,1,1,0,1,1,1,1,1
513,513,F,1,0,10,,1,0,0,1,1,1,1,1,0,1,1,1,1,1
514,514,F,1,0,10,,1,0,0,1,0,0,0,1,0,1,1,1,1,1
515,515,F,1,0,10,,1,1,0,1,1,1,1,1,0,1,1,1,1,1
516,516,F,1,0,10,,1,0,0,0,0,1,0,1,0,1,1,1,1,1
517,517,F,1,0,10,,1,0,0,0,0,1,0,1,0,1,1,1,1,1
518,518,F,1,0,10,,1,0,0,0,0,1,0,1,0,1,1,1,1,1
519,519,F,1,0,10,,1,0,0,1,0,0,0,1,0,1,1,1,1,1
520,520,F,1,0,10,,1,1,0,1,0,1,0,1,0,1,1,1,1,1
521,521,F,1,0,10,,1,1,0,1,0,0,0,1,0,1,1,1,1,1
522,522,F,1,0,10,,1,0,0,1,0,0,0,1,0,1,1,1,1,1
523,523,F,1,0,10,,1,0,0,0,0,0,0,1,0,1,1,1,1,1
524,524,F,1,0,10,,1,0,0,1,0,0,0,1,0,1,1,1,1,1
525,525,F,1,0,10,,1,0,0,1,0,0,0,1,0,1,1,1,1,1
526,526,F,1,0,10,,1,0,0,0,0,0,0,1,0,1,1,1,1,1
527,527,F,1,0,10,,1,0,0,1,0,0,0,1,0,1,1,1,1,1
528,528,F,1,0,10,,1,0,0,1,0,0,0,1,0,1,1,1,1,1
529,529,F,1,0,10,,1,0,0,1,1,1,1,1,0,1,0,1,1,1
530,530,F,1,0,10,,1,0,0,1,0,1,0,1,0,1,1,1,1,1
531,531,F,1,0,10,,1,0,0,1,0,1,0,1,0,1,1,1,1,1
532,532,F,1,0,10,,1,0,0,1,0,1,0,1,0,1,1,1,1,1
533,533,F,1,0,10,,1,0,0,1,1,0,1,1,0,1,1,1,1,1
534,534,F,1,0,10,,1,0,0,1,1,0,1,1,0,1,1,1,1,1
535,535,F,1,0,10,,1,0,0,1,1,0,1,1,0,1,1,1,1,1
536,536,F,1,0,10,,1,0,0,0,1,0,1,1,0,1,0,0,1,1
537,537,F,1,0,10,,1,0,0,1,1,1,1,1,0,1,1,1,1,1
538,538,F,1,0,10,,1,0,0,0,0,0,0,1,0,1,1,1,1,1
539,539,F,1,0,10,,1,0,0,0,1,1,1,1,0,1,0,0,1,1
540,540,F,1,0,10,,1,0,1,0,1,1,1,1,0,1,1,1,1,1
541,541,F,1,0,10,,1,0,0,1,1,1,1,1,0,1,1,1,1,1
542,542,F,1,0,10,,1,0,0,0,1,1,1,1,0,1,1,1,1,1
543,543,US,0,1,11,,1,1,0,0,0,0,0,1,0,1,1,1,1,1
544,544,US,0,1,11,,1,1,0,0,0,1,0,1,0,1,1,1,1,1
545,545,PE,0,1,11,,1,1,0,1,0,1,0,1,0,1,1,1,1,1
546,546,PE,0,1,11,,0,1,0,1,0,0,0,1,0,1,1,1,1,1
547,547,PE,0,1,11,,0,1,0,1,0,1,0,0,0,1,1,1,1,1
548,548,A,0,1,11,,1,0,0,1,0,0,0,1,0,1,1,1,1,1
549,549,A,0,1,11,,0,0,0,0,0,0,0,1,0,1,1,1,1,1
550,550,MN,0,1,11,,1,0,0,0,0,0,0,1,0,1,0,0,1,1
551,551,SE,1,1,11,,1,0,0,1,1,0,1,1,0,1,0,0,1,1
552,552,SE,1,1,11,,1,0,0,1,1,0,1,1,0,1,0,0,1,1
553,553,SE,1,1,11,,1,0,0,1,1,0,1,1,0,1,1,1,1,1
554,554,LF,0,1,11,,1,1,0,1,0,1,0,1,1,1,1,1,1,1
555,555,LF,0,1,11,,0,1,0,0,0,0,0,1,0,1,1,1,1,1
556,556,LF,1,1,12,,1,0,0,1,0,1,0,1,0,1,1,1,1,1
557,557,LF,0,1,12,,1,0,0,1,0,0,0,1,0,1,1,1,1,1
558,558,US,1,1,12,,1,1,0,0,0,0,0,1,0,1,1,1,1,1
559,559,US,1,1,12,,1,1,0,0,0,0,0,1,0,1,1,1,1,1
560,560,US,1,1,12,,1,0,0,1,0,0,0,1,0,1,1,1,1,1
561,561,PE,1,1,12,,1,0,0,1,0,0,0,1,0,1,1,1,1,1
562,562,PE,0,1,12,,1,0,1,1,0,1,0,1,0,1,0,0,1,1
563,563,PE,1,1,12,,1,1,0,1,0,0,0,1,0,1,1,1,1,1
564,564,PE,1,1,12,,1,1,0,1,0,0,0,1,0,1,1,1,1,1
565,565,PE,1,1,12,,1,1,0,1,0,0,0,1,1,1,1,1,1,1
566,566,A,0,1,12,,1,1,1,1,0,0,0,1,0,1,1,1,1,1
567,567,FT,0,1,12,,1,0,1,0,0,0,0,1,0,1,1,1,1,1
568,568,FT,0,1,12,,1,0,0,1,0,0,0,1,1,1,1,1,1,1
569,569,SC,0,1,12,,1,1,0,0,0,0,0,1,0,1,1,1,1,1
570,570,O,0,1,12,,1,0,0,0,0,0,0,1,0,1,1,1,1,1
571,571,O,0,1,12,,1,1,0,1,0,0,0,1,0,1,1,1,1,1
572,572,MN,0,1,12,,0,0,0,1,0,0,0,1,0,1,1,1,1,1
573,573,MN,0,1,12,,1,1,1,1,1,0,1,1,0,1,1,1,1,1
574,574,MN,0,1,12,,1,0,0,1,0,0,0,1,0,1,1,1,1,1
575,575,SE,0,1,12,,1,0,0,0,0,0,0,1,0,1,0,0,1,1
576,576,SE,0,1,12,,1,0,0,0,0,0,0,1,1,1,1,1,1,1
577,577,SE,0,1,12,,1,1,0,0,0,0,0,1,0,1,1,1,1,1
578,578,LF,0,1,13,,1,1,0,0,0,0,0,1,1,1,0,0,1,1
579,579,LF,0,1,13,,0,1,0,0,1,0,1,1,0,1,1,1,1,1
580,580,LF,0,1,13,,1,0,1,1,0,0,0,1,0,1,1,1,1,1
581,581,LF,1,1,13,,1,1,1,1,0,1,0,1,1,1,1,1,1,1
582,582,US,0,1,13,,1,1,0,0,1,0,0,1,1,1,1,1,1,1
583,583,US,0,1,13,,1,1,0,1,0,1,0,1,0,1,1,1,1,1
584,584,US,0,1,13,,1,1,0,0,1,0,1,1,0,1,1,1,1,1
585,585,US,0,1,13,,1,1,0,1,0,0,0,1,0,1,1,1,1,1
586,586,US,0,0,13,,1,1,1,0,1,0,1,1,0,1,1,1,1,1
587,587,US,0,1,13,,1,0,0,1,0,0,0,1,0,1,1,1,1,1
588,588,A,0,1,13,,0,1,0,1,0,1,0,1,0,1,1,1,1,1
589,589,SC,0,1,13,,1,0,1,1,0,1,0,1,0,1,1,1,1,1
590,590,SC,0,1,13,,1,0,1,0,1,0,0,1,0,1,1,1,1,1
591,591,O,0,1,13,,1,1,1,0,1,0,1,0,0,1,1,1,1,1
592,592,O,1,1,13,,1,1,0,0,0,0,0,1,1,1,1,1,1,1
593,593,MN,1,1,13,,1,0,0,1,1,1,1,1,0,1,1,1,1,1
594,594,MN,0,1,13,,0,0,0,0,1,0,1,1,0,1,1,1,1,1
595,595,SE,0,1,13,,1,0,0,1,1,1,1,0,1,1,1,0,1,1
596,596,SE,0,1,13,,1,0,1,1,1,0,1,1,0,1,1,1,1,1
597,597,SE,0,1,14,,1,0,0,0,1,0,1,1,0,1,0,0,1,1
598,598,SE,0,1,14,,1,0,0,1,0,0,0,1,0,1,1,1,1,1
599,599,LF,0,1,14,,1,0,0,1,1,0,1,1,0,1,1,1,1,1
600,600,LF,0,1,14,,1,1,0,1,0,0,0,1,0,1,1,1,1,1
601,601,LF,1,0,14,,1,1,0,1,0,1,0,1,0,1,1,1,1,1
602,602,US,0,1,14,,1,1,0,1,0,0,0,1,1,1,1,1,1,1
603,603,US,0,1,14,,1,0,1,0,0,0,0,1,1,1,1,1,1,1
604,604,US,1,1,14,,1,1,0,0,0,1,0,1,0,1,1,1,1,1
605,605,US,1,0,14,,1,0,0,0,0,0,0,1,0,1,0,1,1,1
606,606,PE,0,1,14,,1,0,0,1,0,0,0,1,0,1,1,1,1,1
607,607,A,0,1,14,,1,1,0,0,0,1,0,1,0,1,1,1,1,1
608,608,O,0,1,14,,0,0,0,0,0,0,0,1,0,1,1,1,1,1
609,609,O,0,1,14,,1,0,0,1,1,0,1,0,0,1,1,1,1,1
610,610,O,0,1,14,,1,0,0,1,1,0,1,0,0,1,0,0,1,1
611,611,MN,0,1,14,,0,1,0,0,0,0,0,1,0,1,1,1,1,1
612,612,MN,0,1,14,,0,0,0,0,1,0,1,0,0,1,1,1,1,1
613,613,A,0,1,15,,0,1,0,0,1,1,1,1,0,1,1,1,1,1
614,614,O,0,1,15,,1,1,0,1,0,1,0,1,0,1,1,1,1,1
615,615,O,0,1,15,,1,1,0,1,0,1,0,1,1,1,1,1,1,1
616,616,O,0,1,15,,1,1,1,0,1,1,1,1,0,1,1,1,1,1
617,617,MN,0,1,15,,0,1,0,0,1,1,1,0,1,1,1,1,1,1
618,618,MN,0,1,15,,0,1,1,1,1,1,1,0,1,1,1,1,1,1
619,619,SE,0,1,15,,1,0,1,1,0,1,0,1,0,1,1,1,1,1
620,620,SE,0,1,15,,0,0,1,0,1,0,1,1,1,1,1,1,1,1
621,621,LF,0,1,15,,0,1,0,1,1,1,1,1,0,1,1,1,1,1
622,622,LF,0,1,15,,0,1,0,1,1,1,1,1,0,1,1,1,1,1
623,623,US,0,1,15,,1,1,0,1,0,1,0,1,0,1,1,1,1,1
624,624,PE,0,1,15,,1,1,0,1,0,0,0,1,0,1,1,1,1,1
625,625,,0,1,2,,0,0,0,1,1,0,1,1,0,1,1,1,1,1
626,626,,0,1,2,,1,0,0,1,1,0,1,1,0,1,1,1,1,1
627,627,,1,0,2,,1,0,1,1,1,1,1,1,0,1,1,1,1,1
628,628,,1,0,2,,1,0,1,0,0,1,0,1,0,1,1,1,1,1
629,629,,1,0,2,,1,0,1,1,0,0,0,1,0,1,1,1,1,1
630,630,,1,1,2,,1,0,0,0,0,1,0,1,0,1,0,0,0,1
631,631,,1,0,2,,1,0,1,1,1,1,1,1,0,1,1,1,1,1
632,632,,0,1,2,,0,0,0,1,1,0,1,0,0,1,1,1,1,1
633,633,,1,0,2,,1,0,1,1,0,0,0,1,0,1,1,1,1,1
634,634,,1,0,2,,1,0,1,1,0,1,0,1,0,1,1,1,1,1
635,635,,1,0,2,,1,0,1,0,0,0,0,1,0,1,1,1,1,1
636,636,,1,0,2,,1,0,1,0,0,0,0,1,0,1,1,1,1,1
637,637,,0,1,2,,0,0,0,1,0,0,0,1,0,1,1,1,1,1
638,638,,0,1,2,,1,0,0,1,0,0,0,1,0,1,0,0,1,1
639,639,,1,1,2,,1,0,0,1,0,0,0,1,0,1,1,1,1,1
640,640,,1,0,2,,1,0,1,0,0,0,0,1,1,1,1,1,1,1
641,641,,1,0,2,,1,0,1,1,0,0,0,1,0,1,1,1,1,1
642,642,,1,0,2,,1,0,1,1,0,0,0,1,0,1,1,1,1,1
643,643,,1,1,2,,1,0,1,0,0,1,0,1,0,1,1,1,1,1
644,644,,0,1,2,,1,0,1,1,0,1,0,1,0,1,1,1,1,1
645,645,,1,1,2,,1,0,1,0,0,1,0,1,0,1,1,1,1,1
646,646,,1,1,2,,1,0,1,1,0,0,0,1,0,1,1,1,1,1
647,647,,1,1,2,,1,0,1,0,0,1,0,1,0,1,0,1,1,1
648,648,,1,0,2,,1,0,1,0,0,0,0,1,0,1,0,0,1,1
649,649,,1,0,2,,1,0,0,1,0,0,0,1,0,1,1,1,1,1
650,650,,1,0,2,,1,0,0,1,0,0,0,1,0,1,1,1,1,1
651,651,,0,1,2,,1,1,0,1,0,1,0,1,0,1,1,1,1,1
652,652,,0,1,2,,0,1,0,0,0,0,0,1,0,1,1,1,1,1
653,653,,0,1,2,,0,1,0,1,0,1,0,1,0,1,1,1,1,1
654,654,,0,1,2,,1,0,1,1,0,0,0,1,0,1,1,1,1,1
655,655,,0,1,2,,1,0,0,1,0,0,0,1,0,1,1,1,1,1
656,656,,1,0,2,,1,0,0,0,0,0,0,1,0,1,1,1,1,1
657,657,,1,0,2,,1,0,0,1,0,0,0,1,0,1,1,1,1,1
658,658,,1,0,2,,1,0,0,0,0,0,0,1,0,1,1,1,1,1
659,659,,0,1,2,,1,0,0,1,1,1,1,1,1,1,0,0,1,1
660,660,,1,0,2,,1,0,1,1,0,0,0,1,1,1,1,1,1,1
661,661,,1,0,2,,1,0,0,0,0,0,0,1,1,1,1,1,1,1
662,662,,1,0,2,,1,0,1,1,0,0,0,1,1,1,1,1,1,1
663,663,,1,0,2,,1,0,1,1,0,0,0,1,1,1,1,1,1,1
664,664,,1,0,2,,1,0,1,1,0,0,0,1,1,1,1,1,1,1
665,665,,1,0,2,,1,0,1,1,0,0,0,1,1,1,1,1,1,1
666,666,,1,0,2,,1,0,1,1,0,0,0,1,1,1,1,1,1,1
667,667,,1,1,2,,1,0,0,0,0,0,0,1,0,1,1,1,1,1
668,668,,1,0,2,,1,0,0,0,0,0,0,1,0,1,1,1,1,1
669,669,,1,0,2,,1,0,0,1,0,0,0,1,0,1,1,1,1,1
670,670,,1,0,2,,1,0,1,0,0,0,1,1,0,1,0,1,1,1
671,671,,1,0,2,,1,0,1,1,0,0,0,1,0,1,1,1,1,1
672,672,,1,0,2,,1,0,1,0,0,0,0,1,0,1,1,1,1,1
673,673,,1,0,2,,1,0,1,1,1,1,0,1,0,1,1,1,1,1
674,674,,1,0,2,,1,0,1,0,0,0,0,1,0,1,1,1,1,1
675,675,,1,0,2,,1,0,1,1,0,0,0,1,1,1,1,1,1,1
676,676,,1,0,2,,1,0,1,1,0,0,0,1,0,1,1,1,1,1
677,677,,1,1,2,,1,0,1,1,0,0,0,1,0,1,1,1,1,1
678,678,,1,0,2,,1,0,1,0,0,0,0,1,0,1,1,1,1,1
679,679,,1,0,2,,1,0,0,0,0,0,0,1,1,1,0,1,1,1
680,680,,1,0,2,,1,0,1,1,0,0,0,1,1,1,0,0,1,1
681,681,,1,0,2,,1,0,1,0,0,0,0,1,0,1,1,1,1,1
682,682,,1,1,2,,1,0,1,0,0,0,0,1,0,1,1,1,1,1
683,683,,1,0,2,,1,0,1,1,0,0,0,1,0,1,1,1,1,1
684,684,,1,0,2,,1,0,0,0,0,0,0,1,0,1,1,1,1,1
685,685,,1,0,2,,1,0,1,0,0,0,0,1,0,1,1,1,1,1
686,686,,1,0,2,,1,0,1,1,0,0,0,1,0,1,0,0,1,1
687,687,,1,0,2,,1,0,1,1,0,0,0,1,0,1,0,0,1,1
688,688,,1,1,2,,1,0,1,1,0,0,0,1,0,1,0,0,1,1
689,689,,1,0,2,,1,0,1,0,0,0,0,1,0,1,1,1,1,1
690,690,,1,0,2,,1,0,1,0,0,0,0,1,0,1,1,1,1,1
691,691,,1,0,2,,1,0,1,0,0,0,0,1,0,1,1,1,1,1
692,692,,1,0,2,,1,0,1,1,0,0,0,1,0,1,1,1,1,1
693,693,,1,0,2,,1,0,1,1,0,0,0,1,0,1,1,1,1,1
694,694,,1,1,2,,1,0,1,0,0,0,0,1,0,1,1,1,1,1
695,695,,1,0,2,,1,0,1,0,0,0,0,1,0,1,1,1,1,1
696,696,,1,0,2,,1,0,1,1,0,0,0,1,0,1,1,1,1,1
697,697,,1,0,2,,1,0,1,0,0,0,0,1,0,1,1,1,1,1
698,698,,1,0,2,,1,1,1,0,0,0,0,1,0,1,1,1,1,1
699,699,,1,0,2,,1,0,1,0,0,0,0,1,0,1,1,1,1,1
700,700,,1,0,2,,1,0,1,0,0,0,0,1,0,1,1,1,1,1
701,701,,1,0,2,,1,0,1,1,0,1,0,1,0,1,1,1,1,1
702,702,,0,1,2,,1,1,1,0,0,0,0,1,0,1,1,1,1,1
703,703,,1,0,2,,1,0,1,0,0,0,0,1,0,1,1,1,1,1
704,704,,1,0,2,,1,0,1,1,1,1,1,1,0,1,1,1,1,1
705,705,,1,1,2,,1,0,1,0,0,0,0,1,0,1,1,1,1,1
706,706,,1,0,2,,1,0,1,0,0,0,0,1,0,1,1,1,1,1
707,707,,1,0,2,,1,0,1,1,0,0,0,1,0,1,1,0,1,1
708,708,,1,0,2,,1,0,1,0,0,0,0,1,0,1,1,1,1,1
709,709,,1,0,2,,1,0,1,1,0,1,0,1,0,1,1,1,1,1
710,710,,1,0,2,,1,0,1,1,0,1,0,1,0,1,1,1,1,1
711,711,,1,0,2,,1,0,1,0,0,0,0,1,1,1,1,1,1,1
712,712,,1,1,2,,1,0,1,0,0,0,0,1,0,1,1,1,1,1
713,713,,1,0,2,,1,1,1,0,0,0,0,1,0,1,1,1,1,1
714,714,,1,1,2,,1,0,1,1,0,0,0,1,0,1,1,1,1,1
715,715,,1,0,2,,1,0,1,1,0,1,0,1,0,1,1,1,1,1
716,716,,1,0,2,,1,0,1,0,0,0,0,1,0,1,1,1,1,1
717,717,,0,1,2,,1,0,1,0,0,0,0,1,0,1,1,1,1,1
718,718,,0,1,2,,1,0,1,0,0,0,0,1,0,1,1,1,1,1
719,719,,0,1,2,,1,0,1,1,0,0,0,1,0,1,1,1,1,1
720,720,,1,0,2,,1,0,1,1,0,1,0,1,0,1,1,1,1,1
721,721,,1,1,2,,1,0,1,0,0,0,0,1,1,1,1,1,1,1
722,722,,1,1,2,,1,0,1,1,0,0,0,1,0,1,1,1,1,1
723,723,,1,0,2,,1,0,1,1,0,0,0,1,0,1,1,1,1,1
724,724,,1,0,2,,1,0,1,0,0,0,0,1,0,1,1,1,1,1
725,725,,1,1,2,,1,0,1,1,0,1,0,1,0,1,0,0,1,1
726,726,,1,0,2,,1,0,1,1,0,0,0,1,0,1,1,1,1,1
727,727,,1,0,2,,1,0,1,0,0,0,0,1,0,1,1,0,1,1
728,728,,1,0,2,,1,0,1,0,1,0,1,1,0,1,0,0,1,1
729,729,,1,0,2,,1,0,1,0,0,0,0,1,0,1,1,1,1,1
730,730,,1,0,2,,1,0,1,0,0,0,0,1,0,1,1,1,1,1
731,731,,1,0,2,,1,0,1,0,0,0,0,1,0,1,1,1,1,1
732,732,,1,0,2,,1,0,1,1,0,0,0,1,0,1,1,0,1,1
733,733,,1,0,2,,1,0,1,1,0,0,0,1,1,1,1,1,1,1
734,734,,1,0,2,,1,0,1,0,1,1,1,1,0,1,1,1,1,1
735,735,,1,0,2,,1,0,1,1,0,0,0,1,0,1,1,1,1,1
736,736,,1,0,2,,1,0,1,1,0,0,0,1,0,1,1,1,1,1
737,737,,1,0,2,,1,0,1,0,0,0,0,1,0,1,1,1,1,1
738,738,,1,0,2,,1,0,1,0,0,0,0,1,0,1,1,0,1,1
739,739,,1,0,2,,1,0,1,0,0,0,0,1,0,1,0,1,1,1
740,740,,1,0,2,,1,0,1,1,1,0,1,1,0,1,1,1,1,1
741,741,,1,0,2,,1,0,1,0,0,0,0,1,0,1,1,1,1,1
742,742,,1,0,2,,1,0,1,0,0,0,0,1,0,1,1,1,1,1
743,743,,1,0,2,,1,0,1,0,0,0,0,1,0,1,1,1,1,1
744,744,,1,0,2,,1,0,1,1,0,0,0,1,0,1,1,1,1,1
745,745,,1,0,2,,1,0,1,1,0,0,0,1,0,1,1,1,1,1
746,746,,1,0,2,,1,0,1,0,0,0,0,1,0,1,1,1,1,1
747,747,,1,0,2,,1,0,1,0,0,0,0,1,0,1,1,1,1,1
748,748,,1,0,2,,1,0,1,0,0,0,0,1,0,1,1,1,1,1
749,749,,1,0,2,,1,0,1,0,0,0,0,1,0,1,1,1,1,1
750,750,,1,0,2,,1,0,1,0,0,0,0,1,0,1,1,1,1,1
751,751,,1,0,2,,1,0,1,0,0,0,0,1,0,1,1,1,1,1
752,752,,1,0,2,,1,0,1,0,0,0,0,1,0,1,1,1,1,1
753,753,,1,0,2,,1,0,1,1,0,0,0,1,0,1,1,1,1,1
754,754,,1,0,2,,1,0,1,1,0,0,0,1,0,1,1,1,1,1
755,755,,1,0,2,,1,0,1,0,0,1,0,1,0,1,1,1,1,1
756,756,,1,0,2,,1,0,0,0,0,1,0,1,0,1,0,1,1,1
757,757,,0,1,2,,0,1,0,1,0,0,0,1,0,1,1,1,1,1
758,758,,0,1,2,,1,0,0,1,0,0,0,1,0,1,1,1,1,1
759,759,,0,1,2,,1,0,0,0,0,0,0,1,0,1,1,1,1,1
760,760,,0,1,2,,1,0,1,1,1,0,1,1,0,1,1,1,1,1
761,761,,0,1,2,,1,0,0,1,0,0,0,1,0,1,1,1,1,1
762,762,,0,1,2,,1,0,0,0,0,0,0,1,0,1,1,1,1,1
763,763,,0,1,2,,1,0,0,0,0,0,0,1,0,1,0,0,1,1
764,764,,0,1,2,,1,0,0,0,0,0,0,1,1,1,1,1,1,1
765,765,,0,1,2,,1,0,0,1,0,0,0,1,0,1,1,1,1,1
766,766,,0,1,2,,1,0,0,0,0,0,0,1,0,1,1,1,1,1
767,767,,1,0,2,,1,0,1,0,0,0,0,1,0,1,1,1,1,1
768,768,,1,0,2,,1,0,1,0,0,0,0,1,0,1,1,1,1,1
769,769,,0,1,2,,1,0,0,1,0,1,0,1,0,1,1,1,1,1
770,770,,1,0,2,,1,0,1,1,0,0,0,1,0,1,0,0,1,1
771,771,,1,0,2,,1,0,0,0,0,0,0,1,0,1,1,1,1,1
772,772,,1,0,2,,1,0,1,0,0,0,0,1,0,1,1,1,1,1
773,773,,1,0,2,,1,0,1,0,0,1,0,1,0,1,1,1,1,1
774,774,,1,0,2,,1,0,1,1,0,1,0,1,0,1,1,1,1,1
775,775,,1,0,2,,1,0,1,1,0,0,0,1,0,1,1,1,1,1
776,776,,1,0,2,,1,0,1,1,0,0,0,1,0,1,1,1,1,1
777,777,,1,0,2,,1,0,1,0,0,0,0,1,0,1,1,1,1,1
778,778,,1,0,2,,1,0,1,0,0,0,0,1,0,1,1,1,1,1
779,779,,1,1,2,,1,0,1,1,0,0,0,1,0,1,0,1,1,1
780,780,,1,0,2,,1,0,1,0,0,0,0,1,0,1,1,1,1,1
781,781,,1,0,2,,1,0,1,1,0,1,0,1,0,1,1,1,1,1
782,782,,1,0,2,,1,0,1,1,0,1,0,1,0,1,1,1,1,1
783,783,,1,1,2,,1,0,1,0,0,1,0,1,0,1,1,1,1,1
784,784,,1,1,2,,1,0,1,1,0,0,0,1,0,1,1,1,1,1
785,785,,1,0,2,,1,0,1,0,0,0,0,1,0,1,0,0,1,1
786,786,,0,1,2,,1,0,1,1,0,0,0,1,0,1,1,1,1,1
787,787,,1,1,2,,1,0,1,0,0,1,0,1,0,1,0,0,1,1
788,788,,1,0,2,,1,0,1,1,0,1,0,1,0,1,1,1,1,1
789,789,,1,0,2,,1,0,1,0,0,0,0,1,0,1,1,1,1,1
790,790,,1,0,2,,1,0,1,1,0,0,0,1,0,1,1,1,1,1
791,791,,1,0,2,,1,0,1,1,0,0,0,1,0,1,1,1,1,1
792,792,,1,0,2,,1,0,1,0,0,0,0,1,0,1,1,0,1,1
793,793,,1,0,2,,1,0,1,0,0,0,0,1,0,1,1,0,1,1
794,794,,1,1,2,,1,0,0,1,0,1,0,1,0,1,1,1,1,1
795,795,,0,1,2,,1,1,0,1,0,1,0,1,0,1,1,1,1,1
796,796,,1,0,2,,1,0,1,1,1,1,1,1,0,1,1,1,1,1
797,797,,1,1,3,,1,0,0,1,0,0,0,1,1,1,1,1,1,1
798,798,,0,1,3,,0,0,0,0,0,0,0,1,0,1,1,1,1,1
799,799,,1,1,3,,1,0,0,0,1,1,0,1,0,1,1,1,1,1
800,800,,1,1,3,,1,0,0,1,0,0,0,1,0,1,1,1,1,1
801,801,,0,1,3,,0,0,0,1,0,0,0,1,0,1,1,1,0,1
802,802,,1,0,3,,1,0,0,0,0,0,0,1,0,1,1,1,1,1
803,803,,1,0,3,,1,0,0,0,0,0,0,1,0,1,1,1,1,1
804,804,,1,0,3,,1,0,0,0,0,0,0,1,0,1,1,1,1,1
805,805,,1,0,3,,1,0,0,0,0,0,0,1,0,1,1,1,1,1
806,806,,1,0,3,,1,0,0,0,0,0,0,1,0,1,1,1,1,1
807,807,,1,0,3,,1,0,0,1,1,0,0,1,0,1,1,0,1,1
808,808,,1,0,3,,1,0,0,1,1,0,0,1,0,1,1,0,1,1
809,809,,1,0,3,,1,0,0,1,1,0,0,1,0,1,1,1,1,1
810,810,,1,0,3,,0,0,0,1,1,1,1,0,0,1,1,1,1,1
811,811,,1,0,3,,0,0,0,0,1,1,0,1,0,1,1,1,1,1
812,812,,1,0,3,,1,0,0,0,1,1,1,1,0,1,1,1,1,1
813,813,,1,0,3,,1,0,0,0,1,0,1,1,0,1,1,1,1,0
814,814,,1,0,3,,1,0,0,1,0,0,0,1,0,1,1,1,1,1
815,815,,1,0,3,,1,0,1,0,0,0,0,1,0,1,1,1,1,1
816,816,,1,0,3,,0,0,0,1,1,0,1,0,0,1,1,0,1,1
817,817,,1,0,3,,1,0,0,0,0,0,0,1,0,1,1,1,1,1
818,818,,1,0,3,,1,0,0,0,0,0,0,1,0,1,1,1,1,1
819,819,,1,0,3,,1,0,1,1,0,0,0,1,0,1,1,1,1,0
820,820,,1,0,3,,1,0,0,0,1,0,1,0,0,1,1,1,1,1
821,821,,1,0,3,,1,0,0,1,0,0,0,0,0,1,1,1,1,1
822,822,,1,0,3,,1,0,0,1,0,0,0,1,0,1,1,1,1,1
823,823,,1,0,3,,1,0,0,1,0,0,0,0,0,1,1,1,1,1
824,824,,1,0,3,,1,1,0,1,0,0,0,1,0,1,1,1,1,1
825,825,,1,0,3,,1,1,0,1,0,0,0,1,0,1,1,1,1,1
826,826,,1,0,3,,1,0,0,0,0,0,0,1,0,1,1,1,1,1
827,827,,1,0,3,,1,0,0,0,0,1,0,1,0,1,1,1,1,1
828,828,,1,0,3,,1,0,1,0,0,1,0,1,0,1,1,1,1,1
829,829,,1,0,3,,1,0,1,1,0,1,0,1,0,1,1,1,1,1
830,830,,1,0,3,,1,0,0,0,0,0,0,1,0,1,1,1,1,1
831,831,,1,0,3,,1,0,0,0,0,0,0,1,0,1,1,1,1,1
832,832,,1,0,3,,1,0,0,0,0,0,0,1,0,1,1,1,1,1
833,833,,1,1,3,,1,0,1,1,0,0,0,1,0,1,1,1,1,1
834,834,,1,1,3,,0,0,0,1,1,1,1,0,0,1,1,0,1,1
835,835,,1,0,3,,1,0,0,1,0,0,0,1,0,1,0,0,0,1
836,836,,1,0,3,,1,0,0,0,0,0,0,1,0,1,1,1,1,1
837,837,,1,0,3,,1,0,1,0,0,0,0,1,0,1,1,1,1,1
838,838,,1,0,3,,1,0,0,0,0,0,0,1,0,1,0,0,1,1
839,839,,1,0,3,,1,0,0,0,0,0,0,1,0,1,1,1,1,1
840,840,,1,0,3,,1,0,0,0,1,0,1,1,0,1,1,1,1,1
841,841,,1,1,3,,1,0,1,0,0,0,0,1,0,1,1,1,1,1
842,842,,1,0,3,,1,0,0,0,0,0,0,1,0,1,1,1,1,1
843,843,,1,0,3,,0,1,1,0,0,0,0,1,0,1,1,1,1,1
844,844,,1,0,3,,1,0,0,0,1,0,1,0,0,1,1,1,1,1
845,845,,1,1,3,,1,0,1,0,0,0,0,1,0,1,1,1,1,1
846,846,,1,0,3,,1,0,1,0,0,0,0,1,0,1,1,1,1,1
847,847,,1,0,3,,1,0,0,0,0,0,0,1,0,1,0,0,0,1
848,848,,1,0,3,,1,0,0,0,0,0,0,1,0,1,1,1,1,1
849,849,,1,1,3,,1,0,0,0,0,1,0,1,0,1,1,1,1,1
850,850,,1,0,3,,1,0,0,0,0,0,0,1,0,1,1,1,1,1
851,851,,1,0,3,,1,0,0,0,0,1,0,1,0,1,1,1,1,1
852,852,,1,0,3,,1,0,0,0,0,0,0,1,0,1,1,1,1,1
853,853,,1,0,3,,1,0,1,0,0,0,0,1,0,1,1,1,1,1
854,854,,1,0,3,,1,0,1,1,0,0,0,1,0,1,1,1,1,1
855,855,,1,0,3,,1,0,0,0,0,0,0,1,0,1,1,1,1,1
856,856,,1,0,3,,1,0,1,0,0,0,0,1,0,1,1,1,0,1
857,857,,1,0,3,,1,0,1,0,0,0,0,1,0,1,1,1,0,1
858,858,,1,0,3,,1,0,1,0,0,0,0,1,0,1,1,1,0,1
859,859,,1,0,3,,1,0,1,0,0,0,0,1,0,1,1,1,0,1
860,860,,1,0,3,,1,0,1,0,0,0,0,1,0,1,1,1,0,1
861,861,,1,0,3,,1,0,1,0,0,1,0,1,0,1,1,1,1,1
862,862,,1,1,3,,1,1,1,1,0,0,0,1,0,1,1,1,1,1
863,863,,1,0,3,,1,0,1,1,0,0,0,1,0,1,1,1,1,1
864,864,,1,0,3,,1,0,0,0,0,0,0,1,0,1,1,0,0,1
865,865,,1,0,3,,1,0,0,0,0,0,0,1,0,1,1,1,1,1
866,866,,1,0,3,,1,0,0,0,0,0,0,1,0,1,1,1,1,1
867,867,,1,0,3,,1,0,0,0,0,0,0,1,0,1,1,1,1,1
868,868,,1,0,3,,1,0,0,0,0,0,0,1,0,1,1,1,1,1
869,869,,1,0,3,,1,0,0,0,0,0,0,1,0,1,0,0,1,1
870,870,,1,0,3,,1,0,0,0,0,0,0,1,0,1,1,1,1,1
871,871,,1,0,3,,1,0,0,0,1,0,1,0,0,1,1,1,1,1
872,872,,1,0,3,,1,0,0,0,0,0,0,1,0,1,1,1,1,1
873,873,,1,0,3,,1,0,0,0,0,0,0,1,0,1,0,0,1,1
874,874,,1,0,3,,1,0,0,0,0,0,0,1,0,1,1,1,1,1
875,875,,1,0,3,,1,0,0,0,1,0,1,0,0,1,1,1,1,1
876,876,,1,0,3,,1,0,0,0,0,0,0,1,0,1,1,1,1,1
877,877,,1,0,3,,1,0,0,0,0,0,0,1,0,1,1,1,1,1
878,878,,1,0,3,,1,0,0,0,0,0,0,1,0,1,1,1,1,1
879,879,,1,0,3,,1,0,0,1,0,1,0,1,0,1,1,1,1,1
880,880,,1,0,3,,1,0,0,1,0,0,0,1,0,1,1,1,1,1
881,881,,1,0,3,,1,0,0,0,0,0,0,1,0,1,1,1,1,1
882,882,,1,0,3,,1,0,0,0,0,0,0,1,0,1,0,0,1,1
883,883,,1,0,3,,1,0,0,0,0,0,0,1,0,1,1,1,1,1
884,884,,1,0,3,,1,0,0,0,1,0,1,0,0,1,1,1,1,1
885,885,,1,0,3,,1,0,0,0,0,0,0,1,0,1,1,1,1,1
886,886,,1,1,3,,1,0,0,0,0,1,0,1,0,1,1,1,0,1
887,887,,1,0,3,,0,0,0,0,1,1,1,0,0,1,1,1,0,1
888,888,,0,1,3,,1,0,0,0,0,0,0,1,0,1,1,1,1,1
889,889,,1,0,3,,1,0,0,1,0,1,0,1,0,1,1,1,1,1
890,890,,1,0,3,,1,0,0,1,0,0,0,1,0,1,0,0,1,1
891,891,,1,1,3,,1,0,0,0,0,0,0,1,0,1,1,1,1,1
892,892,,1,0,3,,1,0,0,1,0,0,0,1,0,1,1,1,1,1
893,893,,1,0,3,,1,0,1,0,0,0,0,1,0,1,1,1,1,1
894,894,,1,0,3,,1,0,0,1,0,0,0,1,0,1,1,1,1,1
895,895,,1,0,3,,1,0,0,0,0,0,0,1,0,1,1,1,1,1
896,896,,1,0,3,,1,0,0,0,0,0,0,1,1,1,1,1,1,0
897,897,,1,0,3,,1,0,0,0,0,0,0,1,0,1,0,0,1,1
898,898,,1,0,3,,1,0,0,0,0,0,0,1,0,1,1,1,1,1
899,899,,1,0,3,,1,0,0,0,0,0,0,1,0,1,0,0,1,1
900,900,,1,0,3,,1,0,1,0,0,0,0,1,0,1,1,1,1,1
901,901,,1,0,3,,1,0,0,0,0,0,0,1,0,1,1,1,1,1
902,902,,1,0,3,,1,0,0,0,0,0,0,1,0,1,1,1,1,1
903,903,,1,0,3,,1,0,0,1,0,0,0,1,0,1,1,1,1,1
904,904,,1,0,3,,1,0,0,0,0,0,0,1,0,1,0,0,1,1
905,905,,1,0,3,,1,0,0,0,0,0,0,1,0,1,1,1,1,1
906,906,,1,0,3,,1,0,0,0,0,0,0,1,0,1,1,1,1,1
907,907,,1,0,3,,1,0,0,0,0,0,0,1,0,1,1,1,1,1
908,908,,0,1,3,,0,0,0,0,0,1,0,1,0,1,1,1,1,1
909,909,,0,1,3,,0,0,0,0,0,0,0,1,0,1,1,1,1,1
910,910,,0,1,3,,0,0,0,0,0,0,0,1,0,1,1,1,1,1
911,911,,1,1,3,,1,0,0,1,0,1,0,1,0,1,1,1,1,1
912,912,,0,1,3,,1,0,0,0,0,0,0,1,0,1,1,1,1,1
913,913,,0,1,3,,0,0,1,0,0,0,0,1,0,1,1,1,1,1
914,914,,0,1,3,,0,0,0,0,0,1,0,1,0,1,1,1,1,1
915,915,,0,1,3,,1,0,1,0,0,0,0,1,0,1,1,1,1,1
916,916,,1,1,3,,0,0,0,1,1,0,1,0,1,1,1,1,1,1
917,917,,0,1,3,,1,0,0,0,0,0,0,1,0,1,1,1,1,1
918,918,,0,1,3,,1,0,0,0,1,1,1,0,0,1,1,1,1,0
919,919,,1,0,3,,1,0,0,0,0,0,0,1,0,1,0,0,0,1
920,920,,1,0,3,,1,0,0,0,0,0,0,1,0,1,1,1,1,1
921,921,,1,0,3,,1,0,0,0,0,1,0,1,0,1,1,1,1,1
922,922,,1,0,3,,1,0,0,1,0,0,0,1,0,1,1,1,1,1
923,923,,1,0,3,,0,0,0,1,1,1,1,1,0,1,1,1,1,1
924,924,,1,0,3,,0,0,0,0,1,1,1,0,0,1,1,1,1,1
925,925,,1,0,3,,1,0,0,1,0,0,0,1,0,1,1,1,1,1
926,926,,1,0,3,,1,0,0,0,0,0,0,1,0,1,1,1,1,1
927,927,,1,0,3,,1,0,0,0,0,0,0,1,0,1,1,1,1,1
928,928,,1,0,3,,1,0,0,1,0,0,0,1,0,1,1,1,1,1
929,929,,1,0,3,,1,0,1,0,1,0,1,1,0,1,1,1,1,1
930,930,,1,0,3,,1,0,0,1,1,1,1,1,0,1,1,1,1,1
931,931,,1,0,3,,1,0,0,1,0,0,0,1,0,1,1,1,1,1
932,932,,1,0,3,,1,0,1,1,0,0,0,1,0,1,1,1,1,1
933,933,,1,0,3,,0,0,0,1,1,0,1,0,0,1,1,1,1,1
934,934,,1,0,3,,0,0,0,1,1,0,1,0,0,1,1,1,1,1
935,935,,1,1,1,,1,0,0,1,0,0,0,1,1,1,1,1,1,1
936,936,,1,1,1,,1,0,0,1,0,1,0,1,0,1,1,1,1,1
937,937,,1,0,1,,1,0,0,0,0,0,0,1,0,1,1,1,1,0
938,938,,1,0,1,,1,0,0,1,0,0,0,1,0,1,1,1,1,0
939,939,,1,0,1,,1,0,0,1,0,1,0,1,0,1,1,1,1,1
940,940,,1,0,1,,1,0,0,0,0,0,0,1,0,1,1,0,1,1
941,941,,1,0,1,,1,0,0,1,0,1,0,1,0,1,1,1,1,1
942,942,,1,0,1,,1,0,0,1,1,1,1,1,0,1,1,1,1,1
943,943,,1,0,1,,1,0,1,0,0,0,0,1,0,1,1,1,1,0
944,944,,1,0,1,,1,0,1,0,0,0,0,1,0,1,1,1,1,1
945,945,,1,1,1,,1,0,0,1,0,0,0,1,0,1,1,1,1,0
946,946,,1,1,1,,1,0,0,1,0,0,0,1,0,1,0,0,1,0
947,947,,1,1,1,,1,0,0,0,0,0,0,1,0,1,1,1,1,0
948,948,,1,0,1,,1,0,0,1,1,1,1,0,0,1,1,1,1,0
949,949,,1,0,1,,1,0,0,0,0,0,0,1,0,1,1,1,1,0
950,950,,1,0,1,,1,0,0,0,0,1,0,1,0,1,0,0,1,1
951,951,,1,0,1,,1,1,0,0,0,0,0,1,0,1,1,1,1,1
952,952,,1,0,1,,1,0,0,1,0,1,0,1,0,1,1,1,1,1
953,953,,1,0,1,,1,1,0,1,0,0,0,1,0,1,1,1,1,1
954,954,,1,0,1,,1,0,0,1,0,1,0,1,0,1,1,1,1,1
955,955,,1,0,1,,1,0,0,1,0,1,0,1,0,1,1,1,1,0
956,956,,1,0,1,,1,0,0,1,1,1,1,0,0,1,1,1,1,1
957,957,,1,0,1,,1,0,0,0,0,0,0,1,0,1,0,0,1,1
958,958,,1,0,1,,1,0,0,0,0,0,0,1,0,1,0,0,1,1
959,959,,1,0,1,,1,0,0,1,0,1,0,1,0,1,1,1,1,1
960,960,,1,0,1,,1,0,0,1,0,0,0,1,0,1,1,1,1,1
961,961,,1,1,1,,1,0,0,1,0,1,0,1,0,1,1,1,1,1
962,962,,1,0,1,,0,0,0,1,0,0,0,1,0,1,0,1,1,1
963,963,,1,0,1,,1,0,0,1,0,1,0,1,0,1,0,0,1,1
964,964,,1,0,1,,1,0,1,0,0,1,0,1,0,1,1,1,1,1
965,965,,1,0,1,,1,0,0,1,1,1,1,1,0,1,0,0,1,1
966,966,,1,0,1,,1,0,0,1,0,1,0,1,0,1,1,1,1,1
967,967,,1,0,1,,1,0,0,0,1,1,1,1,0,1,1,1,1,1
968,968,,1,0,1,,1,0,0,1,0,0,0,1,0,1,1,1,1,1
969,969,,1,1,1,,1,0,0,1,1,1,1,1,0,1,1,1,1,1
970,970,,1,1,1,,0,0,0,1,1,1,1,0,0,1,1,1,1,1
971,971,,1,0,1,,1,0,0,0,0,0,0,1,0,1,1,1,1,1
972,972,,1,0,1,,1,0,0,1,1,0,0,1,0,1,1,1,1,1
973,973,,1,0,1,,1,0,0,0,0,0,0,1,0,1,1,1,1,0
974,974,,1,0,1,,1,0,0,0,0,0,0,1,0,0,1,1,1,0
975,975,,1,0,1,,1,0,0,1,0,0,0,1,0,1,1,1,1,0
976,976,,1,0,1,,1,0,0,1,0,0,0,1,0,1,1,1,1,0
977,977,,1,1,1,,1,0,1,0,0,0,0,1,0,1,1,1,1,1
978,978,,1,1,1,,1,0,0,1,0,0,0,1,1,1,0,0,1,1
979,979,,1,0,1,,1,0,0,0,0,0,0,1,0,1,1,1,1,0
980,980,,1,0,1,,1,0,1,1,0,1,0,1,0,1,1,1,1,1
981,981,,1,0,1,,1,0,0,0,1,1,1,1,1,1,1,1,1,1
982,982,,1,0,1,,1,0,1,1,0,1,0,1,0,1,1,1,1,1
983,983,,1,0,1,,1,0,0,0,0,0,0,1,0,1,1,1,1,1
984,984,,1,0,1,,1,0,0,1,0,0,0,1,0,1,1,1,1,1
985,985,,1,1,1,,1,0,0,1,1,1,1,1,0,1,1,1,1,1
986,986,,1,0,1,,1,0,0,1,1,1,1,1,0,1,0,0,1,0
987,987,,1,0,1,,1,0,0,1,0,0,0,1,0,1,0,0,1,0
988,988,,1,0,1,,1,0,1,0,0,0,0,1,0,1,1,1,1,0
989,989,,1,1,1,,1,0,0,0,1,1,1,1,0,1,1,1,1,1
990,990,,1,0,1,,1,0,0,1,0,1,0,1,0,1,1,1,1,0
991,991,,1,0,1,,1,0,0,1,0,1,0,1,0,1,1,1,1,1
992,992,,1,0,1,,1,0,0,1,1,1,1,1,0,1,1,1,1,0
993,993,,1,0,1,,1,0,0,1,0,0,0,1,0,1,1,1,1,1
994,994,,1,0,1,,1,0,0,0,0,1,0,1,0,1,1,1,1,1
995,995,,1,0,1,,1,0,0,1,0,1,0,1,0,1,0,0,1,1
996,996,,1,0,1,,1,0,0,0,0,0,0,1,0,1,0,0,1,0
997,997,,1,0,1,,1,0,0,1,1,1,1,1,0,1,1,1,1,1
998,998,,1,0,1,,1,0,0,1,1,1,1,1,0,1,1,1,1,1
999,999,,1,0,1,,1,0,0,0,1,1,1,1,0,1,1,1,1,1
1000,1000,,1,0,1,,1,0,0,1,1,1,1,1,0,1,1,1,1,1
1001,1001,,1,0,1,,1,1,0,1,0,1,0,1,0,1,1,1,1,1
1002,1002,,1,0,1,,1,1,0,0,0,1,0,1,0,1,1,1,1,1
1003,1003,,1,1,1,,1,0,0,1,0,1,0,1,0,1,1,0,1,1
1004,1004,,1,1,1,,1,0,0,1,1,1,1,1,0,1,1,1,1,1
1005,1005,,1,1,1,,1,0,0,0,0,0,0,1,0,1,0,0,1,1
1006,1006,,0,1,1,,1,0,0,0,0,0,0,1,0,1,0,0,1,1
1007,1007,,1,0,1,,1,0,0,1,1,1,1,1,0,1,1,1,1,1
1008,1008,,1,1,1,,1,0,0,0,0,1,0,1,0,1,1,1,1,0
1009,1009,,0,1,1,,1,0,0,0,1,1,1,1,0,1,0,0,1,1
1010,1010,,1,1,1,,1,0,0,1,0,1,0,1,0,1,1,1,1,1
1011,1011,,1,1,1,,1,0,0,1,0,1,0,1,0,1,0,0,1,0
1012,1012,,1,1,1,,1,0,0,0,0,1,0,1,0,0,1,1,1,0
1013,1013,,1,1,1,,1,0,0,1,0,1,0,1,0,1,0,0,1,0
1014,1014,,1,1,1,,1,0,0,1,0,1,0,1,0,1,1,1,1,0
1015,1015,,1,0,1,,1,0,0,1,0,0,0,1,0,1,1,1,1,1
1016,1016,,1,0,1,,0,0,0,0,1,1,1,0,0,1,0,0,1,1
1017,1017,,1,0,1,,1,0,0,0,1,0,1,1,0,1,1,1,1,1
1018,1018,,1,1,1,,1,1,0,0,0,1,0,1,0,1,1,1,1,1
1019,1019,,1,1,1,,1,0,0,0,0,0,0,1,0,1,0,1,1,1
1020,1020,,1,0,1,,1,0,0,1,1,1,1,1,0,1,1,1,1,1
1021,1021,,1,0,1,,1,0,0,1,0,1,0,1,0,1,1,1,1,1
1022,1022,,1,0,1,,1,0,1,0,0,0,0,1,0,1,1,1,1,1
1023,1023,,1,0,1,,1,0,0,1,0,0,0,1,0,1,1,1,1,1
1024,1024,,1,0,1,,1,0,0,1,1,1,1,0,0,1,1,1,1,1
1025,1025,,0,0,1,,1,0,0,1,1,0,1,1,0,1,0,0,1,1
1026,1026,,1,0,1,,1,0,0,1,0,0,0,1,0,1,1,1,1,1
1027,1027,,1,1,1,,0,1,0,1,0,1,0,1,0,1,1,1,1,1
1028,1028,,1,1,1,,1,1,0,0,0,1,0,1,0,1,1,1,1,1
1029,1029,,1,1,1,,1,0,0,1,0,0,0,1,0,1,1,1,1,1
1030,1030,,1,0,1,,1,0,0,1,0,0,0,1,0,1,1,1,1,0
1031,1031,,1,0,1,,1,0,0,1,0,1,0,0,0,1,1,1,1,0
1032,1032,,1,0,1,,1,0,0,1,0,0,0,1,0,1,1,1,1,1
1033,1033,,1,1,1,,1,0,1,1,1,0,1,1,0,1,1,1,1,1
1034,1034,,1,1,1,,1,0,1,0,1,0,1,1,0,1,1,1,1,1
1035,1035,,1,0,1,,1,0,0,0,1,0,1,1,0,1,1,1,1,1
1036,1036,,1,0,1,,1,0,0,0,0,1,0,1,0,1,1,1,1,1
1037,1037,,0,0,1,,1,1,0,1,0,1,0,1,0,1,1,1,1,1
1038,1038,,0,1,1,,1,0,0,0,1,0,1,0,0,1,1,1,1,1
1039,1039,,1,1,1,,1,0,0,1,0,0,0,1,0,1,1,1,1,1
1040,1040,,1,0,1,,1,0,1,1,1,1,0,1,0,1,1,1,1,1
1041,1041,,1,0,1,,1,0,1,1,1,1,0,1,0,1,1,1,1,1
1042,1042,,1,0,1,,1,0,1,1,0,0,0,1,0,1,1,1,1,1
1043,1043,,1,0,1,,1,0,0,1,0,0,0,1,0,1,1,1,1,1
1044,1044,,1,0,1,,1,0,0,0,0,0,0,1,0,1,0,0,1,1
1045,1045,,1,0,1,,1,0,0,0,0,0,0,1,0,1,1,1,1,1
1046,1046,,0,1,1,,1,1,1,1,0,0,0,1,0,1,1,0,1,1
1047,1047,,1,0,1,,1,0,0,1,0,0,0,1,1,1,1,1,1,1
1048,1048,,1,0,1,,1,0,0,0,0,0,0,1,0,1,1,1,1,1
1049,1049,,1,0,1,,1,0,1,0,1,1,1,1,0,1,1,1,1,1
1050,1050,,1,1,1,,1,1,1,0,0,0,0,1,0,1,1,1,1,1
1051,1051,,1,0,1,,1,0,0,0,1,0,1,1,0,1,1,1,1,1
1052,1052,,1,1,1,,1,1,0,1,0,0,0,1,0,1,1,1,1,1
1053,1053,,1,1,1,,1,1,0,1,0,0,0,1,0,1,1,1,1,1
1054,1054,,1,0,1,,1,0,0,1,0,0,0,1,0,1,1,1,1,1
1055,1055,,1,1,1,,1,0,0,1,0,0,0,1,0,1,1,1,1,1
1056,1056,,1,0,1,,1,0,0,1,0,0,0,1,0,1,1,1,1,1
1057,1057,,1,0,1,,1,1,0,0,0,0,0,1,0,1,1,1,1,1
1058,1058,,1,0,1,,1,1,0,0,0,0,0,1,0,1,1,1,1,1
1059,1059,,1,0,1,,1,0,1,0,0,0,0,1,0,1,1,0,1,1
1060,1060,,1,1,1,,1,0,0,1,0,1,0,1,0,1,1,1,1,1
1061,1061,,1,0,1,,1,0,0,1,0,0,0,1,0,1,1,1,1,1
1062,1062,,1,0,1,,1,0,0,1,0,0,0,1,0,1,1,1,1,1
1063,1063,,1,0,1,,1,0,0,0,0,0,0,1,0,1,1,1,1,1
1064,1064,,1,0,1,,1,0,0,1,0,0,0,1,0,1,1,1,1,1
1065,1065,,1,0,1,,1,0,0,1,0,0,0,1,0,1,1,1,1,1
1066,1066,,1,0,1,,1,1,1,0,0,0,0,1,0,1,1,1,1,1
1067,1067,,1,0,1,,1,0,0,0,0,0,0,1,0,1,0,1,1,1
1068,1068,,0,1,1,,1,0,0,1,0,1,0,1,0,1,1,1,1,1
1069,1069,,1,0,1,,1,0,0,0,0,0,0,1,0,1,1,1,1,1
1070,1070,,1,0,1,,1,1,0,1,0,1,0,1,0,1,1,1,1,1
1071,1071,,1,0,1,,1,0,0,1,0,1,0,1,0,1,1,1,1,1
1072,1072,,1,0,1,,1,0,0,1,0,0,0,1,0,1,1,1,1,1
1073,1073,,1,0,1,,0,0,0,1,0,0,0,1,0,1,1,1,1,1
1074,1074,,1,0,1,,1,0,0,0,0,0,0,1,0,1,1,1,1,1
1075,1075,,1,0,1,,1,0,0,0,0,1,0,1,0,1,0,0,1,1
1076,1076,,1,0,1,,1,0,0,0,1,0,1,1,0,1,1,1,1,1
1077,1077,,1,0,1,,1,0,0,1,0,1,0,1,0,1,1,1,1,1
1078,1078,,1,0,1,,1,0,0,0,1,1,1,1,0,1,1,1,1,1
1079,1079,,1,0,1,,1,0,0,0,1,1,1,1,0,1,1,1,1,1
1080,1080,,1,1,1,,1,0,0,0,0,1,0,1,0,1,0,0,1,1
1081,1081,,1,1,1,,1,0,0,1,1,0,1,1,0,1,1,1,1,1
1082,1082,,0,1,1,,0,0,0,1,1,1,1,1,0,1,1,1,1,1
1083,1083,,1,1,1,,1,0,0,0,0,0,0,1,0,1,1,1,1,1
1084,1084,,1,0,1,,1,1,0,0,0,0,0,1,0,1,1,1,1,1
1085,1085,,1,1,1,,1,0,0,1,0,0,0,1,0,1,1,1,1,1
1086,1086,,1,0,1,,1,0,1,1,0,0,0,1,1,1,0,0,1,1
1087,1087,,1,1,1,,1,0,0,1,0,0,0,1,0,1,0,0,1,1
1088,1088,,1,0,1,,1,0,0,0,0,0,0,1,0,1,0,0,1,1
1089,1089,,1,0,1,,1,0,0,1,0,0,0,1,0,1,0,0,1,1
1090,1090,,1,0,1,,1,0,0,0,1,0,1,1,0,1,1,1,1,1
1091,1091,,1,0,1,,1,0,0,1,1,0,1,1,0,1,1,1,1,1
1092,1092,,0,1,1,,1,0,0,1,1,1,0,1,0,1,1,1,1,1
1093,1093,,0,1,1,,1,0,0,1,0,0,0,1,0,1,1,1,1,1
1094,1094,,1,1,4,,1,0,0,1,0,0,0,1,1,1,1,1,1,1
1095,1095,,0,1,4,,1,0,0,1,0,0,0,1,0,1,0,0,1,1
1096,1096,,0,1,4,,1,1,0,1,0,0,0,1,0,1,1,1,1,0
1097,1097,,0,1,4,,0,0,0,1,0,1,0,1,0,1,1,1,1,1
1098,1098,,0,1,4,,1,1,1,1,0,1,0,1,1,1,1,1,1,1
1099,1099,,0,1,4,,1,1,0,0,0,0,0,1,0,1,1,1,1,1
1100,1100,,0,1,4,,1,1,0,1,0,1,0,1,0,1,1,1,1,1
1101,1101,,0,1,4,,1,1,1,1,1,0,1,1,0,1,1,1,1,1
1102,1102,,0,1,4,,0,1,0,1,1,1,1,0,0,1,1,1,0,0
1103,1103,,0,1,4,,1,0,0,1,0,0,0,1,1,1,1,1,1,1
1104,1104,,1,1,4,,1,0,0,1,1,0,1,1,0,1,1,1,1,1
1105,1105,,1,1,4,,1,1,1,1,0,1,0,1,0,1,1,1,1,1
1106,1106,,1,1,4,,1,0,0,1,1,1,1,1,1,1,1,1,1,1
1107,1107,,0,1,4,,1,0,0,1,0,1,0,1,0,1,1,1,1,1
1108,1108,,0,1,4,,1,0,0,1,1,1,1,1,1,1,1,1,1,1
1109,1109,,1,1,4,,1,0,0,0,0,1,0,1,1,1,1,1,1,1
1110,1110,,0,1,4,,0,0,0,0,0,1,0,1,0,1,1,1,1,1
1111,1111,,0,1,4,,0,0,0,1,1,0,1,1,0,1,1,1,1,1
1112,1112,,1,0,4,,0,0,0,1,0,0,0,1,0,1,0,0,1,0
1113,1113,,0,1,4,,1,0,0,1,0,0,0,1,0,1,1,1,1,0
1114,1114,,1,0,4,,0,0,0,1,0,0,0,1,0,1,1,1,1,1
1115,1115,,0,1,4,,0,0,0,1,1,0,0,1,0,1,1,1,0,0
1116,1116,,0,1,4,,1,0,0,0,0,1,0,1,0,1,0,0,1,0
1117,1117,,1,1,4,,0,0,1,1,0,1,0,1,1,1,1,1,1,1
1118,1118,,1,1,4,,1,0,1,1,0,1,0,1,0,1,1,1,1,1
1119,1119,,0,1,4,,1,0,0,1,1,0,1,1,0,1,1,1,1,1
1120,1120,,1,1,4,,0,0,0,1,1,1,1,0,1,1,1,1,1,1
1121,1121,,0,1,4,,0,0,0,1,1,0,1,1,0,1,1,1,1,1
1122,1122,,1,1,4,,1,0,1,1,1,0,1,1,1,1,1,1,1,1
1123,1123,,0,1,4,,0,0,0,1,0,0,0,1,0,1,1,1,1,1
1124,1124,,1,1,4,,1,0,0,1,1,1,1,1,0,1,1,1,1,1
1125,1125,,1,1,4,,0,0,1,1,1,0,1,1,1,1,1,1,1,1
1126,1126,,0,1,4,,1,0,0,1,0,0,0,1,0,1,1,1,1,1
1127,1127,,0,1,4,,1,0,0,1,0,0,0,1,0,1,0,0,1,1
1128,1128,,0,1,4,,0,0,0,1,1,0,1,0,0,1,1,1,1,1
1129,1129,,1,1,4,,1,0,0,0,1,0,1,1,0,1,1,1,1,1
1130,1130,,0,1,4,,0,0,0,1,1,0,1,1,0,1,1,1,1,1
1131,1131,,1,1,4,,0,0,1,1,1,0,1,0,1,1,1,1,1,1
1132,1132,,1,1,4,,1,0,0,1,0,1,0,1,0,1,1,1,1,1
1133,1133,,1,1,4,,1,0,0,1,1,1,1,0,0,1,1,1,1,1
1134,1134,,0,1,4,,0,0,0,0,1,0,1,1,0,1,1,1,0,1
1135,1135,,1,1,4,,1,0,0,1,0,0,0,1,0,1,1,1,1,1
1136,1136,,1,0,4,,0,0,0,1,1,0,1,0,0,1,1,1,0,1
1137,1137,,0,1,4,,1,0,1,1,0,1,0,1,1,1,1,1,1,1
1138,1138,,0,1,4,,1,0,1,0,0,0,0,1,1,1,1,1,1,1
1139,1139,,0,1,4,,0,0,1,1,1,1,1,1,1,1,1,1,1,1
1140,1140,,0,1,4,,1,0,0,1,1,0,1,0,1,1,1,1,1,1
1141,1141,,0,1,4,,1,0,0,0,0,0,0,1,1,1,1,1,1,1
1142,1142,,1,1,4,,1,0,1,1,1,1,1,0,1,1,1,1,1,1
1143,1143,,0,1,4,,0,0,0,1,0,0,0,1,0,1,1,1,1,1
1144,1144,,0,1,4,,0,0,0,0,0,0,0,1,0,1,1,1,0,1
1145,1145,,1,1,4,,0,0,0,0,1,0,1,0,0,1,1,1,1,1
1146,1146,,1,1,4,,1,1,0,0,0,1,0,1,0,1,1,1,1,1
1147,1147,,0,1,4,,1,0,0,1,0,0,0,1,1,1,1,1,1,1
1148,1148,,1,1,4,,1,0,0,1,1,1,1,1,0,1,1,1,1,1
1149,1149,,1,1,4,,1,0,0,0,0,1,0,1,0,1,1,1,1,1
1150,1150,,0,1,4,,1,0,0,1,0,0,0,1,0,1,1,1,1,1
1151,1151,,1,0,4,,0,0,0,0,1,1,1,0,0,1,1,1,1,1
1152,1152,,0,1,4,,1,1,0,0,0,1,0,1,0,1,1,1,0,1
1153,1153,,1,1,4,,1,0,0,1,1,0,1,1,0,1,1,1,0,1
1154,1154,,0,1,4,,1,0,0,1,1,0,1,1,0,1,1,1,1,1
1155,1155,,0,1,4,,1,0,0,1,1,1,1,1,0,1,1,1,1,1
1156,1156,,0,1,4,,1,0,0,1,1,0,1,0,0,1,1,1,1,1
1157,1157,,1,1,4,,1,0,0,1,1,1,1,1,1,1,1,1,1,1
1158,1158,,1,1,4,,1,0,1,1,1,0,1,0,0,1,1,1,1,1
1159,1159,,0,1,4,,0,1,0,1,1,0,1,0,0,1,1,1,1,1
1160,1160,,0,1,4,,1,1,1,1,1,0,1,1,0,1,1,1,1,1
1161,1161,,1,1,4,,0,0,1,1,1,0,1,0,1,1,1,1,1,1
1162,1162,,1,0,4,,1,1,0,1,0,0,0,1,1,1,1,1,1,1
1163,1163,,1,0,4,,1,0,0,1,1,0,1,1,0,1,1,1,1,1
1164,1164,,0,1,4,,1,1,1,1,1,0,0,1,0,1,1,1,1,1
1165,1165,,0,1,4,,1,1,1,1,1,0,1,1,0,1,1,1,1,1
1166,1166,,1,0,4,,1,0,1,1,0,0,0,1,1,1,1,1,1,1
1167,1167,,1,0,4,,1,0,1,1,0,0,0,1,0,1,0,0,1,1
1168,1168,,1,0,4,,1,0,1,0,0,0,0,1,0,1,1,0,1,1
1169,1169,,0,1,4,,1,0,1,1,0,1,0,1,1,1,1,1,1,1
1170,1170,,1,1,4,,1,0,0,1,0,0,0,1,0,1,1,1,1,1
1171,1171,,1,1,4,,1,0,0,1,0,0,0,1,1,1,1,1,1,1
1172,1172,,0,1,4,,1,0,0,1,0,0,0,1,0,1,0,1,1,1
1173,1173,,1,1,4,,1,0,0,1,0,1,0,1,1,1,1,1,1,1
1174,1174,,1,0,4,,0,0,0,1,0,0,0,1,0,1,1,1,1,1
1175,1175,,1,0,4,,1,0,0,1,1,1,0,1,1,1,1,1,1,1
1176,1176,,1,1,4,,1,0,0,1,1,1,1,1,1,1,1,1,1,1
1177,1177,,0,1,4,,1,0,0,1,1,0,1,1,0,1,1,1,1,1
1178,1178,,0,1,4,,1,0,1,1,0,0,0,1,0,1,1,1,1,0
1179,1179,,1,0,4,,1,1,0,1,0,0,0,1,1,1,1,1,1,1
1180,1180,,0,1,4,,1,0,0,0,0,0,0,1,0,1,1,1,1,1
1181,1181,,0,1,4,,1,1,0,0,0,0,0,1,0,1,1,1,1,1
1182,1182,,1,1,4,,1,0,0,1,0,1,0,1,1,1,1,1,1,1
1183,1183,,0,1,4,,0,0,0,1,0,0,0,1,1,1,1,1,0,1
1184,1184,,0,1,4,,1,0,0,1,0,1,0,1,0,1,1,1,1,1
1185,1185,,0,1,4,,1,0,0,1,0,1,0,1,0,1,1,1,1,1
1186,1186,,0,1,4,,1,1,0,1,0,0,0,1,0,1,0,0,1,1
1187,1187,,1,1,4,,1,1,0,1,0,1,0,1,0,1,1,1,1,1
1188,1188,,1,1,4,,1,0,0,1,0,0,0,1,0,1,1,1,1,1
1189,1189,,1,0,4,,1,0,0,1,0,0,0,1,1,1,1,1,1,1
1190,1190,,1,1,4,,0,0,0,0,0,1,0,1,0,1,0,0,1,1
1191,1191,,0,1,4,,0,0,0,0,0,0,0,1,0,1,1,1,1,1
1192,1192,,1,0,4,,1,0,0,1,0,0,0,1,0,1,1,1,1,1
1193,1193,,1,1,4,,1,0,0,1,0,0,0,1,1,1,1,1,1,1
1194,1194,,1,1,4,,1,0,0,1,0,0,0,1,0,1,1,1,1,1
1195,1195,,1,1,4,,1,0,1,1,1,0,1,0,0,1,1,1,1,1
1196,1196,,0,1,4,,0,1,0,1,1,0,1,0,0,1,1,1,1,1
1197,1197,,0,1,4,,1,1,0,1,0,1,0,1,0,1,1,1,1,1
1198,1198,,0,1,4,,1,1,0,1,0,1,0,1,0,1,1,1,1,1
1199,1199,,0,1,4,,1,1,0,1,0,1,0,1,0,1,1,1,1,1
1200,1200,,0,1,4,,1,1,0,1,0,1,0,1,1,1,1,1,1,1
1201,1201,,0,1,4,,0,1,0,1,0,1,0,1,1,1,1,1,1,1
1202,1202,,0,1,4,,0,1,0,1,0,1,0,1,0,1,1,1,1,1
1203,1203,,0,1,4,,0,0,0,0,1,0,1,0,0,1,1,1,1,1
1204,1204,,0,1,4,,0,1,0,1,1,0,1,0,0,1,1,1,1,1
1205,1205,,0,1,4,,0,1,0,1,1,0,1,0,0,1,1,1,1,1
1206,1206,,0,1,4,,0,1,0,0,0,0,0,1,0,1,1,1,1,1
1207,1207,,0,1,4,,0,0,0,1,1,0,1,0,0,1,1,1,0,1
1208,1208,,0,1,4,,1,1,0,0,0,0,0,1,1,1,1,1,1,1
1209,1209,,0,1,4,,0,1,0,1,1,1,1,0,1,1,1,1,0,1
1210,1210,,0,1,4,,1,0,0,1,0,0,0,1,0,1,0,0,1,1
1211,1211,,0,1,4,,0,0,0,0,0,0,0,1,0,1,1,1,1,1
1212,1212,,1,1,4,,1,0,0,1,1,1,1,1,1,1,1,1,1,1
1213,1213,,1,1,4,,1,0,0,1,1,0,1,0,0,1,1,1,0,1
1214,1214,,0,1,4,,0,1,0,1,0,0,0,1,0,1,1,1,1,1
1215,1215,,0,1,4,,0,1,0,1,0,0,0,1,0,1,1,1,1,1
1216,1216,,0,1,4,,1,0,1,1,0,0,0,1,0,1,0,0,1,1
1217,1217,,0,1,4,,1,0,0,1,1,1,1,1,0,1,1,1,1,1
1218,1218,,0,1,4,,0,1,0,1,1,1,1,0,0,1,1,1,1,1
1219,1219,,0,1,4,,1,0,0,1,0,0,0,1,0,1,1,1,1,1
1220,1220,,1,1,4,,1,0,0,1,1,0,1,0,0,1,0,0,0,1
1221,1221,,0,1,4,,1,1,0,1,0,1,0,1,0,1,1,1,1,1
1222,1222,,0,1,4,,0,0,0,0,1,0,1,0,0,1,1,1,1,1
1223,1223,,1,1,4,,0,0,0,1,1,1,1,0,0,1,1,1,0,1
1224,1224,,0,1,4,,0,1,0,1,0,0,0,1,0,1,1,1,1,1
1225,1225,,0,1,4,,1,0,1,1,1,0,1,0,0,1,1,1,1,1
1226,1226,,0,1,4,,1,0,0,1,1,0,1,0,1,1,1,1,1,1
1227,1227,,0,1,4,,0,0,0,1,1,1,1,0,1,1,1,1,0,1
1228,1228,,1,1,4,,1,0,0,1,0,1,0,1,0,1,1,1,1,1
1229,1229,,1,1,4,,1,0,0,0,1,0,1,0,0,1,1,1,1,1
1230,1230,,0,1,4,,1,0,0,1,1,1,1,0,0,1,1,1,1,1
1231,1231,,0,1,4,,0,0,1,1,1,0,1,0,0,1,1,1,1,1
1232,1232,,0,1,4,,0,0,0,1,1,0,1,1,1,1,1,1,1,1
1233,1233,,0,1,4,,1,0,0,1,0,0,0,0,0,1,1,1,1,1
1234,1234,,0,1,4,,1,0,0,1,0,0,0,1,0,1,1,1,1,1
1235,1235,,0,1,4,,0,0,0,0,1,0,0,1,1,1,1,1,1,1
1236,1236,,0,1,4,,1,0,1,0,0,1,0,1,0,1,1,1,1,1
1237,1237,,1,1,4,,1,0,1,1,0,1,0,1,0,1,1,1,1,1
1238,1238,,0,1,4,,0,0,0,1,1,0,0,1,1,1,1,1,1,1
1239,1239,,1,0,4,,1,0,0,1,0,0,0,1,0,1,1,1,1,1
1240,1240,,1,0,4,,1,0,1,0,0,0,0,1,0,1,1,1,1,1
1241,1241,,1,0,4,,0,0,0,1,0,0,0,1,0,1,1,1,1,1
1242,1242,,1,1,4,,1,0,0,0,0,0,0,1,0,1,1,1,1,1
1243,1243,,0,1,4,,1,0,0,1,1,1,1,1,0,1,1,1,1,1
1244,1244,,0,1,4,,1,1,0,1,0,1,0,1,0,1,1,1,1,1
1245,1245,,0,1,4,,1,1,0,1,1,0,1,0,1,1,1,1,1,1
1246,1246,,1,1,4,,1,0,1,1,0,0,0,1,1,1,1,1,1,1
1247,1247,,1,1,4,,1,0,0,1,0,0,0,1,0,1,1,1,1,1
1248,1248,,0,1,4,,1,0,1,1,0,0,0,1,0,1,1,1,1,1
1249,1249,,0,1,4,,1,0,0,1,0,0,0,1,1,1,1,1,1,1
1250,1250,,1,1,4,,1,0,0,1,1,0,1,1,1,1,1,1,1,1
1251,1251,,0,0,4,,1,0,0,1,0,0,0,1,0,1,1,1,1,1
1252,1252,,0,1,4,,0,0,0,0,1,1,1,0,0,1,1,1,1,1
1253,1253,,1,1,4,,1,0,1,1,1,0,1,1,1,1,1,1,1,1
1254,1254,,0,1,4,,0,0,1,1,1,0,1,1,0,1,1,1,1,1
1255,1255,,1,1,4,,1,0,0,1,0,0,0,1,0,1,1,1,1,1
1256,1256,,1,0,4,,1,0,0,1,0,1,0,1,0,1,1,1,1,1
1257,1257,,1,0,4,,0,0,0,1,0,0,0,1,0,1,1,1,0,1
1258,1258,,0,1,4,,1,0,1,0,0,0,0,1,0,1,1,1,1,1
1259,1259,,1,1,4,,1,0,1,0,0,1,0,1,1,1,1,1,1,1
1260,1260,,0,1,4,,0,0,0,1,0,0,0,1,0,1,1,1,1,1
1261,1261,,0,1,4,,1,1,0,1,0,0,0,1,0,1,1,1,1,1
1262,1262,,0,1,4,,0,1,0,1,1,1,1,0,1,1,1,1,1,1
1263,1263,,0,1,4,,0,1,0,1,1,1,1,1,1,1,1,1,1,1
1264,1264,,0,1,4,,1,0,0,1,0,1,0,1,0,1,1,1,1,1
1265,1265,,1,1,4,,0,0,0,0,1,1,1,0,0,1,1,1,1,1
1266,1266,,0,1,4,,1,0,0,1,0,0,0,1,1,1,1,1,1,1
1267,1267,,0,1,4,,0,0,1,1,1,0,1,1,0,1,1,1,1,1
1268,1268,,0,1,4,,0,1,0,1,1,1,1,1,0,1,1,1,1,1
1269,1269,,1,1,4,,1,1,0,0,0,1,0,1,0,1,0,0,1,1
1270,1270,,1,1,4,,1,0,0,1,0,0,0,1,0,1,1,1,1,1
1271,1271,,1,1,4,,1,0,0,0,0,1,0,1,1,1,1,1,1,1
1272,1272,,1,1,4,,0,0,1,1,1,0,1,1,1,1,1,1,1,1
1273,1273,,0,1,4,,1,0,0,1,0,0,0,1,1,1,1,1,1,1
1274,1274,,0,1,4,,1,0,1,1,1,1,1,1,1,1,1,1,1,1
1275,1275,,0,1,4,,0,0,0,1,1,0,1,0,1,1,1,1,1,1
1276,1276,,0,1,4,,1,0,0,0,1,0,0,1,1,1,1,1,1,1
1277,1277,,1,1,4,,1,0,1,1,1,1,1,0,1,1,1,1,1,1
1278,1278,,0,1,4,,1,1,1,1,1,1,1,1,1,1,1,1,1,1
1279,1279,,0,1,4,,0,0,0,1,1,0,1,0,1,1,1,1,1,1
1280,1280,,0,1,4,,0,0,0,1,0,0,0,1,1,1,1,1,1,1
1281,1281,,0,1,4,,1,0,1,1,0,0,0,1,0,1,1,1,1,1
1282,1282,,0,1,4,,1,0,1,1,1,0,1,0,1,1,1,1,1,1
1283,1283,,0,1,4,,1,0,1,1,1,1,1,0,1,1,1,1,1,1
1284,1284,,0,1,4,,0,0,0,1,1,1,1,1,1,1,1,1,1,1
1285,1285,,0,1,4,,0,1,0,1,0,1,0,1,0,1,1,1,1,1
1286,1286,,0,1,4,,0,0,0,1,0,0,0,1,1,1,1,1,1,1
1287,1287,,0,1,4,,1,0,1,1,0,0,0,1,1,1,1,1,1,1
1288,1288,,1,1,4,,1,0,1,1,0,0,0,1,0,1,1,1,1,1
1289,1289,,0,1,4,,0,0,0,0,1,0,1,0,0,1,1,1,1,1
1290,1290,,0,1,4,,0,1,0,1,1,0,1,0,0,1,1,1,1,1
1291,1291,,1,1,4,,0,0,0,1,1,1,1,0,1,1,1,1,1,1
1292,1292,,0,1,4,,1,0,1,1,0,1,0,1,1,1,1,1,1,1
1293,1293,,0,1,4,,1,0,0,1,1,1,1,1,0,1,1,1,1,1
1294,1294,,1,0,4,,1,0,0,1,0,0,0,1,1,1,1,1,1,1
1295,1295,,0,1,4,,1,0,1,1,1,0,1,1,0,1,1,1,1,1
1296,1296,,1,1,4,,1,0,0,1,1,1,1,0,0,1,1,1,1,1
1297,1297,,0,1,4,,0,0,0,1,1,1,1,1,0,1,1,1,1,1
1298,1298,,0,1,4,,1,0,0,1,1,0,1,0,0,1,1,1,1,1
1299,1299,,0,1,4,,1,1,0,1,0,0,0,1,0,1,1,1,1,1
1300,1300,,0,1,4,,0,0,1,1,1,0,1,0,0,1,1,1,1,1
1301,1301,,0,1,4,,0,0,0,1,1,0,1,0,0,1,1,1,1,1
1302,1302,,0,1,4,,0,0,0,1,0,0,0,0,0,1,1,1,1,1
1303,1303,,0,1,4,,0,0,0,1,1,0,1,0,0,1,1,1,1,1
1304,1304,,1,0,4,,1,0,0,1,1,0,1,0,1,1,1,1,1,1
1305,1305,,1,0,4,,1,0,0,1,0,0,0,1,1,1,1,1,1,1
1306,1306,,1,1,4,,0,0,0,1,1,0,1,0,1,1,1,1,1,1
1307,1307,,0,1,4,,1,0,0,1,0,1,0,1,0,1,1,1,1,1
1308,1308,,0,1,4,,0,0,1,0,0,0,0,1,0,1,1,1,1,1
1309,1309,,0,1,4,,1,0,0,0,0,0,0,0,0,1,1,1,1,1
1310,1310,,1,1,4,,1,0,0,1,1,1,1,0,0,1,1,1,1,1
1311,1311,,0,1,4,,1,0,0,1,1,0,1,1,0,1,1,1,1,1
1312,1312,,1,1,4,,1,0,1,0,0,0,0,1,0,1,1,1,1,1
1313,1313,,0,1,4,,0,0,1,1,0,0,0,1,1,1,1,1,1,1
1314,1314,,1,0,4,,1,0,0,1,1,0,1,1,1,1,1,1,1,1
1315,1315,,0,1,4,,1,0,0,1,0,0,0,1,1,1,1,1,1,1
1316,1316,,1,1,4,,1,0,0,1,1,0,1,0,1,1,1,1,1,1
1317,1317,,0,1,4,,0,0,0,1,1,0,1,0,0,1,1,1,1,1
1318,1318,,0,1,4,,0,0,0,0,0,1,0,1,0,1,1,1,1,1
1319,1319,,0,1,4,,0,1,0,1,1,1,0,1,1,1,1,1,1,1
1320,1320,,0,1,4,,1,1,0,1,0,1,0,1,0,1,1,1,1,1
1321,1321,,1,1,4,,1,0,0,1,1,1,1,1,1,1,1,1,1,1
1322,1322,,0,0,4,,1,0,1,1,1,1,1,0,1,1,1,1,1,1
1323,1323,,1,1,4,,1,0,0,0,1,1,1,0,1,1,1,1,1,1
1324,1324,,1,1,4,,1,0,1,1,0,1,0,1,0,1,1,1,1,1
1325,1325,,0,1,4,,0,0,1,1,1,1,1,0,1,1,1,1,1,1
1326,1326,,1,1,4,,0,0,0,0,1,1,1,0,0,1,1,0,1,1
1327,1327,,1,1,4,,0,0,0,1,1,1,1,0,0,1,0,0,1,1
1328,1328,,0,1,4,,1,0,1,1,1,0,1,1,0,1,1,1,1,1
1329,1329,,0,1,4,,1,0,0,1,1,0,1,0,0,1,1,1,1,1
1330,1330,,0,1,1,,1,0,0,1,0,0,0,1,0,1,0,0,1,1
1331,1331,,1,1,1,,1,0,0,1,0,1,0,1,0,1,0,0,1,0
1332,1332,,1,0,1,,1,1,0,1,0,0,0,1,0,1,1,1,1,1
1333,1333,,1,0,1,,1,1,0,0,0,1,0,1,0,1,1,1,1,1
1334,1334,,0,1,1,,1,0,0,1,0,0,0,1,0,1,1,1,1,1
1335,1335,,0,1,1,,1,0,0,1,0,1,0,1,1,1,1,1,1,1
1336,1336,,0,0,1,,1,0,1,1,0,1,0,1,0,1,1,1,1,1
1337,1337,,1,1,1,,1,0,0,1,0,1,0,1,1,1,1,1,1,1
1338,1338,,1,0,1,,1,0,0,1,0,1,0,1,0,1,1,1,1,1
1339,1339,,1,1,1,,1,0,0,1,0,0,0,1,1,1,1,1,1,1
1340,1340,,1,1,1,,1,0,1,1,0,1,0,1,0,1,1,1,1,1
1341,1341,,0,1,1,,1,0,0,1,0,0,0,1,0,1,1,1,1,1
1342,1342,,1,0,1,,1,0,0,1,0,1,0,1,0,1,1,1,1,1
1343,1343,,1,0,1,,1,0,1,1,0,0,0,1,1,1,0,0,1,1
1344,1344,,0,1,1,,1,0,0,1,0,0,0,1,1,1,1,1,1,1
1345,1345,,0,1,1,,1,0,1,1,0,1,0,1,1,1,1,1,1,1
1346,1346,,0,1,1,,1,0,0,1,0,0,0,1,0,1,1,1,1,1
1347,1347,,1,0,1,,1,0,0,0,0,0,0,1,0,1,0,0,1,1
1348,1348,,1,1,1,,1,0,0,1,0,0,0,1,0,1,1,1,1,1
1349,1349,,1,0,1,,1,0,0,0,0,0,0,1,1,1,1,1,1,1
1350,1350,,1,0,1,,1,0,1,1,0,0,0,1,0,1,1,1,1,1
1351,1351,,1,0,1,,1,0,0,1,0,0,0,1,0,1,0,0,1,1
1352,1352,,1,1,1,,1,0,0,1,0,0,0,1,0,1,1,1,1,1
1353,1353,,1,0,1,,1,0,0,1,0,0,0,1,0,1,1,1,1,1
1354,1354,,1,0,1,,1,0,0,0,0,0,0,1,0,1,1,1,1,1
1355,1355,,1,1,1,,1,0,0,1,0,1,0,1,1,1,1,1,1,1
1356,1356,,1,1,1,,1,0,1,1,1,0,1,1,0,1,1,1,1,1
1357,1357,,1,1,1,,1,0,0,1,0,0,0,1,1,1,1,1,1,1
1358,1358,,1,1,1,,1,0,0,1,0,0,0,1,1,1,1,1,1,1
1359,1359,,1,0,1,,1,0,0,1,0,0,0,1,0,1,1,1,1,1
1360,1360,,0,1,1,,1,0,0,1,0,1,0,1,0,1,1,1,1,1
1361,1361,,1,1,1,,1,0,0,1,0,1,0,1,0,1,1,1,1,0
1362,1362,,0,1,1,,1,1,0,1,0,1,0,1,0,1,1,1,1,1
1363,1363,,0,1,1,,1,0,0,1,1,1,1,1,1,1,1,1,1,1
1364,1364,,0,1,1,,1,0,0,1,1,0,1,1,0,1,1,1,1,1
1365,1365,,1,1,1,,1,0,0,1,1,0,1,1,0,1,1,1,1,1
1366,1366,,1,1,1,,1,0,0,1,0,0,0,1,0,1,0,0,1,1
1367,1367,,0,1,1,,1,0,1,1,0,1,0,1,0,1,1,1,1,1
1368,1368,,1,1,1,,1,0,0,1,0,0,0,1,1,1,1,1,1,0
1369,1369,,1,0,1,,1,0,1,1,0,0,0,1,1,1,1,1,1,1
1370,1370,,1,0,1,,1,1,1,0,0,0,0,1,0,1,1,1,1,1
1371,1371,,0,1,1,,0,0,0,1,0,0,0,1,0,1,1,1,1,1
1372,1372,,1,0,1,,0,0,0,1,1,0,1,1,1,1,1,1,1,1
1373,1373,,1,0,1,,1,0,0,1,0,0,0,1,0,1,1,1,1,1
1374,1374,,1,0,1,,1,0,0,1,0,0,0,1,0,1,1,1,1,1
1375,1375,,1,0,1,,1,0,0,1,0,0,0,1,0,1,1,1,1,1
1376,1376,,1,0,1,,1,0,0,1,0,0,0,1,0,1,1,1,1,1
1377,1377,,0,1,1,,0,0,0,1,0,0,0,1,0,1,1,1,1,1
1378,1378,,1,1,1,,1,0,0,1,0,0,0,1,0,1,1,1,1,1
1379,1379,,1,1,1,,1,0,0,1,0,0,0,1,0,1,1,1,1,1
1380,1380,,1,1,1,,1,0,0,0,0,0,0,1,0,1,1,1,1,0
1381,1381,,1,0,1,,1,0,0,1,0,0,0,1,0,1,1,1,1,1
1382,1382,,1,1,1,,1,0,1,1,0,0,0,1,0,1,1,1,1,1
1383,1383,,1,1,1,,1,0,0,1,0,1,0,1,0,1,1,1,1,1
1384,1384,,1,1,1,,1,0,0,1,0,1,0,1,0,1,1,1,1,1
1385,1385,,1,1,1,,1,0,1,1,0,0,0,1,0,1,1,1,1,1
1386,1386,,1,0,1,,0,0,0,1,0,1,0,1,1,1,1,1,1,1
1387,1387,,1,0,1,,1,0,1,0,0,0,0,1,1,1,1,1,1,1
1388,1388,,1,0,1,,1,0,0,1,0,1,0,1,0,1,1,1,1,1
1389,1389,,0,1,1,,0,0,0,0,0,0,0,1,0,1,1,1,1,1
1390,1390,,0,1,1,,1,0,0,0,0,0,0,1,1,1,1,1,1,1
1391,1391,,0,1,1,,0,0,0,0,0,0,0,1,1,1,1,1,1,1
1392,1392,,0,1,1,,0,1,0,0,0,0,0,1,1,1,1,1,1,1
1393,1393,,0,1,1,,1,0,0,1,1,1,1,1,0,1,1,1,1,1
1394,1394,,0,1,1,,1,0,0,0,0,0,0,1,0,1,1,1,1,0
1395,1395,,0,1,1,,1,1,1,0,0,0,0,1,0,1,1,1,1,0
1396,1396,,0,1,1,,0,0,0,1,0,0,0,1,0,1,1,1,1,1
1397,1397,,0,1,1,,0,0,0,1,0,0,0,1,0,1,1,1,1,1
1398,1398,,0,1,1,,1,0,0,1,0,0,0,1,1,1,1,1,1,0
1399,1399,,0,1,1,,0,1,0,1,0,1,0,1,0,1,1,1,1,1
1400,1400,,0,1,1,,0,1,0,1,0,0,0,1,0,1,1,1,1,0
1401,1401,,0,1,1,,1,0,0,1,0,1,0,0,1,1,1,1,1,1
1402,1402,,0,1,1,,1,1,0,1,0,1,0,1,0,1,1,1,1,1
1403,1403,,0,1,1,,1,1,0,1,0,0,0,1,0,1,1,1,1,0
1404,1404,,0,1,1,,0,0,0,1,0,0,0,1,0,1,1,1,1,1
1405,1405,,0,1,1,,1,0,0,1,0,0,0,1,0,1,1,1,1,1
1406,1406,,0,1,1,,1,0,0,1,1,0,1,0,0,1,0,0,1,1
1407,1407,,0,1,1,,0,0,1,1,0,1,0,1,1,1,1,1,1,1
1408,1408,,0,1,1,,1,0,1,1,0,1,0,0,0,1,1,1,1,1
1409,1409,,0,1,1,,1,0,1,1,0,0,0,0,0,1,0,0,1,1
1410,1410,,0,1,1,,1,0,1,1,0,0,0,0,0,1,1,1,1,1
1411,1411,,0,1,1,,0,0,0,0,0,0,0,1,0,1,1,1,1,0
1412,1412,,0,1,1,,0,0,0,0,0,0,0,1,0,1,1,1,1,0
1413,1413,,0,1,1,,0,0,0,0,0,0,0,1,0,1,1,1,1,0
1414,1414,,0,1,1,,0,0,0,0,0,0,0,1,0,1,1,1,1,0
1415,1415,,0,1,1,,1,0,0,0,0,0,0,1,0,1,1,1,1,1
1416,1416,,0,1,1,,1,0,0,1,0,0,0,1,0,1,1,1,1,0
1417,1417,,1,1,1,,1,0,0,0,0,1,0,1,0,1,1,1,1,1
1418,1418,,0,1,1,,0,0,0,1,1,0,1,0,0,1,1,1,1,0
1419,1419,,1,0,1,,1,0,0,1,0,0,0,1,0,1,0,0,1,0
1420,1420,,1,0,1,,1,0,1,1,0,1,0,1,0,1,0,0,1,0
1421,1421,,1,0,1,,1,0,1,1,0,0,0,1,0,1,1,1,1,0
1422,1422,,1,0,1,,1,0,1,1,0,1,0,1,0,1,0,0,1,0
1423,1423,,1,0,1,,1,0,1,1,0,0,0,1,0,1,1,1,1,0
1424,1424,,1,0,1,,1,0,1,1,0,0,0,1,0,1,1,1,1,0
1425,1425,,1,0,1,,1,0,0,0,0,0,0,1,0,1,1,1,1,1
1426,1426,,1,0,1,,1,0,1,1,0,0,0,1,0,1,0,0,1,0
1427,1427,,1,1,1,,1,0,1,1,0,1,0,1,0,1,1,0,1,0
1428,1428,,1,1,1,,1,0,0,0,0,0,0,1,0,1,1,1,0,0
1429,1429,,1,1,1,,1,0,1,0,0,0,0,1,0,1,1,1,1,0
1430,1430,,1,1,1,,1,0,0,1,0,0,0,1,0,1,1,1,1,0
1431,1431,,1,1,1,,1,0,1,1,0,0,0,1,0,1,1,1,1,0
1432,1432,,1,1,1,,1,0,0,1,0,0,0,1,0,1,1,1,1,0
1433,1433,,1,1,1,,1,0,0,0,0,0,0,1,0,1,1,1,1,0
1434,1434,,1,1,1,,1,0,0,1,0,0,0,1,0,1,1,1,1,0
1435,1435,,1,1,1,,1,0,0,0,0,0,0,1,0,1,1,1,1,0
1436,1436,,1,1,1,,1,0,0,0,0,0,0,1,0,1,1,1,0,0
1437,1437,,1,1,1,,1,0,1,1,0,0,0,1,0,1,1,1,1,1
1438,1438,,1,0,1,,0,0,0,0,0,0,0,1,0,1,1,1,1,0
1439,1439,,1,0,1,,1,0,1,0,0,0,0,1,0,1,1,1,1,1
1440,1440,,1,0,1,,1,0,0,1,0,0,0,1,0,1,0,0,1,0
1441,1441,,1,0,1,,1,0,0,0,0,0,0,1,0,1,0,0,1,1
1442,1442,,1,0,1,,1,0,1,0,0,0,0,1,0,1,1,1,1,1
1443,1443,,1,0,1,,1,0,1,1,0,0,0,1,0,1,1,1,0,1
1444,1444,,1,1,1,,1,0,0,0,0,0,0,1,0,1,1,1,1,0
1445,1445,,1,1,1,,1,0,0,0,0,0,0,1,1,1,1,1,1,1
1446,1446,,1,0,1,,1,0,0,0,1,1,1,1,1,1,1,1,1,1
1447,1447,,1,0,1,,1,0,0,1,0,0,0,1,0,1,1,1,1,0
1448,1448,,1,0,1,,1,0,0,1,0,0,0,1,0,1,1,1,1,1
1449,1449,,1,0,1,,1,0,0,0,1,0,1,0,0,1,1,1,1,0
1450,1450,,1,0,1,,1,0,0,0,0,0,0,1,0,1,0,0,1,1
1451,1451,,1,0,1,,1,0,0,0,0,0,0,1,0,1,1,1,1,1
1452,1452,,1,0,1,,1,0,1,1,0,0,0,1,0,1,1,1,1,0
1453,1453,,1,0,1,,1,0,1,1,0,0,0,1,0,1,1,1,1,0
1454,1454,,1,0,1,,1,0,0,0,0,0,0,1,0,1,1,1,1,1
1455,1455,,1,0,1,,1,0,0,1,0,1,0,1,0,1,1,1,1,1
1456,1456,,1,0,1,,1,0,0,1,0,1,0,1,0,1,1,1,1,1
1457,1457,,1,0,1,,1,0,0,1,0,1,0,1,0,1,1,1,1,1
1458,1458,,1,0,1,,1,0,0,0,0,0,0,1,0,1,1,1,1,1
1459,1459,,1,0,1,,1,0,0,1,0,0,0,1,0,1,1,1,1,0
1460,1460,,1,0,1,,1,0,0,1,0,1,0,1,0,1,1,1,1,0
1461,1461,,1,0,1,,1,0,0,0,0,0,0,1,0,1,0,0,0,0
1462,1462,,1,0,1,,1,0,1,1,0,0,0,1,0,1,0,0,0,1
1463,1463,,1,1,1,,1,0,1,1,0,0,0,1,0,1,1,1,1,0
1464,1464,,0,0,1,,1,0,0,0,0,0,0,1,0,1,0,1,1,1
1465,1465,,1,0,1,,1,0,1,0,0,0,0,1,0,1,1,1,1,0
1466,1466,,1,0,1,,1,0,0,0,1,1,1,0,0,1,1,1,1,0
1467,1467,,1,0,1,,1,0,0,1,0,0,0,1,0,1,1,1,1,1
1468,1468,,1,0,1,,1,0,0,1,1,0,1,0,0,1,1,1,1,1
1469,1469,,1,0,1,,1,1,0,1,0,0,0,1,0,1,1,1,1,1
1470,1470,,1,1,1,,1,0,0,1,1,1,1,1,0,1,1,1,1,1
1471,1471,,1,1,1,,1,0,0,1,0,0,0,1,0,1,1,1,1,0
1472,1472,,1,0,1,,1,0,0,1,0,0,0,1,0,1,1,1,1,0
1473,1473,,1,0,1,,1,0,0,0,0,0,0,1,0,1,0,0,1,0
1474,1474,,1,0,1,,1,0,0,1,0,0,0,1,0,1,0,0,1,0
1475,1475,,1,0,1,,1,0,0,1,0,0,0,1,0,1,1,1,1,0
1476,1476,,1,0,1,,1,1,0,1,0,0,0,1,0,1,1,1,1,0
1477,1477,,1,0,1,,1,0,1,1,1,0,1,1,0,1,1,1,1,1
1478,1478,,1,0,1,,1,0,0,1,0,0,0,1,0,1,0,0,1,1
1479,1479,,1,0,1,,1,0,1,1,0,0,0,1,0,1,1,1,1,0
1480,1480,,1,0,1,,1,0,0,1,0,0,0,1,0,1,1,1,1,0
1481,1481,,1,0,1,,1,1,0,1,0,0,0,1,0,1,1,1,1,1
1482,1482,,1,0,1,,0,0,1,1,1,0,1,0,0,1,1,1,0,1
1483,1483,,1,0,1,,1,0,1,1,0,1,0,1,0,1,1,1,1,0
1484,1484,,1,0,1,,1,0,0,1,0,0,0,1,0,1,1,1,1,1
1485,1485,,1,0,1,,1,0,1,0,0,0,0,1,1,1,1,1,1,1
1486,1486,,1,0,1,,1,0,0,1,1,0,1,1,0,1,1,1,1,0
1487,1487,,1,0,1,,1,0,0,1,0,0,0,1,0,1,1,1,1,0
1488,1488,,1,1,1,,1,0,1,1,0,0,0,1,0,1,1,1,1,0
1489,1489,,1,1,1,,0,0,0,0,1,0,1,0,0,1,1,1,1,0
1490,1490,,1,1,1,,1,0,0,1,0,0,0,1,0,1,1,1,1,1
1491,1491,,1,0,1,,1,0,0,0,0,0,0,1,0,1,1,1,1,0
1492,1492,,1,0,1,,1,0,0,1,0,0,0,1,0,1,0,0,1,0
1493,1493,,1,1,1,,1,0,0,0,0,0,0,1,0,1,1,1,1,0
1494,1494,,0,1,1,,1,0,0,1,0,0,0,1,0,1,1,1,1,0
1495,1495,,0,1,1,,0,0,0,1,0,1,0,1,0,1,1,1,1,1
1496,1496,,0,1,1,,1,1,0,0,0,0,0,1,0,1,1,1,0,1
1497,1497,,0,1,1,,0,0,0,1,0,0,0,1,0,1,1,1,0,1
1498,1498,,0,1,1,,1,0,0,1,0,0,0,0,0,1,1,1,1,1
1499,1499,,0,1,1,,0,0,0,1,0,0,0,1,0,1,1,1,0,0
1500,1500,,0,1,1,,0,0,0,1,1,0,1,1,0,1,1,1,1,0
1501,1501,,0,1,1,,1,0,0,0,0,0,0,1,0,1,1,1,1,1
