,Unnamed: 0,Class,IsFunctional,IsQuality,ProjectID,RequirementText,AComp,nsubj,dobj,nummod,amod,acl,nmod,auxpass,nsubjpass,prep,pobj,advmod,Modal,Adverb,Cardinal,hasFverb,hasQverb
0,0,PE,1,1,1,,0,1,1,1,0,0,0,0,0,0,0,0,1,0,1,0,0
1,1,LF,0,1,1,,0,1,1,0,0,1,0,0,0,1,1,0,1,0,0,0,0
2,2,US,0,1,1,,1,1,1,1,1,0,1,0,0,1,1,0,2,0,3,0,1
3,3,A,0,1,1,,2,1,1,1,1,0,0,0,0,1,1,1,2,2,2,0,1
4,4,US,0,1,1,,1,1,0,1,1,0,0,0,0,1,1,0,2,0,3,0,1
5,5,SE,1,1,1,,0,1,0,0,1,0,0,1,1,1,1,1,3,1,0,0,1
6,6,US,0,1,1,,1,1,1,1,1,0,0,0,0,1,1,0,2,0,2,0,1
7,7,PE,0,1,1,,0,1,1,0,0,0,1,0,0,1,1,1,1,1,0,0,0
8,8,F,1,0,1,,0,1,1,0,0,0,0,0,0,1,1,0,1,0,0,0,0
9,9,F,1,0,1,,0,1,1,0,1,0,0,0,0,1,1,0,1,0,0,1,0
10,10,F,1,0,1,,0,1,1,0,0,0,0,0,0,1,1,0,1,0,0,1,0
11,11,F,1,0,1,,0,1,1,0,0,0,0,0,0,0,0,0,1,0,0,1,0
12,12,F,0,1,1,,1,1,1,1,0,1,0,0,0,1,1,1,1,1,5,0,0
13,13,F,0,0,1,,0,1,0,0,0,1,0,0,0,1,1,0,0,0,0,0,1
14,14,F,0,1,1,,0,0,0,1,1,0,0,1,1,1,1,0,1,0,1,0,0
15,15,F,1,1,1,,0,1,1,0,1,0,0,0,0,1,1,1,1,1,2,0,0
16,16,F,1,1,1,,0,1,1,0,1,0,0,0,0,1,1,0,1,0,2,0,0
17,17,F,1,1,1,,0,1,1,0,1,0,0,0,0,1,1,0,1,0,0,0,0
18,18,F,1,1,1,,0,1,1,1,0,0,0,0,0,1,1,0,1,0,4,1,0
19,19,F,1,1,1,,0,1,1,1,0,0,1,0,0,1,1,1,1,1,4,0,0
20,20,F,1,0,1,,0,1,1,0,0,0,0,0,0,1,1,0,1,0,0,1,0
21,21,F,1,0,1,,0,1,1,0,0,0,0,0,0,1,1,0,1,0,0,0,0
22,22,F,1,0,1,,0,1,1,0,0,0,0,0,0,1,1,0,1,0,0,0,0
23,23,F,1,0,1,,0,1,1,0,0,0,0,0,0,0,0,0,1,0,0,1,0
24,24,F,1,0,1,,0,1,1,0,1,0,0,0,0,1,1,0,1,0,0,1,0
25,25,F,1,0,1,,0,1,1,0,0,1,0,0,0,1,1,0,1,0,0,0,0
26,26,F,1,0,1,,0,1,1,0,1,0,0,0,0,1,1,1,1,0,0,0,0
27,27,F,1,0,1,,0,1,1,0,0,1,1,0,0,1,1,0,1,0,0,0,0
28,28,LF,0,1,2,,0,1,0,0,1,0,0,0,0,1,1,0,1,0,0,0,0
29,29,LF,0,1,2,,0,1,1,0,1,0,0,0,0,1,1,0,1,0,0,0,0
30,30,LF,0,1,2,,0,1,1,0,1,0,0,0,0,0,0,0,1,0,0,0,0
31,31,LF,0,1,2,,0,1,1,0,1,0,0,0,0,0,0,0,1,0,0,0,0
32,32,US,0,1,2,,0,0,0,0,0,0,0,1,1,1,1,0,1,0,0,0,1
33,33,US,0,1,2,,1,1,0,0,0,0,0,0,0,0,0,0,1,0,0,0,1
34,34,US,0,1,2,,1,1,0,0,0,0,0,0,0,0,0,0,1,0,0,0,1
35,35,US,0,1,2,,1,1,1,0,0,0,0,0,0,1,1,1,1,1,0,0,1
36,36,PE,1,1,2,,0,1,1,0,1,0,0,0,0,1,1,0,1,0,0,0,0
37,37,PE,1,1,2,,0,1,1,1,1,0,0,1,1,0,0,0,1,1,1,0,0
38,38,PE,1,1,2,,0,1,1,0,1,0,0,0,0,1,1,0,1,0,0,1,0
39,39,PE,1,1,2,,0,1,1,1,1,0,0,1,1,0,0,0,1,1,1,0,0
40,40,PE,1,1,2,,0,1,1,0,1,0,0,0,0,1,1,0,1,0,0,0,0
41,41,PE,1,1,2,,0,1,0,0,0,0,0,0,0,1,1,0,1,0,0,0,0
42,42,A,0,1,2,,1,1,1,1,0,0,0,0,0,1,1,0,1,0,2,0,1
43,43,A,0,1,2,,1,1,0,1,0,0,0,0,0,1,1,0,0,0,2,0,1
44,44,FT,0,1,2,,1,1,0,0,0,0,0,0,0,1,1,1,1,0,0,0,0
45,45,FT,1,0,2,,0,1,1,0,1,0,0,0,0,0,0,1,1,1,0,1,0
46,46,FT,1,0,2,,0,1,1,0,0,0,0,0,0,1,1,0,1,0,0,0,0
47,47,FT,1,1,2,,0,1,0,1,1,0,0,1,1,1,1,1,1,1,1,0,0
48,48,SC,1,0,2,,0,1,1,0,1,0,0,0,0,0,0,0,1,0,0,0,0
49,49,SC,0,1,2,,0,1,1,1,1,0,0,0,0,0,0,0,1,0,1,0,1
50,50,SC,0,1,2,,1,1,1,1,1,0,0,1,1,1,1,0,1,0,2,0,1
51,51,US,0,1,2,,0,0,0,0,1,0,0,1,1,1,1,1,1,1,0,0,0
52,52,US,0,1,2,,0,1,1,1,1,0,0,0,0,1,1,0,1,0,1,0,0
53,53,PO,0,1,2,,0,0,0,0,0,0,0,1,1,1,1,0,0,0,0,0,0
54,54,SE,0,1,2,,0,1,1,0,1,0,0,0,0,0,0,0,1,1,0,0,0
55,55,SE,1,1,2,,0,0,0,0,0,0,0,1,1,1,1,0,1,0,0,0,0
56,56,SE,0,1,2,,0,1,1,0,1,1,0,1,0,1,1,0,1,0,0,0,0
57,57,F,1,0,2,,0,1,1,0,1,0,0,0,0,0,0,0,1,0,0,1,0
58,58,F,1,0,2,,0,1,1,0,1,0,0,0,0,1,1,0,1,0,0,0,0
59,59,F,1,0,2,,0,1,1,0,0,0,0,0,0,1,1,0,1,0,0,0,0
60,60,F,1,0,2,,0,1,1,0,1,0,0,0,0,1,1,0,1,0,0,1,0
61,61,F,1,0,2,,0,1,1,0,1,0,0,0,0,1,1,0,1,0,0,0,0
62,62,F,1,0,2,,0,1,1,0,0,1,0,0,0,1,1,0,1,0,0,1,0
63,63,F,1,0,2,,0,1,1,0,0,0,0,0,0,0,0,0,1,0,0,0,0
64,64,F,1,0,2,,0,0,0,0,1,0,0,1,1,1,1,0,1,0,0,1,0
65,65,F,1,0,2,,0,1,1,0,1,1,0,0,0,1,1,0,1,0,0,0,0
66,66,F,1,0,2,,0,1,1,0,0,0,0,0,0,1,1,1,1,0,0,1,0
67,67,F,1,0,2,,0,1,1,0,0,0,0,0,0,0,0,0,1,0,0,1,0
68,68,US,0,1,3,,1,1,0,0,0,0,1,0,0,1,1,0,1,0,0,0,1
69,69,US,0,1,3,,0,1,1,1,0,0,0,0,0,1,1,0,1,0,1,0,1
70,70,US,0,1,3,,0,1,1,0,0,0,0,0,0,1,1,0,1,0,0,0,0
71,71,US,0,1,3,,0,0,0,1,1,1,0,1,1,1,1,0,1,0,1,0,0
72,72,US,0,1,3,,1,1,0,0,0,0,1,0,0,1,1,0,1,0,0,0,1
73,73,US,1,1,3,,0,1,1,1,0,0,1,0,0,1,1,1,1,1,2,0,1
74,74,US,0,1,3,,1,1,1,0,0,0,0,0,0,1,1,1,1,1,0,0,1
75,75,US,0,1,3,,1,1,0,0,1,1,0,0,0,1,1,0,1,0,0,0,1
76,76,PE,0,1,3,,0,1,1,0,1,0,0,0,0,1,1,0,1,0,0,0,0
77,77,PE,0,1,3,,0,1,0,1,1,0,0,0,0,1,1,1,2,2,2,0,1
78,78,A,0,1,3,,1,1,0,1,0,0,0,0,0,1,1,0,1,0,2,0,1
79,79,A,0,1,3,,0,1,1,1,0,0,0,0,0,0,0,0,1,0,1,0,0
80,80,SC,0,1,3,,0,1,1,0,0,0,0,0,0,1,1,0,1,0,0,0,1
81,81,SC,0,1,3,,0,1,0,1,1,0,0,0,0,1,1,0,1,0,3,0,0
82,82,SC,0,1,3,,1,1,1,1,1,0,0,0,0,1,1,0,1,0,2,0,0
83,83,SC,1,1,3,,0,0,1,1,1,0,0,1,1,1,1,0,1,0,1,0,0
84,84,O,0,1,3,,0,1,0,0,1,0,0,0,0,1,1,0,1,0,0,0,0
85,85,O,0,1,3,,0,0,0,0,0,1,1,1,1,1,1,0,1,0,0,0,1
86,86,O,0,1,3,,0,1,0,0,1,0,0,0,0,1,1,0,1,0,0,0,0
87,87,O,0,1,3,,0,1,0,0,1,0,0,0,0,1,1,0,1,0,0,0,1
88,88,O,0,1,3,,0,1,0,0,1,0,1,0,0,1,1,0,1,0,0,0,1
89,89,O,0,1,3,,0,1,0,0,0,0,0,0,0,1,1,0,1,0,0,0,1
90,90,O,0,1,3,,0,1,0,0,0,0,0,0,0,1,1,0,1,0,0,0,0
91,91,SE,0,1,3,,0,1,1,0,1,0,0,0,0,1,1,1,1,1,0,0,0
92,92,SE,0,1,3,,0,1,1,0,1,0,1,0,0,1,1,0,1,0,0,0,1
93,93,SE,0,1,3,,0,1,1,0,1,0,0,0,0,1,1,1,1,1,0,0,0
94,94,SE,0,1,3,,0,1,1,0,1,0,0,0,0,1,1,0,1,0,0,0,1
95,95,SE,0,1,3,,0,1,1,0,1,0,0,0,0,1,1,1,1,1,0,0,0
96,96,SE,0,1,3,,0,1,1,0,1,0,0,0,0,1,1,0,1,0,0,0,1
97,97,SE,1,1,3,,0,1,1,0,1,1,0,1,1,1,1,0,1,0,0,0,0
98,98,SE,1,1,3,,0,1,1,0,1,0,0,0,0,1,1,0,1,0,0,0,0
99,99,SE,0,1,3,,1,1,0,0,1,0,0,1,1,1,1,1,1,1,0,0,0
100,100,SE,0,1,3,,0,1,1,0,1,0,0,0,0,0,1,0,1,0,0,0,1
101,101,F,1,0,3,,0,0,0,1,0,1,0,1,1,1,1,0,1,0,1,0,0
102,102,F,1,0,3,,0,1,1,0,0,0,0,0,0,1,1,0,1,0,0,1,0
103,103,F,1,0,3,,0,1,1,0,1,0,0,0,0,1,1,0,1,0,0,1,0
104,104,F,1,0,3,,1,1,0,0,0,0,0,0,0,1,1,0,1,0,0,1,0
105,105,F,1,0,3,,0,1,1,0,1,0,0,0,0,1,1,0,1,0,0,0,0
106,106,F,1,0,3,,0,0,0,0,0,0,0,1,1,1,1,0,2,0,0,0,0
107,107,F,1,0,3,,0,0,0,0,0,0,0,1,1,1,1,0,2,0,0,0,0
108,108,F,1,0,3,,0,1,1,0,1,0,0,0,0,1,1,0,1,0,0,1,0
109,109,F,1,0,3,,0,1,1,0,1,0,0,0,0,1,1,0,1,0,0,1,0
110,110,F,1,0,3,,0,1,1,0,1,1,0,0,0,1,1,0,1,0,0,1,0
111,111,F,1,0,3,,0,1,1,0,1,0,0,0,0,1,1,0,1,0,0,1,0
112,112,F,0,0,3,,0,1,0,0,1,0,0,0,0,0,0,0,1,0,0,0,1
113,113,F,0,0,3,,0,1,1,0,1,0,1,0,0,0,0,0,1,0,0,0,0
114,114,F,0,0,3,,0,1,1,0,1,0,0,0,0,0,0,0,1,0,0,0,0
115,115,F,1,0,3,,0,1,1,0,1,0,1,0,0,1,1,0,1,0,0,1,0
116,116,F,0,0,3,,0,1,0,0,1,0,1,1,1,1,1,0,2,0,0,0,0
117,117,F,1,0,3,,0,1,1,0,0,1,0,1,1,1,1,0,1,0,0,0,0
118,118,F,1,0,3,,0,1,1,0,1,0,1,0,0,1,1,0,1,0,0,1,0
119,119,F,1,0,3,,0,1,1,0,1,1,0,1,0,1,1,0,1,1,0,1,0
120,120,F,1,0,3,,0,1,0,0,1,0,0,1,1,1,1,0,1,1,0,0,0
121,121,F,1,0,3,,0,1,1,0,1,0,0,0,0,1,1,0,1,0,0,1,0
122,122,F,0,0,3,,0,1,1,0,1,0,0,1,0,1,1,0,1,1,0,1,0
123,123,F,1,0,3,,0,1,1,0,1,0,0,0,0,1,1,0,1,0,0,1,0
124,124,F,0,0,3,,0,1,0,0,1,0,0,0,0,1,1,0,1,0,0,1,0
125,125,F,1,0,3,,0,1,1,0,1,0,0,0,0,1,1,0,1,0,0,1,0
126,126,F,1,0,3,,0,1,1,0,1,0,1,0,0,1,1,0,1,0,0,1,0
127,127,F,1,0,3,,0,1,1,1,1,1,1,0,0,1,1,0,1,0,1,1,0
128,128,F,1,0,3,,0,1,1,0,1,1,1,0,0,1,1,1,1,1,0,0,0
129,129,F,1,0,3,,0,1,1,0,1,0,1,0,0,1,1,0,1,0,0,1,0
130,130,F,1,0,3,,0,1,1,0,0,1,0,0,0,1,1,0,1,0,0,0,0
131,131,F,1,0,3,,0,1,1,0,1,1,0,0,0,1,1,0,2,0,0,1,0
132,132,F,1,0,3,,0,1,1,0,1,1,1,1,0,1,1,1,2,0,0,1,0
133,133,F,1,0,3,,0,1,1,0,1,1,0,1,0,1,1,0,2,1,0,1,0
134,134,F,1,0,3,,0,1,1,0,1,1,0,1,1,1,1,0,2,1,0,1,0
135,135,F,1,0,3,,0,1,1,0,1,0,0,0,0,1,1,0,1,0,0,1,0
136,136,F,1,0,3,,0,1,1,0,1,0,1,0,0,1,1,0,1,1,0,0,0
137,137,F,1,0,3,,0,1,1,0,1,0,0,0,0,1,1,0,1,0,0,0,1
138,138,F,1,0,3,,0,1,1,0,1,0,0,0,0,1,1,0,3,1,0,1,0
139,139,F,1,0,3,,0,1,1,0,1,0,0,0,0,1,1,1,1,1,0,1,0
140,140,F,1,0,3,,0,1,1,0,1,0,0,0,0,1,1,1,1,1,0,1,0
141,141,F,1,0,3,,0,1,1,0,1,0,0,0,0,1,1,1,1,1,0,1,0
142,142,F,1,0,3,,0,1,1,0,1,0,0,0,0,1,1,1,1,1,0,1,0
143,143,F,1,0,3,,0,1,1,0,1,1,1,0,0,1,1,0,2,0,0,0,0
144,144,F,1,0,3,,0,1,1,0,1,1,1,0,0,1,1,0,1,0,0,0,0
145,145,F,1,0,3,,0,1,1,0,1,1,1,0,0,1,1,0,1,0,0,0,0
146,146,F,1,0,3,,0,1,1,0,1,1,1,0,0,1,1,0,1,0,0,0,0
147,147,F,1,0,3,,0,1,1,0,1,1,1,0,0,1,1,0,1,0,0,0,0
148,148,LF,0,1,4,,0,1,0,0,1,0,0,0,0,1,1,1,1,2,0,0,1
149,149,LF,0,1,4,,0,1,0,0,1,1,0,0,0,1,1,0,1,0,0,0,1
150,150,US,0,1,4,,0,0,0,0,1,1,0,1,1,1,1,0,1,0,0,0,0
151,151,US,0,1,4,,0,1,1,1,0,0,1,0,0,1,1,1,1,1,2,0,1
152,152,US,0,1,4,,0,1,1,1,1,0,0,0,0,1,1,1,1,1,1,1,0
153,153,US,0,1,4,,0,1,1,1,1,0,0,0,0,1,1,1,1,1,1,0,0
154,154,PE,0,1,4,,0,1,0,1,1,0,0,0,0,1,1,0,1,1,2,0,1
155,155,PE,0,1,4,,0,1,1,1,1,0,0,0,0,1,1,0,1,0,1,0,0
156,156,O,0,1,4,,1,1,0,1,1,0,0,0,0,1,1,0,1,0,9,0,1
157,157,O,0,1,4,,0,1,1,0,0,0,0,1,1,1,1,0,2,0,0,0,1
158,158,O,0,1,4,,0,1,1,0,1,0,0,1,1,1,1,0,2,0,0,0,1
159,159,O,0,1,4,,0,1,1,0,1,0,0,1,1,1,1,0,2,0,0,0,1
160,160,O,0,1,4,,0,1,1,0,0,0,0,1,1,1,1,0,3,0,0,1,1
161,161,O,0,1,4,,0,1,1,0,0,0,1,1,1,1,1,0,3,0,0,1,1
162,162,SE,0,1,4,,0,1,1,0,1,0,0,1,1,1,1,1,1,0,0,0,1
163,163,SE,1,1,4,,0,1,1,0,1,0,0,0,0,1,1,0,1,1,0,0,0
164,164,SE,0,1,4,,0,1,0,0,1,0,0,1,1,1,1,1,1,1,0,0,1
165,165,SE,0,1,4,,0,1,0,0,1,0,0,0,0,1,1,1,1,1,0,0,0
166,166,SE,1,0,4,,0,1,1,0,1,0,0,1,1,1,1,0,2,0,0,1,0
167,167,SE,1,0,4,,0,0,0,0,1,0,0,1,1,1,1,0,1,0,0,1,0
168,168,SE,0,1,4,,0,1,1,0,0,0,1,1,1,0,0,1,1,1,0,0,0
169,169,SE,0,1,4,,0,1,1,0,1,0,0,0,0,0,0,1,1,1,0,0,0
170,170,SE,1,1,4,,0,1,1,0,1,0,0,0,0,1,1,0,2,1,0,0,0
171,171,SE,0,0,4,,0,1,1,0,0,0,0,1,1,1,1,0,1,0,0,0,0
172,172,L,0,1,4,,0,1,0,0,1,0,0,0,0,1,1,0,1,0,0,0,0
173,173,L,0,1,4,,0,1,0,0,0,0,0,0,0,1,1,0,1,0,0,0,1
174,174,L,0,1,4,,0,1,1,0,1,0,0,0,0,1,1,0,1,0,0,0,0
175,175,L,0,1,4,,0,1,0,0,0,0,0,0,0,1,1,0,1,0,0,0,1
176,176,L,1,1,4,,0,1,1,0,1,0,0,0,0,1,1,1,1,1,0,0,1
177,177,L,1,1,4,,0,1,1,0,1,0,0,1,1,1,1,0,1,0,0,1,0
178,178,F,0,1,4,,1,1,0,0,1,0,0,0,0,1,1,0,1,0,0,0,1
179,179,F,0,1,4,,0,1,1,0,0,0,0,0,0,1,1,0,1,1,0,0,0
180,180,F,0,1,4,,0,1,1,0,1,0,0,0,0,1,1,0,1,0,0,0,0
181,181,F,0,1,4,,0,1,1,0,1,0,0,0,0,1,1,0,1,0,0,0,0
182,182,F,0,1,4,,0,1,1,0,1,0,0,0,0,1,1,0,1,0,0,0,0
183,183,F,1,1,4,,0,1,1,0,1,0,0,0,0,1,1,0,1,0,0,0,0
184,184,F,1,0,4,,0,1,1,0,1,1,0,0,0,1,1,0,1,0,0,1,0
185,185,F,1,0,4,,0,1,1,0,1,1,0,0,0,1,1,0,1,0,0,0,0
186,186,F,1,0,4,,0,1,1,0,1,1,0,1,1,1,1,0,2,0,0,0,1
187,187,F,1,0,4,,1,1,1,1,1,0,1,1,1,1,1,0,2,0,5,1,1
188,188,F,1,0,4,,0,1,1,0,1,0,0,1,1,1,1,0,1,0,0,0,0
189,189,F,1,0,4,,2,1,1,0,1,1,0,0,0,1,1,0,1,0,0,0,0
190,190,F,1,0,4,,1,1,1,0,1,0,0,1,1,1,1,1,3,1,0,1,0
191,191,F,1,0,4,,1,1,1,0,1,1,0,0,0,1,1,0,2,0,0,0,0
192,192,F,1,1,4,,0,1,1,1,0,0,0,0,0,1,1,0,1,0,1,0,0
193,193,F,1,1,4,,0,1,1,0,1,1,0,1,1,1,1,1,2,1,0,0,0
194,194,F,1,0,4,,0,1,1,0,1,1,0,0,0,0,0,0,1,0,0,0,0
195,195,F,1,0,4,,0,1,1,0,1,1,0,0,0,1,1,1,3,1,4,1,0
196,196,F,1,1,4,,2,1,1,0,1,0,0,1,1,1,1,0,4,0,0,0,1
197,197,F,1,0,4,,0,1,1,0,0,1,0,0,0,1,1,0,1,0,0,0,0
198,198,F,1,0,4,,0,1,1,0,1,1,0,1,1,1,1,0,2,0,0,0,0
199,199,F,1,0,4,,0,1,1,0,1,1,0,1,1,1,1,0,2,0,0,1,0
200,200,F,1,0,4,,0,1,1,0,1,0,1,1,1,1,1,0,2,0,0,1,0
201,201,F,1,1,4,,0,0,0,0,0,1,0,1,1,1,1,0,1,0,0,0,0
202,202,F,1,0,4,,0,0,0,1,1,0,0,1,1,1,1,0,1,0,1,0,0
203,203,O,0,1,5,,0,1,1,1,0,0,0,0,0,0,0,0,1,0,2,0,0
204,204,O,0,1,5,,0,1,1,1,0,0,0,0,0,0,0,0,1,0,2,0,0
205,205,O,0,1,5,,0,1,1,0,1,0,0,0,0,1,1,0,1,0,0,0,1
206,206,O,0,1,5,,0,1,0,0,1,0,0,0,0,1,1,0,1,0,0,0,1
207,207,O,0,1,5,,0,1,0,0,1,0,0,0,0,1,1,0,1,1,0,0,0
208,208,LF,0,1,5,,0,1,0,0,1,0,0,0,0,1,1,0,1,0,0,0,1
209,209,LF,0,1,5,,0,1,0,0,1,0,0,0,0,1,1,0,1,0,0,0,1
210,210,LF,0,1,5,,0,1,0,0,0,0,0,0,0,1,1,0,1,0,0,0,0
211,211,US,0,1,5,,1,1,0,1,0,0,0,0,0,1,1,0,2,0,1,0,1
212,212,US,0,1,5,,0,1,1,1,0,0,0,0,0,1,1,0,2,0,2,0,0
213,213,US,0,1,5,,2,1,1,1,0,0,0,0,0,1,1,0,2,0,1,0,1
214,214,US,0,1,5,,1,1,0,1,1,0,1,1,1,1,1,0,2,1,1,0,1
215,215,US,0,1,5,,0,1,1,1,0,0,0,1,1,1,1,1,2,1,1,0,0
216,216,PE,0,1,5,,0,1,0,1,1,0,0,1,1,1,1,1,2,1,2,0,1
217,217,PE,0,1,5,,0,1,0,1,1,0,0,1,1,1,1,1,1,1,2,0,1
218,218,PE,1,1,5,,0,0,0,1,1,0,0,1,1,1,1,0,2,0,2,0,0
219,219,PE,1,1,5,,0,1,0,1,1,0,0,1,1,1,1,0,2,0,2,1,0
220,220,A,0,1,5,,0,1,0,1,1,0,0,1,1,1,1,1,1,2,1,0,0
221,221,A,0,1,5,,0,1,1,1,1,0,0,0,0,1,1,0,2,1,2,0,0
222,222,SC,0,1,5,,0,1,1,1,1,0,0,0,0,1,1,0,2,1,2,0,1
223,223,SC,0,1,5,,0,1,0,0,1,0,0,0,0,1,1,0,1,0,2,0,1
224,224,SC,0,1,5,,0,1,1,1,1,0,0,0,0,1,1,0,1,0,3,0,1
225,225,O,0,1,5,,0,1,0,0,1,0,0,1,0,1,1,0,1,0,0,0,0
226,226,O,0,1,5,,0,1,0,1,0,0,0,0,0,1,1,1,1,2,2,0,1
227,227,O,0,1,5,,0,1,0,0,1,0,0,0,0,1,1,0,1,0,0,0,0
228,228,O,0,1,5,,0,0,1,0,1,0,0,1,1,0,0,0,1,0,0,0,0
229,229,O,0,1,5,,0,0,0,0,1,0,0,1,1,1,1,0,1,0,0,0,1
230,230,SE,1,1,5,,0,1,1,0,1,0,0,0,0,1,1,0,2,1,0,1,0
231,231,SE,1,1,5,,0,1,1,0,1,0,0,0,0,1,1,0,1,1,0,0,0
232,232,SE,1,1,5,,0,1,1,0,1,0,0,0,0,1,1,1,2,2,0,0,0
233,233,SE,0,1,5,,0,0,0,0,1,0,0,1,1,1,1,0,2,1,0,0,0
234,234,SE,0,1,5,,0,1,1,1,0,0,0,0,0,0,0,0,1,1,1,0,0
235,235,SE,0,1,5,,0,1,0,0,0,0,0,0,0,1,1,0,1,0,0,0,0
236,236,SE,0,1,5,,0,1,1,0,1,0,0,0,0,1,1,0,1,0,0,0,0
237,237,L,0,1,5,,0,1,0,0,0,0,0,0,0,1,1,0,1,0,0,0,1
238,238,L,0,1,5,,0,1,0,0,1,1,0,0,0,1,1,0,1,0,0,0,1
239,239,L,0,1,5,,0,1,0,0,0,0,0,0,0,1,1,0,1,0,0,0,1
240,240,F,1,0,5,,0,1,1,0,1,1,0,0,0,1,1,0,1,0,0,0,0
241,241,F,0,0,5,,0,1,1,0,0,0,0,0,0,0,0,0,1,0,0,1,0
242,242,F,0,0,5,,0,1,1,0,0,0,0,0,0,0,0,0,1,0,0,1,0
243,243,F,1,0,5,,1,1,1,0,0,0,0,0,0,1,1,0,1,0,0,0,0
244,244,F,0,0,5,,0,1,0,1,0,0,0,0,0,0,0,1,1,0,2,0,1
245,245,F,1,0,5,,0,1,1,0,1,0,0,0,0,1,1,0,1,0,0,0,0
246,246,F,1,0,5,,0,1,1,0,1,0,0,0,0,1,1,0,1,0,0,0,0
247,247,F,1,0,5,,0,1,1,0,1,0,0,0,0,1,1,0,1,0,0,0,0
248,248,F,1,0,5,,0,0,0,0,1,0,0,1,1,1,1,0,1,0,0,0,0
249,249,F,1,0,5,,0,1,1,0,1,0,0,1,1,1,1,0,1,0,0,0,0
250,250,F,1,0,5,,0,1,1,0,1,1,0,0,0,1,1,0,1,0,0,0,0
251,251,F,1,0,5,,0,1,1,0,1,1,0,0,0,1,1,0,1,0,0,0,0
252,252,F,1,0,5,,0,1,0,0,1,0,0,0,0,1,1,0,1,0,0,0,0
253,253,F,1,0,5,,0,1,0,1,1,0,0,1,1,1,1,0,1,0,1,0,0
254,254,F,1,0,5,,0,1,1,0,1,1,0,0,0,1,1,0,1,0,0,0,0
255,255,F,1,0,5,,0,0,0,0,1,0,0,1,1,1,1,0,1,0,0,0,0
256,256,F,1,0,5,,0,1,1,0,1,0,0,0,0,1,1,0,1,0,0,0,0
257,257,F,1,0,5,,0,1,1,0,1,0,0,1,1,1,1,0,1,1,0,0,0
258,258,F,1,0,5,,0,1,1,0,0,0,0,0,0,0,0,0,1,0,0,0,0
259,259,F,1,0,5,,0,1,1,0,1,0,0,0,0,1,1,0,1,0,0,1,0
260,260,F,1,0,5,,0,0,0,0,1,1,0,1,1,0,1,0,1,0,0,0,0
261,261,F,1,0,5,,0,1,1,0,1,1,0,0,0,1,1,0,1,0,0,1,0
262,262,F,1,0,5,,0,1,1,0,1,1,0,0,0,1,1,0,1,0,0,1,0
263,263,F,1,0,5,,0,1,1,0,1,0,0,0,0,1,1,0,1,0,0,1,0
264,264,F,1,0,5,,0,1,1,0,1,1,0,0,0,1,1,0,1,0,0,1,0
265,265,F,1,0,5,,0,1,1,0,1,0,0,0,0,1,1,0,1,0,0,1,0
266,266,F,1,0,5,,0,0,0,0,0,0,0,1,1,1,1,0,1,0,0,1,0
267,267,F,1,0,5,,1,1,0,0,1,0,0,0,0,1,1,0,1,0,0,0,1
268,268,F,1,0,5,,0,1,1,0,1,0,0,0,0,0,0,0,1,0,0,0,0
269,269,F,1,0,5,,0,0,0,0,1,0,0,1,1,1,1,0,1,0,0,1,0
270,270,F,1,0,5,,0,1,1,0,1,1,0,0,0,1,1,1,1,2,0,1,0
271,271,F,1,0,5,,0,1,1,0,1,1,0,0,0,1,1,0,1,0,0,0,0
272,272,F,1,0,5,,0,1,0,0,0,0,0,0,0,1,1,0,1,0,2,0,1
273,273,F,0,0,5,,0,1,1,0,1,0,0,0,0,1,1,0,1,0,0,1,0
274,274,F,1,0,5,,0,1,1,0,1,0,0,0,0,0,0,0,1,0,0,0,0
275,275,F,1,0,5,,0,0,0,0,1,0,0,1,1,0,1,0,1,0,0,1,0
276,276,O,0,1,6,,0,1,0,0,1,0,0,1,1,1,1,0,1,0,0,0,0
277,277,O,0,1,6,,0,1,0,0,0,0,0,1,1,1,1,1,2,2,0,0,0
278,278,O,0,1,6,,0,1,1,0,1,1,0,1,1,1,1,0,2,0,0,0,0
279,279,O,0,1,6,,0,1,1,0,1,0,1,0,0,1,1,0,1,0,0,1,0
280,280,O,0,1,6,,0,1,0,0,1,0,0,1,0,1,1,0,1,0,0,0,0
281,281,LF,0,1,6,,0,1,1,0,1,0,0,0,0,1,1,0,1,0,0,0,0
282,282,LF,0,1,6,,0,1,1,0,1,0,0,0,0,0,0,0,1,0,0,0,0
283,283,US,0,1,6,,0,1,1,1,1,1,0,0,0,1,1,1,1,1,2,0,0
284,284,US,0,1,6,,1,1,1,1,0,0,0,0,0,1,1,1,2,1,2,0,1
285,285,US,0,1,6,,0,1,1,1,0,1,0,0,0,1,1,1,1,1,1,0,0
286,286,US,1,1,6,,0,1,1,0,1,0,0,0,0,1,1,0,1,0,1,1,0
287,287,US,0,1,6,,0,1,0,0,0,0,1,0,0,1,1,0,1,0,0,1,0
288,288,US,0,1,6,,0,1,1,1,1,0,1,0,0,1,1,1,2,3,1,0,1
289,289,US,0,1,6,,0,1,1,0,1,0,0,0,0,1,1,0,1,0,0,0,1
290,290,US,1,1,6,,0,1,0,0,1,0,0,0,0,1,1,0,1,0,0,1,0
291,291,US,0,1,6,,0,1,0,0,0,0,0,0,0,1,1,0,1,0,0,0,0
292,292,PE,0,1,6,,0,1,1,1,0,0,0,0,0,1,1,1,3,1,4,0,1
293,293,A,0,1,6,,0,1,1,1,0,0,0,0,0,1,1,1,1,1,2,0,0
294,294,FT,1,1,6,,0,1,1,0,0,1,0,0,0,1,1,0,1,0,0,1,0
295,295,SC,0,1,6,,1,1,1,1,1,0,0,0,0,1,1,0,3,0,5,0,1
296,296,SC,0,1,6,,0,1,1,1,0,0,0,0,0,1,1,0,2,0,6,0,0
297,297,SC,0,1,6,,0,0,0,1,0,0,0,1,1,1,1,1,1,0,1,0,0
298,298,O,0,1,6,,0,0,0,0,0,0,0,1,1,1,1,0,1,0,0,0,1
299,299,O,0,1,6,,0,1,1,1,0,1,0,0,0,1,1,1,3,1,2,1,0
300,300,O,0,1,6,,0,1,0,1,1,0,0,0,0,1,1,1,2,1,1,0,0
301,301,O,0,1,6,,0,1,1,0,1,0,0,0,0,1,1,0,2,0,0,1,0
302,302,O,0,1,6,,1,1,0,0,1,0,0,0,0,1,1,0,1,0,0,0,1
303,303,O,0,1,6,,1,1,0,0,1,0,0,0,0,1,1,0,1,0,0,0,1
304,304,O,0,1,6,,1,1,0,1,0,0,1,0,0,1,1,0,1,0,4,0,1
305,305,US,0,1,6,,0,1,0,1,1,0,0,1,0,1,1,0,1,0,3,1,1
306,306,MN,0,1,6,,0,1,1,1,1,0,0,1,1,1,1,0,1,0,2,0,1
307,307,MN,0,1,6,,1,1,1,1,1,0,0,0,0,1,1,1,1,1,1,0,1
308,308,MN,0,1,6,,0,1,0,1,0,0,0,1,1,1,1,1,2,2,2,0,1
309,309,US,0,1,6,,0,1,1,1,1,0,0,0,0,1,1,0,2,0,2,0,0
310,310,MN,0,1,6,,1,1,1,0,1,0,0,0,0,1,1,1,2,1,0,0,1
311,311,US,0,1,6,,0,1,1,1,1,0,1,1,1,1,1,0,2,0,1,0,1
312,312,O,0,1,6,,0,1,0,0,1,0,1,1,1,1,1,0,1,0,0,0,0
313,313,O,0,1,6,,0,1,0,1,0,0,0,1,0,1,1,0,1,0,1,0,0
314,314,SE,0,1,6,,0,1,1,1,1,0,0,0,0,1,1,1,3,1,1,0,1
315,315,SE,1,1,6,,0,1,1,1,1,0,0,0,0,1,1,0,1,1,1,0,1
316,316,SE,0,1,6,,0,1,1,0,1,1,0,1,0,1,1,0,2,0,0,0,1
317,317,SE,0,1,6,,1,1,1,1,1,0,1,1,1,1,1,0,2,0,1,0,0
318,318,FT,0,1,6,,1,1,1,1,1,0,1,0,0,1,1,1,2,1,1,0,0
319,319,SE,0,1,6,,0,1,1,1,1,1,0,0,0,1,1,0,2,0,1,0,0
320,320,SC,0,1,6,,1,1,1,1,0,0,0,0,0,1,1,0,2,0,1,0,0
321,321,US,1,1,6,,1,1,1,1,0,1,0,0,0,1,1,0,2,0,1,1,0
322,322,O,0,1,6,,0,0,0,0,0,0,1,1,1,1,1,0,1,0,0,0,0
323,323,F,1,0,6,,0,1,1,0,0,0,0,0,0,0,0,0,1,0,0,1,0
324,324,F,1,0,6,,0,1,1,0,0,0,0,0,0,1,1,0,1,0,0,1,0
325,325,F,1,0,6,,0,1,1,0,0,1,0,0,0,0,1,0,1,0,0,0,0
326,326,F,1,0,6,,0,1,1,0,0,0,0,0,0,1,1,0,1,0,0,1,0
327,327,F,1,0,6,,0,1,1,0,0,0,0,0,0,0,0,0,1,0,0,1,0
328,328,F,1,0,6,,0,1,1,0,1,0,0,0,0,0,0,0,1,0,0,0,0
329,329,F,1,0,6,,0,1,1,0,1,0,0,0,0,0,0,0,1,0,0,0,0
330,330,F,1,0,6,,0,1,1,0,0,0,0,0,0,0,0,0,1,0,0,0,0
331,331,F,1,0,6,,0,1,1,0,1,0,0,0,0,0,0,0,1,0,0,0,0
332,332,F,1,0,6,,0,1,1,0,1,0,0,0,0,0,0,0,1,0,0,0,0
333,333,F,1,0,6,,0,1,1,0,0,0,0,0,0,0,0,0,1,0,0,1,0
334,334,F,1,0,6,,0,1,1,0,1,0,0,0,0,1,1,0,1,0,0,1,0
335,335,F,1,0,6,,0,0,1,0,0,0,0,1,1,1,1,0,1,0,0,0,0
336,336,F,1,0,6,,0,1,1,0,0,1,0,0,0,1,1,0,1,0,0,1,0
337,337,F,1,0,6,,0,1,1,0,0,1,0,0,0,1,1,0,1,0,0,1,0
338,338,F,1,0,6,,0,1,1,0,1,0,0,0,0,0,0,0,1,0,0,1,0
339,339,F,1,0,6,,0,1,1,0,0,0,0,0,0,0,1,0,1,0,0,1,0
340,340,F,1,0,6,,0,1,1,0,0,0,0,0,0,1,1,0,1,0,0,1,0
341,341,F,1,0,6,,0,1,1,0,0,0,0,0,0,1,1,0,1,0,0,1,0
342,342,F,1,0,6,,0,1,1,0,1,0,0,0,0,0,0,0,1,0,0,1,0
343,343,F,1,0,6,,0,1,1,0,0,0,0,1,1,0,0,0,1,0,0,1,0
344,344,F,1,0,6,,0,1,1,0,0,0,0,0,0,1,1,0,1,0,0,1,0
345,345,F,1,0,6,,0,1,1,0,1,0,0,0,0,1,1,0,1,0,0,1,0
346,346,F,1,0,6,,0,1,1,0,1,0,1,0,0,1,1,0,1,0,0,1,0
347,347,F,1,1,6,,0,1,1,0,1,0,0,0,0,0,0,0,1,0,0,0,0
348,348,F,0,1,6,,0,1,1,0,1,0,0,0,0,0,0,0,1,0,0,0,0
349,349,F,1,0,6,,0,1,1,0,1,0,0,0,0,1,1,0,1,0,0,1,0
350,350,PE,1,1,7,,0,1,1,1,1,0,1,0,0,1,1,0,1,0,2,0,1
351,351,PE,0,1,7,,0,1,0,1,1,0,0,0,0,1,1,0,1,0,1,1,0
352,352,O,0,1,7,,0,1,1,0,1,0,0,0,0,0,0,1,1,1,0,0,0
353,353,O,1,1,7,,0,1,1,0,0,0,0,0,0,1,1,1,1,1,0,0,0
354,354,SE,0,1,7,,0,1,1,0,1,0,0,0,0,1,1,0,2,0,0,0,1
355,355,SE,0,1,7,,1,1,1,0,1,0,0,0,0,1,1,1,2,2,0,0,0
356,356,L,0,1,7,,0,1,1,0,1,1,0,0,0,1,1,1,2,1,0,0,0
357,357,O,0,1,7,,0,1,1,0,1,1,0,0,0,1,1,0,1,1,0,0,0
358,358,F,1,0,7,,0,1,1,0,0,0,0,0,0,1,1,0,1,0,0,1,0
359,359,F,1,0,7,,0,1,0,0,1,0,0,0,0,1,1,0,1,0,0,1,0
360,360,F,1,0,7,,0,1,1,0,1,0,0,0,0,1,1,1,1,1,0,0,1
361,361,F,1,0,7,,0,1,1,0,0,0,0,0,0,0,0,0,1,0,0,1,0
362,362,F,1,0,7,,0,1,1,0,0,0,1,0,0,1,0,0,1,0,0,1,0
363,363,F,1,0,7,,0,1,1,0,1,0,0,0,0,0,0,0,1,0,0,1,0
364,364,F,1,0,7,,0,0,0,0,1,0,1,1,1,0,1,1,1,1,0,0,0
365,365,F,1,0,7,,0,0,0,0,1,0,1,1,1,0,1,0,1,0,0,0,0
366,366,F,1,0,7,,0,1,1,0,0,1,0,0,0,0,1,0,1,0,0,1,0
367,367,F,1,0,7,,0,1,1,0,0,1,0,0,0,1,1,0,1,0,0,1,0
368,368,F,0,1,7,,0,1,1,0,1,0,0,0,0,1,1,0,1,0,0,1,0
369,369,F,1,0,7,,0,1,0,1,1,0,0,0,0,1,1,0,1,0,1,1,0
370,370,F,0,1,7,,0,1,1,0,0,0,0,0,0,0,0,0,1,0,0,0,0
371,371,F,1,0,7,,0,1,1,0,1,1,0,0,0,1,1,0,1,0,0,1,0
372,372,F,1,0,7,,1,1,1,0,1,0,0,0,0,0,0,1,1,1,0,1,0
373,373,PE,1,1,8,,0,1,1,1,1,0,0,0,0,1,1,1,1,0,1,0,0
374,374,PE,1,1,8,,0,1,1,1,1,0,0,0,0,1,1,0,1,0,1,0,0
375,375,PE,1,1,8,,0,1,1,1,0,0,0,0,0,1,1,0,1,1,1,0,0
376,376,PE,1,1,8,,0,1,0,1,1,0,1,0,0,1,1,0,1,0,1,0,0
377,377,PE,1,1,8,,0,1,0,1,1,0,0,0,0,1,1,0,1,0,1,0,0
378,378,PE,1,1,8,,0,1,1,1,0,0,0,0,0,1,1,1,4,2,1,0,0
379,379,PE,1,1,8,,0,1,1,1,1,0,0,0,0,1,1,1,2,2,1,0,0
380,380,PE,1,1,8,,1,1,1,1,1,0,0,1,1,1,1,1,3,1,1,0,0
381,381,PE,1,1,8,,0,1,1,1,0,0,0,0,0,1,1,0,1,0,1,0,0
382,382,PE,0,1,8,,0,1,0,1,0,0,0,0,0,1,1,0,1,0,1,0,0
383,383,PE,1,1,8,,0,1,1,1,1,0,0,0,0,1,1,0,1,0,1,0,0
384,384,LF,0,1,8,,3,1,0,0,0,0,0,0,0,1,1,0,3,0,0,0,1
385,385,LF,0,1,8,,0,1,1,0,1,0,1,0,0,1,1,0,3,1,0,0,1
386,386,LF,0,1,8,,1,1,0,0,1,0,0,0,0,0,0,0,1,0,0,0,1
387,387,US,0,1,8,,0,1,0,1,1,0,0,1,0,1,1,0,1,0,1,0,1
388,388,US,0,1,8,,0,1,1,1,0,0,0,0,0,1,1,1,1,1,1,0,0
389,389,US,1,1,8,,0,1,1,1,1,0,0,0,0,1,1,0,1,0,1,0,0
390,390,US,0,1,8,,0,1,1,1,1,0,0,0,0,1,1,0,1,0,2,0,0
391,391,US,0,1,8,,1,1,1,1,1,0,0,0,0,1,1,0,1,0,1,0,0
392,392,US,1,1,8,,0,1,1,0,0,0,0,0,0,0,0,0,1,0,0,0,0
393,393,US,1,1,8,,1,1,1,1,1,0,0,0,0,1,1,1,2,0,1,0,1
394,394,US,0,1,8,,1,1,1,0,1,0,0,0,0,1,1,1,1,1,0,0,1
395,395,US,0,1,8,,0,1,1,0,1,0,0,0,0,1,1,1,1,0,0,0,1
396,396,PE,0,1,8,,0,1,1,1,1,0,0,0,0,1,1,1,1,0,1,0,0
397,397,PE,0,1,8,,0,0,1,1,1,0,1,0,0,1,1,1,1,0,1,0,0
398,398,PE,0,1,8,,0,1,1,1,1,0,0,0,0,1,1,1,1,1,1,0,1
399,399,PE,0,1,8,,0,0,1,0,0,1,0,0,0,1,1,1,1,1,0,0,0
400,400,SE,0,1,8,,0,0,0,0,1,0,0,1,1,1,1,1,2,1,0,0,0
401,401,A,0,1,8,,1,1,1,1,0,0,0,0,0,1,1,0,1,0,2,0,1
402,402,A,0,1,8,,0,1,1,1,0,0,0,0,0,0,0,0,1,0,2,0,0
403,403,A,1,1,8,,0,0,0,0,0,0,0,1,1,1,1,0,1,0,0,0,0
404,404,FT,0,1,8,,0,1,0,0,0,0,0,0,0,0,0,1,1,0,0,0,0
405,405,FT,0,1,8,,0,1,0,0,0,0,0,0,0,0,0,1,1,0,0,0,0
406,406,SC,0,1,8,,0,1,1,1,1,0,0,0,0,0,0,0,1,0,1,0,0
407,407,SC,0,1,8,,0,1,1,1,1,0,0,1,1,0,0,0,2,0,1,1,0
408,408,SC,0,1,8,,0,1,1,1,1,0,0,0,0,1,1,0,1,0,2,0,0
409,409,SC,0,1,8,,1,1,1,1,0,0,0,0,0,1,0,0,1,0,2,0,0
410,410,MN,0,1,8,,0,0,0,1,1,0,0,1,1,1,1,0,1,0,1,0,0
411,411,O,0,1,8,,0,0,0,0,0,0,0,1,1,1,1,0,1,0,0,0,0
412,412,O,0,1,8,,0,0,1,0,1,1,0,1,1,0,0,0,1,0,0,0,1
413,413,O,0,1,8,,0,1,0,1,1,0,0,0,0,1,1,0,1,0,8,0,0
414,414,O,0,1,8,,0,1,1,0,0,0,0,0,0,1,1,0,1,0,0,0,1
415,415,O,0,1,8,,1,1,0,0,0,0,0,0,0,1,1,1,1,1,0,0,1
416,416,O,0,1,8,,0,0,0,1,0,0,0,1,1,1,1,0,1,0,2,0,0
417,417,O,0,1,8,,0,1,0,0,0,0,0,1,1,1,1,0,1,0,2,0,0
418,418,MN,0,1,8,,0,1,1,0,1,0,0,0,0,1,1,0,1,0,0,0,1
419,419,PE,1,1,8,,0,1,1,1,1,0,0,0,0,1,1,0,1,0,1,0,0
420,420,PE,1,1,8,,0,1,1,1,1,0,0,0,0,1,1,0,1,0,1,1,0
421,421,A,0,1,8,,0,1,1,1,1,0,0,0,0,1,1,0,1,0,2,0,0
422,422,US,1,0,8,,0,1,1,0,1,0,0,0,0,1,1,0,1,0,0,0,0
423,423,A,0,1,8,,1,1,1,1,1,0,0,0,0,1,1,0,1,0,2,0,1
424,424,O,0,1,8,,0,1,0,1,1,0,0,1,0,1,1,0,1,0,1,0,0
425,425,SE,0,1,8,,0,1,1,0,1,0,0,0,0,0,0,1,1,1,0,0,0
426,426,SE,0,1,8,,0,1,1,1,0,0,0,0,0,1,1,1,1,1,1,0,0
427,427,SE,0,1,8,,0,1,1,0,1,0,0,0,0,1,1,1,1,1,0,0,0
428,428,SE,0,1,8,,0,1,1,0,1,0,0,0,0,0,0,1,1,1,0,0,0
429,429,SE,0,1,8,,0,1,1,0,1,0,0,0,0,0,0,1,1,1,0,0,0
430,430,SE,0,1,8,,0,1,1,0,1,0,0,1,1,1,0,1,1,0,0,0,0
431,431,SE,0,1,8,,0,1,1,0,1,0,0,0,0,1,1,0,1,0,0,0,0
432,432,SE,0,1,8,,0,0,1,0,1,1,0,1,1,1,1,0,1,0,0,0,1
433,433,SE,1,1,8,,0,1,0,0,1,0,0,0,0,1,1,0,1,0,0,0,0
434,434,SE,1,0,8,,0,1,1,0,0,0,0,0,0,1,1,0,1,0,0,1,0
435,435,SE,0,1,8,,0,1,1,0,1,0,0,0,0,1,1,1,1,1,0,0,0
436,436,SE,0,1,8,,0,0,1,0,1,0,0,1,1,1,1,1,1,1,0,0,0
437,437,SE,0,1,8,,0,0,0,0,0,0,0,1,1,1,1,0,1,0,0,0,0
438,438,SE,0,1,8,,0,1,1,0,1,0,0,0,0,1,1,0,1,0,0,0,0
439,439,LF,0,1,8,,0,1,0,0,0,0,0,0,0,1,1,0,1,0,0,0,0
440,440,LF,0,1,8,,1,1,0,0,1,0,0,0,0,1,1,0,1,1,0,0,1
441,441,LF,0,1,8,,0,1,1,0,0,0,0,0,0,1,1,1,1,2,0,0,0
442,442,O,0,1,8,,0,1,1,0,0,0,0,0,0,1,1,0,1,0,0,0,1
443,443,L,0,1,8,,0,1,1,0,1,1,0,0,0,1,1,0,1,0,0,0,0
444,444,L,0,1,8,,0,1,0,0,0,0,0,0,0,1,1,0,1,0,0,0,1
445,445,L,0,1,8,,0,1,0,0,0,0,0,0,0,1,1,0,1,0,0,0,1
446,446,F,1,0,8,,0,1,0,0,0,0,0,0,0,1,1,0,1,0,0,1,0
447,447,F,1,0,8,,0,1,1,0,0,1,0,0,0,0,1,0,1,0,0,1,0
448,448,F,1,0,8,,0,1,1,0,0,0,0,0,0,1,0,0,1,0,0,1,0
449,449,F,1,0,8,,0,0,1,1,1,0,0,0,0,1,1,0,1,2,1,0,0
450,450,F,1,0,8,,0,1,1,0,1,1,0,0,0,1,1,0,1,0,0,1,0
451,451,F,1,0,8,,0,1,1,0,1,0,0,0,0,1,1,0,1,0,0,1,0
452,452,F,1,0,8,,0,1,1,0,1,0,0,0,0,1,1,0,1,0,0,1,0
453,453,F,1,0,8,,0,1,1,0,0,1,0,0,0,0,1,0,1,0,0,1,0
454,454,F,1,0,8,,0,1,0,0,1,0,0,0,0,1,1,0,1,0,0,1,0
455,455,F,1,0,8,,0,1,1,0,1,0,0,0,0,1,1,0,1,0,3,1,0
456,456,F,1,0,8,,0,1,1,1,1,0,0,1,1,1,1,1,1,1,1,0,0
457,457,F,1,0,8,,0,1,1,0,0,0,1,0,0,1,1,0,1,0,0,1,0
458,458,F,1,0,8,,0,0,0,0,1,0,1,1,1,1,1,0,1,0,0,0,0
459,459,F,1,0,8,,0,1,1,0,1,0,0,0,0,0,0,1,1,1,0,0,0
460,460,F,1,0,8,,0,1,1,1,0,0,0,1,1,1,1,1,1,1,1,0,0
461,461,F,1,0,8,,0,1,1,0,1,1,0,0,0,1,1,0,1,0,0,0,0
462,462,F,1,1,8,,0,0,0,0,1,0,0,1,1,1,1,0,1,0,0,0,0
463,463,F,1,0,8,,0,1,1,0,1,0,0,1,1,1,1,1,1,1,0,0,0
464,464,F,1,1,8,,0,0,0,0,1,0,0,1,1,1,1,0,1,0,0,0,0
465,465,F,0,1,8,,0,1,1,0,1,0,0,0,0,1,1,0,1,0,0,0,0
466,466,PE,0,1,9,,0,0,0,1,1,0,0,1,1,1,1,1,1,1,6,0,0
467,467,PE,0,1,9,,0,1,0,1,1,1,0,0,0,1,1,0,1,0,2,0,0
468,468,PE,1,0,9,,0,1,1,1,1,0,0,0,0,1,1,0,1,0,1,1,0
469,469,PE,0,1,9,,0,1,0,1,1,1,0,1,1,1,1,0,1,0,1,0,0
470,470,O,0,1,9,,0,1,0,0,1,0,0,0,0,1,1,0,1,0,0,0,0
471,471,O,0,1,9,,0,1,1,0,1,0,1,0,0,1,1,1,1,0,0,0,1
472,472,A,0,1,9,,1,1,0,1,1,0,0,0,0,1,1,0,1,0,1,0,1
473,473,MN,0,1,9,,0,0,0,0,1,0,0,1,1,1,1,0,1,0,0,0,0
474,474,F,1,0,9,,0,1,1,0,1,0,0,0,0,0,0,0,1,0,0,0,0
475,475,F,1,0,9,,0,1,1,0,0,0,0,1,0,1,1,0,1,0,0,0,0
476,476,F,1,0,9,,0,1,1,0,1,0,0,1,1,1,1,0,1,0,0,0,0
477,477,F,1,0,9,,0,1,1,0,1,1,0,0,0,1,1,0,1,0,0,0,0
478,478,F,1,0,9,,0,1,1,0,0,1,0,0,0,0,1,0,1,0,0,0,0
479,479,F,1,0,9,,0,1,0,0,1,0,0,0,0,1,1,1,1,1,0,0,1
480,480,F,1,0,9,,0,1,0,0,1,0,0,1,1,1,1,1,1,1,0,0,0
481,481,F,1,0,9,,0,1,0,0,1,0,0,1,1,1,1,1,1,1,0,0,0
482,482,F,1,0,9,,0,1,1,0,1,1,0,0,0,1,1,0,1,0,0,0,0
483,483,F,1,0,9,,0,1,1,0,0,1,0,0,0,1,1,0,1,0,0,0,1
484,484,F,1,0,9,,0,1,1,0,1,1,0,0,0,1,1,0,1,0,0,0,0
485,485,F,1,0,9,,0,1,1,0,0,1,0,1,0,1,1,0,2,0,0,0,0
486,486,F,1,0,9,,0,1,1,0,0,1,0,0,0,0,0,0,1,0,0,0,0
487,487,F,1,0,9,,0,1,1,0,1,1,0,0,0,0,1,0,1,0,0,0,0
488,488,F,1,0,9,,0,1,1,0,0,0,0,0,0,1,1,1,1,1,0,1,0
489,489,F,1,0,9,,0,1,1,0,1,1,0,0,0,1,1,0,1,0,0,0,0
490,490,LF,0,1,10,,0,1,1,0,0,0,0,0,0,1,1,0,1,0,0,0,0
491,491,LF,0,1,10,,0,1,1,0,0,0,0,0,0,1,1,0,1,0,0,1,0
492,492,LF,0,1,10,,0,1,1,0,1,0,0,0,0,1,1,0,1,0,0,1,0
493,493,LF,1,1,10,,0,1,1,0,1,0,0,0,0,1,1,1,1,0,0,0,0
494,494,LF,1,1,10,,0,1,1,0,0,1,0,1,1,1,1,1,1,0,0,0,0
495,495,LF,1,1,10,,0,1,1,0,0,1,0,1,1,1,1,1,1,0,0,0,0
496,496,LF,1,1,10,,0,1,1,0,1,0,0,1,1,1,1,1,1,0,0,0,0
497,497,A,0,1,10,,1,1,0,1,0,0,0,0,0,1,1,0,1,0,2,0,1
498,498,PE,0,1,10,,0,1,1,0,1,0,0,0,0,1,1,1,1,1,0,0,0
499,499,PE,0,1,10,,0,1,1,1,1,0,0,0,0,1,1,1,2,2,3,0,1
500,500,PE,0,1,10,,0,1,1,0,0,0,0,0,0,1,1,0,3,0,0,0,0
501,501,US,0,1,10,,1,1,1,1,0,0,0,0,0,1,1,1,2,1,0,0,1
502,502,US,1,1,10,,1,1,1,0,1,0,0,0,0,1,1,0,2,0,0,1,1
503,503,SE,0,1,10,,0,1,1,0,0,0,0,0,0,1,1,0,2,0,0,0,0
504,504,PE,0,1,10,,0,1,1,1,1,0,0,0,0,1,1,1,2,2,3,0,1
505,505,F,1,0,10,,0,1,1,0,0,0,0,0,0,1,1,0,1,0,0,0,0
506,506,F,1,0,10,,0,1,1,0,0,0,0,0,0,1,1,0,1,0,0,1,0
507,507,F,1,0,10,,0,1,0,0,1,0,0,1,1,1,1,1,1,1,0,0,0
508,508,F,1,0,10,,0,1,1,0,0,0,0,0,0,1,1,0,1,0,0,1,0
509,509,F,1,0,10,,0,1,1,0,1,0,0,0,0,1,1,0,1,0,0,0,0
510,510,F,1,0,10,,0,1,1,1,0,0,0,0,0,1,1,0,1,0,1,0,0
511,511,F,1,0,10,,0,1,1,0,1,0,0,0,0,1,1,0,1,0,0,1,0
512,512,F,1,0,10,,0,1,1,0,1,0,0,1,1,1,1,1,1,1,0,0,0
513,513,F,1,0,10,,0,1,1,0,1,0,0,1,1,1,1,1,1,1,0,1,0
514,514,F,1,0,10,,0,1,1,0,1,0,0,0,0,1,1,0,1,0,0,0,0
515,515,F,1,0,10,,0,1,1,1,1,0,0,1,1,1,1,1,1,1,1,1,0
516,516,F,1,0,10,,0,1,1,0,0,0,0,0,0,1,1,1,1,1,0,1,0
517,517,F,1,0,10,,0,1,1,0,0,0,0,0,0,1,1,1,1,1,0,1,0
518,518,F,1,0,10,,0,1,1,0,0,0,0,0,0,1,1,1,1,1,0,1,0
519,519,F,1,0,10,,0,1,1,0,1,0,0,0,0,1,1,0,1,0,0,0,0
520,520,F,1,0,10,,0,1,1,1,1,0,0,0,0,1,1,1,1,0,1,1,0
521,521,F,1,0,10,,0,1,1,1,1,0,0,0,0,1,1,0,1,0,2,0,0
522,522,F,1,0,10,,0,1,1,0,1,0,0,0,0,1,1,0,1,0,0,0,0
523,523,F,1,0,10,,0,1,1,0,0,0,0,0,0,1,1,0,1,0,0,1,0
524,524,F,1,0,10,,0,1,1,0,1,0,0,0,0,1,1,0,1,0,0,1,0
525,525,F,1,0,10,,0,1,1,0,1,0,0,0,0,1,1,0,1,0,0,0,0
526,526,F,1,0,10,,0,1,1,0,0,0,0,0,0,1,1,0,1,0,0,1,0
527,527,F,1,0,10,,0,1,1,0,1,0,0,0,0,1,1,0,1,0,0,0,0
528,528,F,1,0,10,,0,1,1,0,1,0,0,0,0,1,1,0,1,0,0,0,0
529,529,F,1,0,10,,0,1,1,0,1,0,0,1,1,1,0,1,1,0,0,1,0
530,530,F,1,0,10,,0,1,1,0,1,0,0,0,0,1,1,1,1,0,0,0,0
531,531,F,1,0,10,,0,1,1,0,1,0,0,0,0,1,1,1,1,0,0,0,0
532,532,F,1,0,10,,0,1,1,0,1,0,0,0,0,1,1,1,1,0,0,0,0
533,533,F,1,0,10,,0,1,1,0,1,0,0,1,1,1,1,0,1,0,0,1,0
534,534,F,1,0,10,,0,1,1,0,1,0,0,1,1,1,1,0,1,0,0,0,0
535,535,F,1,0,10,,0,1,1,0,1,0,0,1,1,1,1,0,1,0,0,0,0
536,536,F,1,0,10,,0,1,1,0,0,0,0,1,1,0,0,0,1,0,0,0,0
537,537,F,1,0,10,,0,1,1,0,1,0,0,1,1,1,1,1,1,2,0,0,0
538,538,F,1,0,10,,0,1,1,0,0,0,0,0,0,1,1,0,1,0,0,1,0
539,539,F,1,0,10,,0,1,1,0,0,0,0,1,1,0,0,1,1,0,0,1,0
540,540,F,1,0,10,,0,1,1,0,0,1,0,1,1,1,1,1,1,1,0,0,0
541,541,F,1,0,10,,0,1,1,0,1,0,0,1,1,1,1,1,1,0,0,1,0
542,542,F,1,0,10,,0,1,1,0,0,0,0,1,1,1,1,1,1,0,0,1,0
543,543,US,0,1,11,,1,1,1,1,0,0,0,0,0,1,1,0,2,0,1,0,1
544,544,US,0,1,11,,1,1,1,1,0,0,0,0,0,1,1,1,2,0,1,0,1
545,545,PE,0,1,11,,1,1,1,1,1,0,0,0,0,1,1,1,2,1,3,0,1
546,546,PE,0,1,11,,0,1,0,1,1,0,0,0,0,1,1,0,1,1,3,0,1
547,547,PE,0,1,11,,0,0,0,1,1,0,0,0,0,1,1,1,1,1,3,0,1
548,548,A,0,1,11,,1,1,1,0,1,0,0,0,0,1,1,0,2,0,4,0,1
549,549,A,0,1,11,,1,1,0,0,0,0,0,0,0,1,1,0,1,0,4,0,1
550,550,MN,0,1,11,,1,1,1,0,0,0,0,0,0,0,0,0,2,0,0,0,1
551,551,SE,1,1,11,,0,1,1,0,1,0,0,1,1,0,0,0,3,1,0,0,1
552,552,SE,1,1,11,,0,1,1,0,1,0,0,1,1,0,0,0,3,1,0,0,1
553,553,SE,1,1,11,,0,1,1,0,1,0,0,1,1,1,1,0,3,1,0,0,1
554,554,LF,0,1,11,,1,1,1,1,1,0,1,0,0,1,1,1,2,1,1,0,0
555,555,LF,0,1,11,,0,1,0,1,0,0,0,0,0,1,1,0,2,0,1,0,0
556,556,LF,1,1,12,,0,1,1,0,1,0,0,0,0,1,1,1,4,1,0,0,0
557,557,LF,0,1,12,,0,1,1,0,1,0,0,0,0,1,1,0,2,0,0,0,1
558,558,US,1,1,12,,1,1,1,1,0,0,0,0,0,1,1,0,2,0,1,0,1
559,559,US,1,1,12,,0,1,1,1,0,0,0,0,0,1,1,0,2,0,1,0,0
560,560,US,1,1,12,,0,1,1,0,1,0,0,0,0,1,1,0,2,0,0,0,0
561,561,PE,1,1,12,,0,1,1,0,1,0,0,0,0,1,1,0,2,0,0,0,0
562,562,PE,0,1,12,,0,1,1,0,1,1,0,0,0,0,0,1,2,2,1,0,0
563,563,PE,1,1,12,,0,1,1,1,1,0,0,0,0,1,1,0,2,0,2,0,0
564,564,PE,1,1,12,,0,1,1,1,1,0,0,0,0,1,1,0,2,0,1,0,0
565,565,PE,1,1,12,,0,1,1,1,1,0,1,0,0,1,1,0,2,0,1,0,0
566,566,A,0,1,12,,2,1,1,1,1,1,0,0,0,1,1,0,2,0,3,0,1
567,567,FT,0,1,12,,1,1,1,0,0,1,0,0,0,1,1,0,2,0,0,0,1
568,568,FT,0,1,12,,1,1,1,0,1,0,1,0,0,1,1,0,2,1,0,0,1
569,569,SC,0,1,12,,0,1,1,1,0,0,0,0,0,1,1,0,2,0,2,0,0
570,570,O,0,1,12,,0,1,1,0,0,0,0,0,0,1,1,0,2,0,0,0,0
571,571,O,0,1,12,,0,1,1,1,1,0,0,0,0,1,1,0,2,0,1,0,1
572,572,MN,0,1,12,,0,1,0,0,1,0,0,0,0,1,1,0,2,0,0,0,0
573,573,MN,0,1,12,,0,1,1,1,1,1,0,1,1,1,1,0,2,0,2,0,0
574,574,MN,0,1,12,,0,1,1,0,1,0,0,0,0,1,1,0,2,0,0,0,0
575,575,SE,0,1,12,,0,1,1,0,0,0,0,0,0,0,0,0,2,0,0,0,0
576,576,SE,0,1,12,,0,1,1,0,0,0,1,0,0,1,1,0,2,0,0,0,0
577,577,SE,0,1,12,,0,1,1,1,0,0,0,0,0,1,1,0,2,0,1,0,0
578,578,LF,0,1,13,,0,1,1,1,0,0,1,0,0,0,0,0,2,0,2,0,1
579,579,LF,0,1,13,,1,1,0,1,0,0,0,1,1,1,1,0,3,0,2,0,1
580,580,LF,0,1,13,,0,1,1,0,1,1,0,0,0,1,1,0,2,0,0,0,1
581,581,LF,1,1,13,,0,1,1,1,1,1,1,0,0,1,1,1,2,0,1,0,0
582,582,US,0,1,13,,0,1,1,1,0,0,1,1,0,1,1,0,2,0,1,0,1
583,583,US,0,1,13,,1,1,1,1,1,0,0,0,0,1,1,1,3,1,1,0,1
584,584,US,0,1,13,,1,1,1,1,0,0,0,1,1,1,1,0,2,0,2,1,1
585,585,US,0,1,13,,0,1,1,1,1,0,0,0,0,1,1,0,2,0,2,0,1
586,586,US,0,0,13,,1,1,1,1,0,1,0,1,1,1,1,0,2,0,2,0,0
587,587,US,0,1,13,,0,1,1,0,1,0,0,0,0,1,1,0,2,0,0,0,1
588,588,A,0,1,13,,4,1,0,1,1,0,0,0,0,1,1,1,2,2,1,0,1
589,589,SC,0,1,13,,0,1,1,0,1,1,0,0,0,1,1,1,1,2,0,0,0
590,590,SC,0,1,13,,0,1,1,0,0,1,0,1,0,1,1,0,1,0,0,0,0
591,591,O,0,1,13,,0,0,1,1,0,1,0,1,1,1,1,0,2,0,1,0,1
592,592,O,1,1,13,,0,1,1,1,0,0,1,0,0,1,1,0,2,0,4,0,0
593,593,MN,1,1,13,,0,1,1,0,1,0,0,1,1,1,1,1,2,3,0,0,1
594,594,MN,0,1,13,,0,1,0,0,0,0,0,1,1,1,1,0,2,0,0,0,0
595,595,SE,0,1,13,,0,0,1,0,1,0,1,1,1,0,1,1,2,1,0,0,0
596,596,SE,0,1,13,,0,1,1,0,1,1,0,1,1,1,1,0,2,2,0,1,0
597,597,SE,0,1,14,,0,1,1,0,0,0,0,1,1,0,0,0,1,0,0,0,0
598,598,SE,0,1,14,,0,1,1,0,1,0,0,0,0,1,1,0,1,0,0,0,1
599,599,LF,0,1,14,,0,1,1,0,1,0,0,1,1,1,1,0,1,0,0,0,0
600,600,LF,0,1,14,,0,1,1,1,1,0,0,0,0,1,1,0,1,0,1,0,0
601,601,LF,1,0,14,,0,1,1,1,1,0,0,0,0,1,1,1,2,2,2,0,0
602,602,US,0,1,14,,0,1,1,1,1,0,1,0,0,1,1,0,1,0,1,0,0
603,603,US,0,1,14,,0,1,1,0,0,1,1,0,0,1,1,0,1,0,1,0,0
604,604,US,1,1,14,,0,1,1,1,0,0,0,0,0,1,1,1,1,0,1,0,0
605,605,US,1,0,14,,0,1,1,0,0,0,0,0,0,1,0,0,1,0,0,0,0
606,606,PE,0,1,14,,0,1,1,0,1,0,0,0,0,1,1,0,1,0,1,0,0
607,607,A,0,1,14,,0,1,1,1,0,0,0,0,0,1,1,1,1,0,1,0,0
608,608,O,0,1,14,,0,1,0,0,0,0,0,0,0,1,1,0,1,0,0,0,1
609,609,O,0,1,14,,0,0,1,0,1,0,0,1,1,1,1,0,1,0,0,0,1
610,610,O,0,1,14,,0,0,1,0,1,0,0,1,1,0,0,0,1,0,0,0,1
611,611,MN,0,1,14,,0,1,0,1,0,0,0,0,0,1,1,0,1,0,2,0,0
612,612,MN,0,1,14,,0,0,0,0,0,0,0,1,1,1,1,0,1,0,0,0,0
613,613,A,0,1,15,,3,1,0,1,0,0,0,1,1,1,1,1,3,1,6,0,1
614,614,O,0,1,15,,0,1,1,1,1,0,0,0,0,1,1,1,1,0,2,0,0
615,615,O,0,1,15,,0,1,1,1,1,0,1,0,0,1,1,1,1,1,5,0,0
616,616,O,0,1,15,,0,1,1,1,0,1,0,1,1,1,1,1,4,3,5,0,1
617,617,MN,0,1,15,,0,0,0,1,0,0,1,1,1,1,1,1,3,2,2,0,0
618,618,MN,0,1,15,,0,0,0,1,1,1,1,1,1,1,1,1,2,2,1,1,0
619,619,SE,0,1,15,,0,1,1,0,1,1,0,0,0,1,1,1,2,2,0,0,0
620,620,SE,0,1,15,,1,1,0,0,0,1,1,1,1,1,1,0,3,0,0,0,1
621,621,LF,0,1,15,,0,1,0,1,1,0,0,1,1,1,1,1,3,1,3,0,1
622,622,LF,0,1,15,,1,1,0,1,1,0,0,1,1,1,1,1,3,1,3,1,1
623,623,US,0,1,15,,0,1,1,1,1,0,0,0,0,1,1,1,2,2,1,0,1
624,624,PE,0,1,15,,1,1,1,1,1,0,0,0,0,1,1,0,3,4,5,0,1
625,625,,0,1,2,,0,1,0,0,1,0,0,1,1,1,1,0,2,0,0,0,0
626,626,,0,1,2,,0,1,1,0,1,0,0,1,1,1,1,0,2,0,0,1,0
627,627,,1,0,2,,0,1,1,0,1,1,0,1,1,1,1,1,1,2,0,0,0
628,628,,1,0,2,,0,1,1,0,0,1,0,0,0,1,1,1,2,0,0,1,0
629,629,,1,0,2,,0,1,1,0,1,1,0,0,0,1,1,0,1,0,0,1,0
630,630,,1,1,2,,1,1,1,0,0,0,0,0,0,0,0,1,1,1,0,1,0
631,631,,1,0,2,,0,1,1,0,1,1,0,1,1,1,1,1,1,3,2,0,0
632,632,,0,1,2,,0,0,0,0,1,0,0,1,1,1,1,0,1,0,0,0,0
633,633,,1,0,2,,1,1,1,0,1,1,0,0,0,1,1,0,1,0,0,0,0
634,634,,1,0,2,,0,1,1,0,1,1,0,0,0,1,1,1,1,0,0,0,0
635,635,,1,0,2,,0,1,1,0,0,1,0,0,0,1,1,0,1,0,0,0,0
636,636,,1,0,2,,0,1,1,0,0,1,0,0,0,1,1,0,1,0,0,0,0
637,637,,0,1,2,,0,1,0,0,1,0,0,0,0,1,1,0,1,0,0,0,1
638,638,,0,1,2,,0,1,1,0,1,0,0,0,0,0,0,0,1,0,0,0,0
639,639,,1,1,2,,0,1,1,0,1,0,0,0,0,1,1,0,1,0,0,0,0
640,640,,1,0,2,,0,1,1,0,0,1,1,0,0,1,1,0,1,0,0,0,0
641,641,,1,0,2,,0,1,1,0,1,1,0,0,0,1,1,0,1,0,2,1,0
642,642,,1,0,2,,0,1,1,0,1,1,0,0,0,1,1,0,1,0,0,1,0
643,643,,1,1,2,,0,1,1,0,0,1,0,0,0,1,1,1,1,1,0,0,0
644,644,,0,1,2,,1,1,1,0,1,1,0,0,0,1,1,1,1,1,0,0,0
645,645,,1,1,2,,0,1,1,0,0,1,0,0,0,1,1,1,1,1,0,0,0
646,646,,1,1,2,,0,1,1,0,1,1,0,0,0,1,1,0,1,0,0,0,0
647,647,,1,1,2,,0,1,1,0,0,1,0,0,0,1,0,1,1,0,0,0,0
648,648,,1,0,2,,0,1,1,0,0,1,0,0,0,0,0,0,1,0,0,0,0
649,649,,1,0,2,,0,1,1,0,1,0,0,0,0,1,1,0,1,0,0,1,0
650,650,,1,0,2,,0,1,1,0,1,0,0,0,0,1,1,0,1,0,0,1,0
651,651,,0,1,2,,0,1,1,1,1,0,0,0,0,1,1,1,1,1,5,0,1
652,652,,0,1,2,,1,1,0,1,0,0,0,0,0,1,1,0,1,0,2,0,1
653,653,,0,1,2,,1,1,0,1,1,0,0,0,0,1,1,1,1,1,1,0,1
654,654,,0,1,2,,0,1,1,0,1,1,0,0,0,1,1,0,1,0,0,0,0
655,655,,0,1,2,,0,1,1,0,1,0,0,0,0,1,1,0,1,0,0,0,0
656,656,,1,0,2,,0,1,1,0,0,0,0,0,0,1,1,0,1,1,0,0,0
657,657,,1,0,2,,0,1,1,0,1,0,0,0,0,1,1,0,1,0,0,0,0
658,658,,1,0,2,,0,1,1,0,0,0,0,0,0,1,1,0,1,0,0,0,0
659,659,,0,1,2,,0,1,1,0,1,0,1,1,1,0,0,1,1,2,0,0,0
660,660,,1,0,2,,0,1,1,0,1,1,1,0,0,1,1,0,1,0,2,0,0
661,661,,1,0,2,,0,1,1,0,0,0,1,0,0,1,1,0,1,0,0,0,0
662,662,,1,0,2,,0,1,1,0,1,1,1,0,0,1,1,0,1,0,0,0,0
663,663,,1,0,2,,0,1,1,0,1,1,1,0,0,1,1,0,1,0,0,0,0
664,664,,1,0,2,,0,1,1,0,1,1,1,0,0,1,1,0,1,0,0,0,0
665,665,,1,0,2,,0,1,1,0,1,1,1,0,0,1,1,0,1,0,0,0,0
666,666,,1,0,2,,0,1,1,0,1,1,1,0,0,1,1,0,1,0,0,0,0
667,667,,1,1,2,,0,1,1,0,0,0,0,0,0,1,1,0,1,0,0,0,0
668,668,,1,0,2,,0,1,1,0,0,0,0,0,0,1,1,0,1,0,0,0,0
669,669,,1,0,2,,0,1,1,0,1,0,0,0,0,1,1,0,1,0,0,0,0
670,670,,1,0,2,,0,1,1,0,0,1,0,0,1,1,0,0,2,0,0,0,0
671,671,,1,0,2,,0,1,1,0,1,1,0,0,0,1,1,0,1,0,0,0,0
672,672,,1,0,2,,0,1,1,0,0,1,0,0,0,1,1,0,1,0,0,0,0
673,673,,1,0,2,,0,1,1,0,1,1,0,1,0,1,1,1,2,0,0,0,0
674,674,,1,0,2,,0,1,1,0,0,1,0,0,0,1,1,0,1,0,0,0,0
675,675,,1,0,2,,0,1,1,0,1,1,1,0,0,1,1,0,1,0,0,0,0
676,676,,1,0,2,,0,1,1,0,1,1,0,0,0,1,1,0,1,0,0,0,0
677,677,,1,1,2,,0,1,1,0,1,1,0,0,0,1,1,0,1,0,0,0,0
678,678,,1,0,2,,0,1,1,0,0,1,0,0,0,1,1,0,1,0,0,0,0
679,679,,1,0,2,,0,1,1,0,0,0,1,0,0,1,0,0,1,0,0,0,0
680,680,,1,0,2,,0,1,1,0,1,1,1,0,0,0,0,0,1,0,0,0,0
681,681,,1,0,2,,0,1,1,0,0,1,0,0,0,1,1,0,1,0,0,0,0
682,682,,1,1,2,,1,1,1,0,0,1,0,0,0,1,1,0,1,0,0,1,0
683,683,,1,0,2,,0,1,1,0,1,1,0,0,0,1,1,0,1,0,0,0,0
684,684,,1,0,2,,0,1,1,0,0,0,0,0,0,1,1,0,1,0,0,0,0
685,685,,1,0,2,,0,1,1,0,0,1,0,0,0,1,1,0,1,0,0,0,0
686,686,,1,0,2,,0,1,1,0,1,1,0,0,0,0,0,0,1,0,0,1,0
687,687,,1,0,2,,0,1,1,0,1,1,0,0,0,0,0,0,1,0,0,1,0
688,688,,1,1,2,,0,1,1,0,1,1,0,0,0,0,0,0,1,0,0,1,0
689,689,,1,0,2,,0,1,1,0,0,1,0,0,0,1,1,0,1,0,0,1,0
690,690,,1,0,2,,0,1,1,0,0,1,0,0,0,1,1,0,1,0,0,1,0
691,691,,1,0,2,,0,1,1,0,0,1,0,0,0,1,1,0,1,0,0,1,0
692,692,,1,0,2,,0,1,1,0,1,1,0,0,0,1,1,0,1,0,0,1,0
693,693,,1,0,2,,0,1,1,0,1,1,0,0,0,1,1,0,2,0,0,1,1
694,694,,1,1,2,,0,1,1,0,0,1,0,0,0,1,1,0,1,0,0,1,0
695,695,,1,0,2,,0,1,1,0,0,1,0,0,0,1,1,0,1,0,0,0,0
696,696,,1,0,2,,0,1,1,0,1,1,0,0,0,1,1,0,1,0,0,0,0
697,697,,1,0,2,,0,1,1,0,0,1,0,0,0,1,1,0,1,0,0,0,0
698,698,,1,0,2,,0,1,1,1,0,1,0,0,0,1,1,0,1,0,1,1,0
699,699,,1,0,2,,0,1,1,0,0,1,0,0,0,1,1,0,1,0,0,0,0
700,700,,1,0,2,,0,1,1,0,0,1,0,0,0,1,1,0,1,0,0,0,0
701,701,,1,0,2,,0,1,1,0,1,1,0,0,0,1,1,1,1,1,0,0,0
702,702,,0,1,2,,0,1,1,1,0,1,0,0,0,1,1,0,1,0,1,0,0
703,703,,1,0,2,,0,1,1,0,0,1,0,0,0,1,1,0,1,0,0,0,0
704,704,,1,0,2,,0,1,1,0,1,1,0,1,1,1,1,1,3,1,0,1,0
705,705,,1,1,2,,0,1,1,0,0,1,0,0,0,1,1,0,1,0,0,1,0
706,706,,1,0,2,,0,1,1,0,0,1,0,0,0,1,1,0,1,0,0,1,0
707,707,,1,0,2,,0,1,1,0,1,1,0,0,0,0,1,0,1,0,0,1,0
708,708,,1,0,2,,0,1,1,0,0,1,0,0,0,1,1,0,1,0,0,1,0
709,709,,1,0,2,,0,1,1,0,1,1,0,0,0,1,1,1,2,1,0,1,0
710,710,,1,0,2,,0,1,1,0,1,1,0,0,0,1,1,1,1,1,0,1,0
711,711,,1,0,2,,0,1,1,0,0,1,1,0,0,1,1,0,1,0,0,1,0
712,712,,1,1,2,,0,1,1,0,0,1,0,0,0,1,1,0,1,0,0,0,0
713,713,,1,0,2,,0,1,1,1,0,1,0,0,0,1,1,0,1,0,1,1,0
714,714,,1,1,2,,0,1,1,0,1,1,0,0,0,1,1,0,1,0,0,0,0
715,715,,1,0,2,,0,1,1,0,1,1,0,0,0,1,1,1,1,0,0,0,0
716,716,,1,0,2,,0,1,1,0,0,1,0,0,0,1,1,0,1,0,0,0,0
717,717,,0,1,2,,0,1,1,0,0,1,0,0,0,1,1,0,1,0,0,1,0
718,718,,0,1,2,,0,1,1,0,0,1,0,0,0,1,1,0,1,0,0,0,0
719,719,,0,1,2,,0,1,1,0,1,1,0,0,0,1,1,0,1,0,0,1,0
720,720,,1,0,2,,0,1,1,0,1,1,0,0,0,1,1,1,1,0,0,0,0
721,721,,1,1,2,,0,1,1,0,0,1,1,0,0,1,1,0,1,0,0,0,0
722,722,,1,1,2,,0,1,1,0,1,1,0,0,0,1,1,0,1,0,0,0,0
723,723,,1,0,2,,0,1,1,0,1,1,0,0,0,1,1,0,1,0,0,1,0
724,724,,1,0,2,,0,1,1,0,0,1,0,0,0,1,1,0,1,0,0,0,0
725,725,,1,1,2,,0,1,1,0,1,1,0,0,0,0,0,1,2,1,1,1,0
726,726,,1,0,2,,0,1,1,0,1,1,0,0,0,1,1,0,2,1,0,1,0
727,727,,1,0,2,,0,1,1,0,0,1,0,0,0,0,1,0,1,0,0,1,0
728,728,,1,0,2,,0,1,1,0,0,1,0,1,1,0,0,0,1,0,0,1,0
729,729,,1,0,2,,0,1,1,0,0,1,0,0,0,1,1,0,1,0,0,0,0
730,730,,1,0,2,,0,1,1,0,0,1,0,0,0,1,1,0,1,0,0,1,0
731,731,,1,0,2,,0,1,1,0,0,1,0,0,0,1,1,0,1,0,0,1,0
732,732,,1,0,2,,0,1,1,0,1,1,0,0,0,0,1,0,1,0,0,0,0
733,733,,1,0,2,,0,1,1,0,1,1,1,0,0,1,1,0,1,0,0,0,0
734,734,,1,0,2,,0,1,1,0,0,1,0,1,1,1,1,1,1,0,0,1,0
735,735,,1,0,2,,0,1,1,0,1,1,0,0,0,1,1,0,1,0,0,1,0
736,736,,1,0,2,,0,1,1,0,1,1,0,0,0,1,1,0,1,0,0,1,0
737,737,,1,0,2,,0,1,1,0,0,1,0,0,0,1,1,0,1,0,0,1,0
738,738,,1,0,2,,0,1,1,0,0,1,0,0,0,0,1,0,1,0,0,1,0
739,739,,1,0,2,,0,1,1,0,0,1,0,0,0,1,0,0,1,0,1,1,0
740,740,,1,0,2,,0,1,1,0,1,1,0,1,1,1,1,0,1,0,0,1,0
741,741,,1,0,2,,0,1,1,0,0,1,0,0,0,1,1,0,1,0,0,1,0
742,742,,1,0,2,,0,1,1,0,0,1,0,0,0,1,1,0,1,0,0,1,0
743,743,,1,0,2,,0,1,1,0,0,1,0,0,0,1,1,0,1,0,0,1,0
744,744,,1,0,2,,0,1,1,0,1,1,0,0,0,1,1,0,1,0,0,1,0
745,745,,1,0,2,,0,1,1,0,1,1,0,0,0,1,1,0,1,0,0,1,0
746,746,,1,0,2,,0,1,1,0,0,1,0,0,0,1,1,0,1,0,0,1,0
747,747,,1,0,2,,0,1,1,0,0,1,0,0,0,1,1,0,1,0,0,1,0
748,748,,1,0,2,,0,1,1,0,0,1,0,0,0,1,1,0,1,1,0,1,0
749,749,,1,0,2,,0,1,1,0,0,1,0,0,0,1,1,0,1,0,0,1,0
750,750,,1,0,2,,0,1,1,0,0,1,0,0,0,1,1,0,1,0,0,1,0
751,751,,1,0,2,,0,1,1,0,0,1,0,0,0,1,1,0,1,0,0,1,0
752,752,,1,0,2,,0,1,1,0,0,1,0,0,0,1,1,0,1,0,0,1,0
753,753,,1,0,2,,1,1,1,0,1,1,0,0,0,1,1,0,1,0,0,1,0
754,754,,1,0,2,,1,1,1,0,1,1,0,0,0,1,1,0,1,0,0,1,0
755,755,,1,0,2,,0,1,1,0,0,1,0,0,0,1,1,1,1,0,0,1,0
756,756,,1,0,2,,0,1,1,0,0,0,0,0,0,1,0,1,1,1,0,0,0
757,757,,0,1,2,,0,1,0,1,1,0,0,0,0,1,1,0,1,0,1,0,1
758,758,,0,1,2,,0,1,1,0,1,0,0,0,0,1,1,0,1,0,0,0,0
759,759,,0,1,2,,0,1,1,0,0,0,0,0,0,1,1,0,1,0,0,0,0
760,760,,0,1,2,,0,1,1,0,1,1,0,1,1,1,1,0,1,0,0,0,0
761,761,,0,1,2,,0,1,1,0,1,0,0,0,0,1,1,0,1,0,0,0,0
762,762,,0,1,2,,0,1,1,0,0,0,0,0,0,1,1,0,1,0,0,0,0
763,763,,0,1,2,,0,1,1,0,0,0,0,0,0,0,0,0,1,0,0,0,0
764,764,,0,1,2,,0,1,1,0,0,0,1,0,0,1,1,0,1,0,0,0,0
765,765,,0,1,2,,0,1,1,0,1,0,0,0,0,1,1,0,1,0,0,0,0
766,766,,0,1,2,,0,1,1,0,0,0,0,0,0,1,1,0,1,0,0,0,0
767,767,,1,0,2,,0,1,1,0,0,1,0,0,0,1,1,0,1,0,0,1,0
768,768,,1,0,2,,0,1,1,0,0,1,0,0,0,1,1,0,1,0,0,1,0
769,769,,0,1,2,,0,1,1,0,1,0,0,0,0,1,1,1,1,1,0,0,0
770,770,,1,0,2,,0,1,1,0,1,1,0,0,0,0,0,0,1,0,0,0,0
771,771,,1,0,2,,0,1,1,0,0,0,0,0,0,1,1,0,1,0,0,0,0
772,772,,1,0,2,,0,1,1,0,0,1,0,0,0,1,1,0,1,0,0,0,0
773,773,,1,0,2,,0,1,1,0,0,1,0,0,0,1,1,1,1,1,0,1,0
774,774,,1,0,2,,0,1,1,0,1,1,0,0,0,1,1,1,1,2,0,0,0
775,775,,1,0,2,,0,1,1,0,1,1,0,0,0,1,1,0,1,0,0,0,0
776,776,,1,0,2,,0,1,1,0,1,1,0,0,0,1,1,0,1,0,0,0,0
777,777,,1,0,2,,0,1,1,0,0,1,0,0,0,1,1,0,1,0,0,0,0
778,778,,1,0,2,,0,1,1,0,0,1,0,0,0,1,1,0,1,0,0,0,0
779,779,,1,1,2,,0,1,1,0,1,1,0,0,0,1,0,0,1,0,0,1,0
780,780,,1,0,2,,0,1,1,0,0,1,0,0,0,1,1,0,1,0,0,1,0
781,781,,1,0,2,,0,1,1,0,1,1,0,0,0,1,1,1,2,1,0,1,0
782,782,,1,0,2,,0,1,1,0,1,1,0,0,0,1,1,1,2,1,0,1,0
783,783,,1,1,2,,0,1,1,0,0,1,0,0,0,1,1,1,1,1,0,1,0
784,784,,1,1,2,,0,1,1,0,1,1,0,0,0,1,1,0,1,0,0,1,0
785,785,,1,0,2,,0,1,1,0,0,1,0,0,0,0,0,0,1,0,0,0,0
786,786,,0,1,2,,0,1,1,0,1,1,0,0,0,1,1,0,1,0,1,0,0
787,787,,1,1,2,,0,1,1,0,0,1,0,0,0,0,0,1,2,1,0,0,0
788,788,,1,0,2,,0,1,1,0,1,1,0,0,0,1,1,1,1,1,0,0,0
789,789,,1,0,2,,0,1,1,0,0,1,0,0,0,1,1,0,1,0,0,1,0
790,790,,1,0,2,,0,1,1,0,1,1,0,0,0,1,1,0,1,0,0,1,0
791,791,,1,0,2,,0,1,1,0,1,1,0,0,0,1,1,0,1,0,0,1,0
792,792,,1,0,2,,0,1,1,0,0,1,0,0,0,0,1,0,1,0,0,1,0
793,793,,1,0,2,,0,1,1,0,0,1,0,0,0,0,1,0,1,0,0,1,0
794,794,,1,1,2,,0,1,1,0,1,0,0,0,0,1,1,1,1,0,0,0,0
795,795,,0,1,2,,0,1,1,1,1,0,0,0,0,1,1,1,1,0,2,0,0
796,796,,1,0,2,,0,1,1,0,1,1,0,1,1,1,1,1,1,1,0,1,0
797,797,,1,1,3,,0,1,1,0,1,0,1,0,0,1,1,0,1,0,0,0,0
798,798,,0,1,3,,1,1,0,0,0,0,0,0,0,1,1,0,1,0,0,0,1
799,799,,1,1,3,,1,1,1,0,0,0,0,1,0,1,1,1,1,1,0,0,1
800,800,,1,1,3,,0,1,1,0,1,0,0,0,0,1,1,0,1,0,0,0,0
801,801,,0,1,3,,1,1,0,0,1,0,0,0,0,1,1,0,1,0,0,0,1
802,802,,1,0,3,,0,1,1,0,0,0,0,0,0,1,1,0,1,0,0,0,0
803,803,,1,0,3,,0,1,1,0,0,0,0,0,0,1,1,0,1,0,0,1,0
804,804,,1,0,3,,0,1,1,0,0,0,0,0,0,1,1,0,1,0,0,1,0
805,805,,1,0,3,,0,1,1,0,0,0,0,0,0,1,1,0,1,0,0,1,0
806,806,,1,0,3,,0,1,1,0,0,0,0,0,0,1,1,0,1,0,0,0,0
807,807,,1,0,3,,0,1,1,0,1,0,0,1,0,0,1,0,1,0,0,0,0
808,808,,1,0,3,,0,1,1,0,1,0,0,1,0,0,1,0,1,0,0,0,0
809,809,,1,0,3,,0,1,1,0,1,0,0,1,0,1,1,0,2,0,0,0,0
810,810,,1,0,3,,0,0,0,0,1,0,0,1,1,1,1,1,1,1,0,0,0
811,811,,1,0,3,,0,1,0,0,0,0,0,1,0,1,1,1,1,0,0,1,0
812,812,,1,0,3,,0,1,1,0,0,0,0,1,1,1,1,1,1,0,0,1,0
813,813,,1,0,3,,0,1,1,0,0,0,0,1,1,1,1,0,1,1,0,1,0
814,814,,1,0,3,,0,1,1,0,1,0,0,0,0,1,1,0,1,0,0,1,0
815,815,,1,0,3,,0,1,1,0,0,1,0,0,0,1,1,0,1,0,0,0,0
816,816,,1,0,3,,0,0,0,0,1,0,0,1,1,0,1,0,1,0,0,0,0
817,817,,1,0,3,,0,1,1,0,0,0,0,0,0,1,1,0,1,0,0,1,0
818,818,,1,0,3,,0,1,1,0,0,0,0,0,0,1,1,0,1,0,0,1,0
819,819,,1,0,3,,0,1,1,0,1,1,0,0,0,1,1,0,1,0,0,0,0
820,820,,1,0,3,,0,0,1,0,0,0,0,1,1,1,1,0,1,0,0,1,0
821,821,,1,0,3,,0,0,1,0,1,0,0,0,0,1,1,0,1,0,0,1,0
822,822,,1,0,3,,0,1,1,0,1,0,0,0,0,1,1,0,2,0,0,1,0
823,823,,1,0,3,,0,0,1,0,1,0,0,0,0,1,1,0,1,0,0,1,0
824,824,,1,0,3,,0,1,1,1,1,0,0,0,0,1,1,0,1,0,1,0,0
825,825,,1,0,3,,0,1,1,1,1,0,0,0,0,1,1,0,1,0,1,1,0
826,826,,1,0,3,,0,1,1,0,0,0,0,0,0,1,1,0,1,0,0,0,0
827,827,,1,0,3,,1,1,1,0,0,0,0,0,0,1,1,1,1,1,0,0,0
828,828,,1,0,3,,0,1,1,0,0,1,0,0,0,1,1,1,1,0,0,0,0
829,829,,1,0,3,,0,1,1,0,1,1,0,0,0,1,1,1,1,1,0,0,0
830,830,,1,0,3,,0,1,1,0,0,0,0,0,0,1,1,0,1,0,0,1,0
831,831,,1,0,3,,0,1,1,0,0,0,0,0,0,1,1,0,1,0,0,0,0
832,832,,1,0,3,,0,1,1,0,0,0,0,0,0,1,1,0,1,0,0,1,0
833,833,,1,1,3,,0,1,1,0,1,1,0,0,0,1,1,0,1,0,0,1,0
834,834,,1,1,3,,0,0,0,0,1,0,0,1,1,0,1,1,1,1,0,0,0
835,835,,1,0,3,,0,1,1,0,1,0,0,0,0,0,0,0,1,0,0,0,0
836,836,,1,0,3,,0,1,1,0,0,0,0,0,0,1,1,0,1,0,0,1,0
837,837,,1,0,3,,0,1,1,0,0,1,0,0,0,1,1,0,1,0,0,0,0
838,838,,1,0,3,,0,1,1,0,0,0,0,0,0,0,0,0,1,0,0,0,0
839,839,,1,0,3,,0,1,1,0,0,0,0,0,0,1,1,0,1,0,0,1,0
840,840,,1,0,3,,1,1,1,0,0,0,0,1,1,1,1,0,1,0,0,0,1
841,841,,1,1,3,,0,1,1,0,0,1,0,0,0,1,1,0,1,0,0,0,0
842,842,,1,0,3,,0,1,1,0,0,0,0,0,0,1,1,0,1,0,0,1,0
843,843,,1,0,3,,0,1,0,1,0,1,0,0,0,1,1,0,1,0,0,0,1
844,844,,1,0,3,,0,0,1,0,0,0,0,1,1,1,1,0,1,0,0,1,0
845,845,,1,1,3,,1,1,1,0,0,1,0,0,0,1,1,0,1,1,0,0,1
846,846,,1,0,3,,0,1,1,0,0,1,0,0,0,1,1,0,1,0,0,1,0
847,847,,1,0,3,,0,1,1,0,0,0,0,0,0,0,0,0,1,0,0,1,0
848,848,,1,0,3,,0,1,1,0,0,0,0,0,0,1,1,0,1,0,0,1,0
849,849,,1,1,3,,0,1,1,0,0,0,0,0,0,1,1,1,1,0,0,1,0
850,850,,1,0,3,,0,1,1,0,0,0,0,0,0,1,1,0,1,0,0,1,0
851,851,,1,0,3,,0,1,1,0,0,0,0,0,0,1,1,1,1,0,0,1,0
852,852,,1,0,3,,0,1,1,0,0,0,0,0,0,1,1,0,1,0,0,0,0
853,853,,1,0,3,,0,1,1,0,0,1,0,0,0,1,1,0,1,0,0,0,0
854,854,,1,0,3,,0,1,1,0,1,1,0,0,0,1,1,0,1,0,0,0,0
855,855,,1,0,3,,0,1,1,0,0,0,0,0,0,1,1,0,1,0,0,0,0
856,856,,1,0,3,,1,1,1,0,0,1,0,0,0,1,1,0,1,0,0,1,0
857,857,,1,0,3,,1,1,1,0,0,1,0,0,0,1,1,0,1,0,0,1,0
858,858,,1,0,3,,1,1,1,0,0,1,0,0,0,1,1,0,1,0,0,1,0
859,859,,1,0,3,,1,1,1,0,0,1,0,0,0,1,1,0,1,0,0,1,0
860,860,,1,0,3,,1,1,1,0,0,1,0,0,0,1,1,0,1,0,0,1,0
861,861,,1,0,3,,0,1,1,0,0,1,0,0,0,1,1,1,1,0,0,0,0
862,862,,1,1,3,,0,1,1,1,1,1,0,0,0,1,1,0,1,0,1,0,0
863,863,,1,0,3,,0,1,1,0,1,1,0,0,0,1,1,0,1,0,0,1,0
864,864,,1,0,3,,0,1,1,0,0,0,0,0,0,0,1,0,1,0,0,1,0
865,865,,1,0,3,,0,1,1,0,0,0,0,0,0,1,1,0,1,0,0,0,0
866,866,,1,0,3,,0,1,1,0,0,0,0,0,0,1,1,0,1,0,0,0,0
867,867,,1,0,3,,0,1,1,0,0,0,0,0,0,1,1,0,1,0,0,0,0
868,868,,1,0,3,,0,1,1,0,0,0,0,0,0,1,1,0,1,1,0,1,0
869,869,,1,0,3,,0,1,1,0,0,0,0,0,0,0,0,0,1,0,0,0,0
870,870,,1,0,3,,0,1,1,0,0,0,0,0,0,1,1,0,1,0,0,1,0
871,871,,1,0,3,,0,0,1,0,0,0,0,1,1,1,1,0,1,0,0,1,0
872,872,,1,0,3,,0,1,1,0,0,0,0,0,0,1,1,0,1,1,0,1,0
873,873,,1,0,3,,0,1,1,0,0,0,0,0,0,0,0,0,1,0,0,0,0
874,874,,1,0,3,,0,1,1,0,0,0,0,0,0,1,1,0,1,0,0,1,0
875,875,,1,0,3,,0,0,1,0,0,0,0,1,1,1,1,0,1,0,0,1,0
876,876,,1,0,3,,0,1,1,0,0,0,0,0,0,1,1,0,1,0,0,1,0
877,877,,1,0,3,,0,1,1,0,0,0,0,0,0,1,1,0,1,0,0,1,0
878,878,,1,0,3,,0,1,1,0,0,0,0,0,0,1,1,0,1,0,0,0,0
879,879,,1,0,3,,0,1,1,0,1,0,0,0,0,1,1,1,1,0,0,0,0
880,880,,1,0,3,,0,1,1,0,1,0,0,0,0,1,1,0,1,0,0,0,0
881,881,,1,0,3,,0,1,1,0,0,0,0,0,0,1,1,0,1,0,0,1,0
882,882,,1,0,3,,0,1,1,0,0,0,0,0,0,0,0,0,1,0,0,0,0
883,883,,1,0,3,,0,1,1,0,0,0,0,0,0,1,1,0,1,0,0,1,0
884,884,,1,0,3,,0,0,1,0,0,0,0,1,1,1,1,0,1,0,0,1,0
885,885,,1,0,3,,0,1,1,0,0,0,0,0,0,1,1,0,1,0,0,1,0
886,886,,1,1,3,,0,1,1,0,0,0,0,0,0,1,1,1,1,1,0,1,0
887,887,,1,0,3,,0,0,0,0,0,0,0,1,1,1,1,1,1,1,0,0,0
888,888,,0,1,3,,0,1,1,0,0,0,0,0,0,1,1,0,1,1,0,0,0
889,889,,1,0,3,,1,1,1,0,1,0,0,0,0,1,1,1,1,1,1,1,0
890,890,,1,0,3,,0,1,1,0,1,0,0,0,0,0,0,0,1,0,0,1,0
891,891,,1,1,3,,0,1,1,0,0,0,0,0,0,1,1,0,1,0,0,1,0
892,892,,1,0,3,,1,1,1,0,1,0,0,0,0,1,1,0,1,0,0,0,1
893,893,,1,0,3,,1,1,1,0,0,1,0,0,0,1,1,0,1,0,0,0,1
894,894,,1,0,3,,0,1,1,0,1,0,0,0,0,1,1,0,1,0,0,0,0
895,895,,1,0,3,,0,1,1,0,0,0,0,0,0,1,1,0,1,0,0,0,0
896,896,,1,0,3,,0,1,1,0,0,0,1,0,0,1,1,0,1,0,0,1,0
897,897,,1,0,3,,0,1,1,0,0,0,0,0,0,0,0,0,1,0,0,0,0
898,898,,1,0,3,,0,1,1,0,0,0,0,0,0,1,1,0,1,0,0,1,0
899,899,,1,0,3,,0,1,1,0,0,0,0,0,0,0,0,0,1,0,0,1,0
900,900,,1,0,3,,1,1,1,0,0,1,0,0,0,1,1,0,1,0,0,0,1
901,901,,1,0,3,,0,1,1,0,0,0,0,0,0,1,1,0,1,0,0,1,0
902,902,,1,0,3,,0,1,1,0,0,0,0,0,0,1,1,0,1,0,0,1,0
903,903,,1,0,3,,0,1,1,0,1,0,0,0,0,1,1,0,1,0,0,1,0
904,904,,1,0,3,,0,1,1,0,0,0,0,0,0,0,0,0,1,0,0,0,0
905,905,,1,0,3,,0,1,1,0,0,0,0,0,0,1,1,0,1,0,0,1,0
906,906,,1,0,3,,0,1,1,0,0,0,0,0,0,1,1,0,1,0,0,1,0
907,907,,1,0,3,,0,1,1,0,0,0,0,0,0,1,1,0,1,0,0,1,0
908,908,,0,1,3,,1,1,0,0,0,0,0,0,0,1,1,1,1,0,1,0,1
909,909,,0,1,3,,1,1,0,0,0,0,0,0,0,1,1,0,1,0,0,0,1
910,910,,0,1,3,,0,1,0,0,0,0,0,0,0,1,1,0,1,0,0,0,1
911,911,,1,1,3,,0,1,1,0,1,0,0,0,0,1,1,1,1,0,0,0,0
912,912,,0,1,3,,0,1,1,0,0,0,0,0,0,1,1,0,1,0,0,0,1
913,913,,0,1,3,,1,1,0,0,0,1,0,0,0,1,1,0,1,0,1,0,1
914,914,,0,1,3,,1,1,0,0,0,0,0,0,0,1,1,1,1,1,0,0,1
915,915,,0,1,3,,0,1,1,0,0,1,0,0,0,1,1,0,1,0,0,0,1
916,916,,1,1,3,,0,0,0,0,1,0,1,1,1,1,1,0,1,0,0,0,0
917,917,,0,1,3,,0,1,1,0,0,0,0,0,0,1,1,0,1,0,0,1,0
918,918,,0,1,3,,0,0,1,0,0,0,0,1,1,1,1,1,1,0,0,0,0
919,919,,1,0,3,,0,1,1,0,0,0,0,0,0,0,0,0,1,0,0,0,0
920,920,,1,0,3,,0,1,1,0,0,0,0,0,0,1,1,0,1,0,0,0,0
921,921,,1,0,3,,0,1,1,0,0,0,0,0,0,1,1,1,1,1,0,0,0
922,922,,1,0,3,,0,1,1,0,1,0,0,0,0,1,1,0,1,1,0,0,0
923,923,,1,0,3,,0,1,0,0,1,0,0,1,1,1,1,1,1,2,0,0,0
924,924,,1,0,3,,0,0,0,0,0,0,0,1,1,1,1,1,1,1,0,0,0
925,925,,1,0,3,,0,1,1,0,1,0,0,0,0,1,1,0,1,0,0,0,0
926,926,,1,0,3,,0,1,1,0,0,0,0,0,0,1,1,0,1,0,0,0,0
927,927,,1,0,3,,0,1,1,0,0,0,0,0,0,1,1,0,1,0,0,0,0
928,928,,1,0,3,,0,1,1,0,1,0,0,0,0,1,1,0,1,0,0,1,0
929,929,,1,0,3,,0,1,1,0,0,1,0,1,1,1,1,0,1,0,0,0,0
930,930,,1,0,3,,0,1,1,0,1,0,0,1,1,1,1,1,1,1,0,0,0
931,931,,1,0,3,,0,1,1,0,1,0,0,0,0,1,1,0,1,0,0,0,0
932,932,,1,0,3,,0,1,1,0,1,1,0,0,0,1,1,0,1,0,0,0,0
933,933,,1,0,3,,0,0,0,0,1,0,0,1,1,1,1,0,1,0,0,0,0
934,934,,1,0,3,,0,0,0,0,1,0,0,1,1,1,1,0,1,0,0,1,0
935,935,,1,1,1,,0,1,1,0,1,0,1,0,0,1,1,0,1,0,0,0,0
936,936,,1,1,1,,0,1,1,0,1,0,0,0,0,1,1,1,1,1,0,0,0
937,937,,1,0,1,,0,1,1,0,0,0,0,0,0,1,1,0,1,0,0,0,0
938,938,,1,0,1,,0,1,1,0,1,0,0,0,0,1,1,0,1,0,0,0,0
939,939,,1,0,1,,0,1,1,0,1,0,0,0,0,1,1,1,1,1,0,0,0
940,940,,1,0,1,,0,1,1,0,0,0,0,0,0,0,1,0,1,0,0,1,0
941,941,,1,0,1,,0,1,1,0,1,0,0,0,0,1,1,1,1,0,0,0,0
942,942,,1,0,1,,0,1,1,0,1,0,0,1,1,1,1,1,1,0,0,1,0
943,943,,1,0,1,,0,1,1,0,0,1,0,0,0,1,1,0,1,0,0,0,0
944,944,,1,0,1,,0,1,1,0,0,1,0,0,0,1,1,0,1,0,0,0,1
945,945,,1,1,1,,0,1,1,0,1,0,0,0,0,1,1,0,1,0,0,0,0
946,946,,1,1,1,,0,1,1,0,1,0,0,0,0,0,0,0,1,0,0,0,1
947,947,,1,1,1,,0,1,1,0,0,0,0,0,0,1,1,0,1,0,0,0,0
948,948,,1,0,1,,0,0,1,0,1,0,0,1,1,1,1,1,1,0,0,0,0
949,949,,1,0,1,,0,1,1,0,0,0,0,0,0,1,1,0,1,0,0,0,0
950,950,,1,0,1,,0,1,1,0,0,0,0,0,0,0,0,1,1,0,0,1,0
951,951,,1,0,1,,0,1,1,1,0,0,0,0,0,1,1,0,1,0,1,1,0
952,952,,1,0,1,,0,1,1,0,1,0,0,0,0,1,1,1,1,0,0,1,0
953,953,,1,0,1,,0,1,1,1,1,0,0,0,0,1,1,0,1,0,1,1,0
954,954,,1,0,1,,0,1,1,0,1,0,0,0,0,1,1,1,1,1,0,1,0
955,955,,1,0,1,,0,1,1,0,1,0,0,0,0,1,1,1,1,1,0,1,0
956,956,,1,0,1,,0,0,1,0,1,0,0,1,1,1,1,1,1,0,0,1,0
957,957,,1,0,1,,0,1,1,0,0,0,0,0,0,0,0,0,1,0,0,1,0
958,958,,1,0,1,,0,1,1,0,0,0,0,0,0,0,0,0,1,0,0,1,0
959,959,,1,0,1,,0,1,1,0,1,0,0,0,0,1,1,1,1,1,0,1,0
960,960,,1,0,1,,1,1,1,0,1,0,0,0,0,1,1,0,1,0,0,1,0
961,961,,1,1,1,,0,1,1,0,1,0,0,0,0,1,1,1,1,1,0,0,0
962,962,,1,0,1,,0,1,0,0,1,0,0,0,0,1,0,0,1,0,0,0,0
963,963,,1,0,1,,0,1,1,0,1,0,0,0,0,0,0,1,1,0,0,1,0
964,964,,1,0,1,,0,1,1,0,0,1,0,0,0,1,1,1,1,3,0,0,0
965,965,,1,0,1,,0,1,1,0,1,0,0,1,1,0,0,1,1,0,0,1,0
966,966,,1,0,1,,0,1,1,0,1,0,0,0,0,1,1,1,1,0,0,1,0
967,967,,1,0,1,,0,1,1,0,0,0,0,1,1,1,1,1,1,0,0,1,0
968,968,,1,0,1,,0,1,1,0,1,0,0,0,0,1,1,0,1,0,0,0,0
969,969,,1,1,1,,0,1,1,0,1,0,0,1,1,1,1,1,1,0,0,0,0
970,970,,1,1,1,,0,0,0,0,1,0,0,1,1,1,1,1,1,0,0,0,0
971,971,,1,0,1,,0,1,1,0,0,0,0,0,0,1,1,0,1,0,0,0,0
972,972,,1,0,1,,0,1,1,0,1,0,0,1,0,1,1,0,1,0,0,0,0
973,973,,1,0,1,,0,1,1,0,0,0,0,0,0,1,1,0,1,0,0,0,0
974,974,,1,0,1,,0,1,1,0,0,0,0,0,0,1,1,0,0,0,0,0,0
975,975,,1,0,1,,0,1,1,0,1,0,0,0,0,1,1,0,1,0,0,0,0
976,976,,1,0,1,,0,1,1,0,1,0,0,0,0,1,1,0,1,0,0,0,0
977,977,,1,1,1,,0,1,1,0,0,1,0,0,0,1,1,0,1,0,0,0,0
978,978,,1,1,1,,0,1,1,0,1,0,1,0,0,0,0,0,1,0,0,0,0
979,979,,1,0,1,,0,1,1,0,0,0,0,0,0,1,1,0,1,0,0,0,0
980,980,,1,0,1,,0,1,1,0,1,1,0,0,0,1,1,1,1,0,0,0,0
981,981,,1,0,1,,0,1,1,0,0,0,1,1,1,1,1,1,1,0,0,0,0
982,982,,1,0,1,,0,1,1,0,1,1,0,0,0,1,1,1,1,0,0,0,0
983,983,,1,0,1,,0,1,1,0,0,0,0,0,0,1,1,0,1,0,0,0,0
984,984,,1,0,1,,0,1,1,0,1,0,0,0,0,1,1,0,1,0,0,0,0
985,985,,1,1,1,,0,1,1,0,1,0,0,1,1,1,1,1,1,0,0,0,0
986,986,,1,0,1,,0,1,1,0,1,0,0,1,1,0,0,1,1,0,0,0,0
987,987,,1,0,1,,0,1,1,0,1,0,0,0,0,0,0,0,1,0,0,0,0
988,988,,1,0,1,,0,1,1,0,0,1,0,0,0,1,1,0,1,0,0,0,0
989,989,,1,1,1,,0,1,1,0,0,0,0,1,1,1,1,1,1,0,0,0,0
990,990,,1,0,1,,0,1,1,0,1,0,0,0,0,1,1,1,1,1,0,0,0
991,991,,1,0,1,,0,1,1,0,1,0,0,0,0,1,1,1,1,2,0,1,0
992,992,,1,0,1,,0,1,1,0,1,0,0,1,1,1,1,1,1,3,0,1,0
993,993,,1,0,1,,0,1,1,0,1,0,0,0,0,1,1,0,1,0,0,1,0
994,994,,1,0,1,,0,1,1,0,0,0,0,0,0,1,1,1,1,0,0,0,0
995,995,,1,0,1,,1,1,1,0,1,0,0,0,0,0,0,1,1,1,0,1,0
996,996,,1,0,1,,0,1,1,0,0,0,0,0,0,0,0,0,1,0,0,0,0
997,997,,1,0,1,,0,1,1,0,1,0,0,1,1,1,1,1,1,2,0,1,0
998,998,,1,0,1,,1,1,1,0,1,0,0,1,1,1,1,1,1,1,0,1,0
999,999,,1,0,1,,0,1,1,0,0,0,0,1,1,1,1,1,1,1,0,1,0
1000,1000,,1,0,1,,0,1,1,0,1,0,0,1,1,1,1,1,1,0,0,0,0
1001,1001,,1,0,1,,0,1,1,1,1,0,0,0,0,1,1,1,1,0,1,0,0
1002,1002,,1,0,1,,0,1,1,1,0,0,0,0,0,1,1,1,1,0,1,0,0
1003,1003,,1,1,1,,0,1,1,0,1,0,0,0,0,0,1,1,1,0,0,0,0
1004,1004,,1,1,1,,0,1,1,0,1,0,0,1,1,1,1,1,1,0,0,0,0
1005,1005,,1,1,1,,0,1,1,0,0,0,0,0,0,0,0,0,1,0,0,0,0
1006,1006,,0,1,1,,0,1,1,0,0,0,0,0,0,0,0,0,1,0,0,0,1
1007,1007,,1,0,1,,0,1,1,0,1,0,0,1,1,1,1,1,1,0,0,0,0
1008,1008,,1,1,1,,0,1,1,0,0,0,0,0,0,1,1,1,1,0,0,0,0
1009,1009,,0,1,1,,0,1,1,0,0,0,0,1,1,0,0,1,1,1,0,0,0
1010,1010,,1,1,1,,0,1,1,0,1,0,0,0,0,1,1,1,1,1,0,0,0
1011,1011,,1,1,1,,0,1,1,0,1,0,0,0,0,0,0,1,1,2,0,0,0
1012,1012,,1,1,1,,0,1,1,0,0,0,0,0,0,1,1,1,0,1,0,0,0
1013,1013,,1,1,1,,0,1,1,0,1,0,0,0,0,0,0,1,2,1,0,0,1
1014,1014,,1,1,1,,0,1,1,0,1,0,0,0,0,1,1,1,1,0,0,0,1
1015,1015,,1,0,1,,0,1,1,0,1,0,0,0,0,1,1,0,1,0,0,1,0
1016,1016,,1,0,1,,0,0,0,0,0,0,0,1,1,0,0,1,1,0,0,1,0
1017,1017,,1,0,1,,0,1,1,0,0,0,0,1,1,1,1,0,1,0,0,1,0
1018,1018,,1,1,1,,0,1,1,1,0,0,0,0,0,1,1,1,1,1,1,1,0
1019,1019,,1,1,1,,0,1,1,0,0,0,0,0,0,1,0,0,1,0,0,0,0
1020,1020,,1,0,1,,0,1,1,0,1,0,0,1,1,1,1,1,1,0,0,0,0
1021,1021,,1,0,1,,0,1,1,0,1,0,0,0,0,1,1,1,1,1,0,0,0
1022,1022,,1,0,1,,0,1,1,0,0,1,0,0,0,1,1,0,1,0,0,0,0
1023,1023,,1,0,1,,0,1,1,0,1,0,0,0,0,1,1,0,1,0,0,0,0
1024,1024,,1,0,1,,0,0,1,0,1,0,0,1,1,1,1,1,1,0,0,1,0
1025,1025,,0,0,1,,0,1,1,0,1,0,0,1,1,0,0,0,1,0,0,0,0
1026,1026,,1,0,1,,0,1,1,0,1,0,0,0,0,1,1,0,1,0,0,0,0
1027,1027,,1,1,1,,1,1,0,1,1,0,0,0,0,1,1,1,1,1,1,0,1
1028,1028,,1,1,1,,0,1,1,1,0,0,0,0,0,1,1,1,1,1,1,0,0
1029,1029,,1,1,1,,0,1,1,0,1,0,0,0,0,1,1,0,1,0,0,1,0
1030,1030,,1,0,1,,0,1,1,0,1,0,0,0,0,1,1,0,1,0,0,1,0
1031,1031,,1,0,1,,0,0,1,0,1,0,0,0,0,1,1,1,2,0,0,0,0
1032,1032,,1,0,1,,0,1,1,0,1,0,0,0,0,1,1,0,1,0,0,0,1
1033,1033,,1,1,1,,0,1,1,0,1,1,0,1,1,1,1,0,2,0,0,0,0
1034,1034,,1,1,1,,0,1,1,0,0,1,0,1,1,1,1,0,2,0,0,0,0
1035,1035,,1,0,1,,0,1,1,0,0,0,0,1,1,1,1,0,2,0,1,0,0
1036,1036,,1,0,1,,0,1,1,0,0,0,0,0,0,1,1,1,1,1,0,1,0
1037,1037,,0,0,1,,0,1,1,1,1,0,0,0,0,1,1,1,1,0,1,0,0
1038,1038,,0,1,1,,0,0,1,0,0,0,0,1,1,1,1,0,1,0,0,0,0
1039,1039,,1,1,1,,0,1,1,0,1,0,0,0,0,1,1,0,1,0,0,0,0
1040,1040,,1,0,1,,0,1,1,0,1,1,0,1,0,1,1,1,1,1,0,1,0
1041,1041,,1,0,1,,0,1,1,0,1,1,0,1,0,1,1,1,1,1,0,1,0
1042,1042,,1,0,1,,0,1,1,0,1,1,0,0,0,1,1,0,1,0,0,0,0
1043,1043,,1,0,1,,0,1,1,0,1,0,0,0,0,1,1,0,2,0,0,0,0
1044,1044,,1,0,1,,0,1,1,0,0,0,0,0,0,0,0,0,1,0,0,1,0
1045,1045,,1,0,1,,0,1,1,0,0,0,0,0,0,1,1,0,1,0,0,0,0
1046,1046,,0,1,1,,0,1,1,1,1,1,0,0,0,0,1,0,1,0,1,0,1
1047,1047,,1,0,1,,0,1,1,0,1,0,1,0,0,1,1,0,1,1,0,0,0
1048,1048,,1,0,1,,0,1,1,0,0,0,0,0,0,1,1,0,1,0,0,1,0
1049,1049,,1,0,1,,0,1,1,0,0,1,0,1,1,1,1,1,1,0,0,1,0
1050,1050,,1,1,1,,0,1,1,1,0,1,0,0,0,1,1,0,1,0,1,0,0
1051,1051,,1,0,1,,0,1,1,0,0,0,0,1,1,1,1,0,1,0,0,1,0
1052,1052,,1,1,1,,0,1,1,1,1,0,0,0,0,1,1,0,1,0,1,1,0
1053,1053,,1,1,1,,0,1,1,1,1,0,0,0,0,1,1,0,1,0,1,1,0
1054,1054,,1,0,1,,0,1,1,0,1,0,0,0,0,1,1,0,1,0,0,0,0
1055,1055,,1,1,1,,0,1,1,0,1,0,0,0,0,1,1,0,1,0,0,1,0
1056,1056,,1,0,1,,0,1,1,0,1,0,0,0,0,1,1,0,1,0,0,0,0
1057,1057,,1,0,1,,0,1,1,1,0,0,0,0,0,1,1,0,1,0,1,0,0
1058,1058,,1,0,1,,0,1,1,1,0,0,0,0,0,1,1,0,1,0,1,0,0
1059,1059,,1,0,1,,1,1,1,0,0,1,0,0,0,0,1,0,1,0,0,0,1
1060,1060,,1,1,1,,0,1,1,0,1,0,0,0,0,1,1,1,2,1,0,0,0
1061,1061,,1,0,1,,0,1,1,0,1,0,0,0,0,1,1,0,1,0,0,0,0
1062,1062,,1,0,1,,0,1,1,0,1,0,0,0,0,1,1,0,1,0,0,0,0
1063,1063,,1,0,1,,0,1,1,0,0,0,0,0,0,1,1,0,1,0,0,0,0
1064,1064,,1,0,1,,0,1,1,0,1,0,0,0,0,1,1,0,1,0,0,0,0
1065,1065,,1,0,1,,0,1,1,0,1,0,0,0,0,1,1,0,1,0,0,0,0
1066,1066,,1,0,1,,0,1,1,1,0,1,0,0,0,1,1,0,1,0,1,1,0
1067,1067,,1,0,1,,0,1,1,0,0,0,0,0,0,1,0,0,1,0,0,0,0
1068,1068,,0,1,1,,0,1,1,0,1,0,0,0,0,1,1,1,1,2,0,0,0
1069,1069,,1,0,1,,0,1,1,0,0,0,0,0,0,1,1,0,1,0,0,0,0
1070,1070,,1,0,1,,0,1,1,1,1,0,0,0,0,1,1,1,1,1,1,0,0
1071,1071,,1,0,1,,0,1,1,0,1,0,0,0,0,1,1,1,1,2,0,0,0
1072,1072,,1,0,1,,1,1,1,0,1,0,0,0,0,1,1,0,1,1,0,0,0
1073,1073,,1,0,1,,0,1,0,0,1,0,0,0,0,1,1,0,1,0,0,0,0
1074,1074,,1,0,1,,0,1,1,0,0,0,0,0,0,1,1,0,1,0,0,1,0
1075,1075,,1,0,1,,0,1,1,0,0,0,0,0,0,0,0,1,1,0,0,1,0
1076,1076,,1,0,1,,0,1,1,0,0,0,0,1,1,1,1,0,2,0,0,0,0
1077,1077,,1,0,1,,0,1,1,0,1,0,0,0,0,1,1,1,1,1,0,1,0
1078,1078,,1,0,1,,0,1,1,0,0,0,0,1,1,1,1,1,1,2,0,1,0
1079,1079,,1,0,1,,0,1,1,0,0,0,0,1,1,1,1,1,1,0,0,0,0
1080,1080,,1,1,1,,0,1,1,0,0,0,0,0,0,0,0,1,1,1,0,0,0
1081,1081,,1,1,1,,0,1,1,0,1,0,0,1,1,1,1,0,1,0,0,0,0
1082,1082,,0,1,1,,1,1,0,0,1,0,0,1,1,1,1,1,3,2,0,0,1
1083,1083,,1,1,1,,0,1,1,0,0,0,0,0,0,1,1,0,1,0,0,0,0
1084,1084,,1,0,1,,0,1,1,1,0,0,0,0,0,1,1,0,1,0,1,1,0
1085,1085,,1,1,1,,0,1,1,0,1,0,0,0,0,1,1,0,1,0,0,0,0
1086,1086,,1,0,1,,0,1,1,0,1,1,1,0,0,0,0,0,1,0,0,0,0
1087,1087,,1,1,1,,0,1,1,0,1,0,0,0,0,0,0,0,1,0,1,0,0
1088,1088,,1,0,1,,0,1,1,0,0,0,0,0,0,0,0,0,1,0,0,0,0
1089,1089,,1,0,1,,0,1,1,0,1,0,0,0,0,0,0,0,1,0,0,1,0
1090,1090,,1,0,1,,0,1,1,0,0,0,0,1,1,1,1,0,4,0,0,0,0
1091,1091,,1,0,1,,2,1,1,0,1,0,0,1,1,1,1,0,4,0,6,0,1
1092,1092,,0,1,1,,1,1,1,0,1,0,0,1,0,1,1,1,2,5,0,0,0
1093,1093,,0,1,1,,0,1,1,0,1,0,0,0,0,1,1,0,1,0,0,0,1
1094,1094,,1,1,4,,0,1,1,0,1,0,1,0,0,1,1,0,1,1,0,0,0
1095,1095,,0,1,4,,0,1,1,0,1,0,0,0,0,0,0,0,1,0,0,0,0
1096,1096,,0,1,4,,0,1,1,1,1,0,0,0,0,1,1,0,1,0,1,0,0
1097,1097,,0,1,4,,1,1,0,0,1,0,0,0,0,1,1,1,1,1,0,0,1
1098,1098,,0,1,4,,0,1,1,1,1,1,1,0,0,1,1,1,2,0,1,0,1
1099,1099,,0,1,4,,0,1,1,1,0,0,0,0,0,1,1,0,1,1,1,0,0
1100,1100,,0,1,4,,0,1,1,1,1,0,0,0,0,1,1,1,1,3,1,0,0
1101,1101,,0,1,4,,0,1,1,1,1,1,0,1,1,1,1,0,2,1,1,1,0
1102,1102,,0,1,4,,0,0,0,1,1,0,0,1,1,1,1,1,1,2,1,0,0
1103,1103,,0,1,4,,0,1,1,0,1,0,1,0,0,1,1,0,1,1,0,0,0
1104,1104,,1,1,4,,0,1,1,0,1,0,0,1,1,1,1,0,3,1,0,0,0
1105,1105,,1,1,4,,0,1,1,1,1,1,0,0,0,1,1,1,1,0,1,0,0
1106,1106,,1,1,4,,0,1,1,0,1,0,1,1,1,1,1,1,3,1,0,0,0
1107,1107,,0,1,4,,0,1,1,0,1,0,0,0,0,1,1,1,1,2,0,1,0
1108,1108,,0,1,4,,0,1,1,0,1,0,1,1,1,1,1,1,1,2,0,1,0
1109,1109,,1,1,4,,0,1,1,0,0,0,1,0,0,1,1,1,1,1,0,0,0
1110,1110,,0,1,4,,1,1,0,0,0,0,0,0,0,1,1,1,1,1,0,0,1
1111,1111,,0,1,4,,1,1,0,0,1,0,0,1,1,1,1,0,1,0,0,0,0
1112,1112,,1,0,4,,1,1,0,0,1,0,0,0,0,0,0,0,1,0,0,0,1
1113,1113,,0,1,4,,1,1,1,0,1,0,0,0,0,1,1,0,2,0,0,0,1
1114,1114,,1,0,4,,1,1,0,0,1,0,0,0,0,1,1,0,1,0,0,0,1
1115,1115,,0,1,4,,0,1,0,0,1,0,0,1,0,1,1,0,0,0,0,0,0
1116,1116,,0,1,4,,0,1,1,0,0,0,0,0,0,0,0,1,1,1,0,0,0
1117,1117,,1,1,4,,0,1,0,0,1,1,1,0,0,1,1,1,1,1,0,0,1
1118,1118,,1,1,4,,1,1,1,0,1,1,0,0,0,1,1,1,1,0,0,0,1
1119,1119,,0,1,4,,0,1,1,0,1,0,0,1,1,1,1,0,1,1,0,0,1
1120,1120,,1,1,4,,0,0,0,0,1,0,1,1,1,1,1,1,1,1,0,0,0
1121,1121,,0,1,4,,1,1,0,0,1,0,0,1,1,1,1,0,1,0,0,0,0
1122,1122,,1,1,4,,0,1,1,0,1,1,1,1,1,1,1,0,2,0,0,0,0
1123,1123,,0,1,4,,1,1,0,0,1,0,0,0,0,1,1,0,1,0,0,0,1
1124,1124,,1,1,4,,0,1,1,0,1,0,0,1,1,1,1,1,1,1,0,0,0
1125,1125,,1,1,4,,1,1,0,0,1,1,1,1,1,1,1,0,2,1,0,0,0
1126,1126,,0,1,4,,0,1,1,0,1,0,0,0,0,1,1,0,1,0,0,0,0
1127,1127,,0,1,4,,0,1,1,0,1,0,0,0,0,0,0,0,1,0,0,0,0
1128,1128,,0,1,4,,0,0,0,0,1,0,0,1,1,1,1,0,1,0,0,0,0
1129,1129,,1,1,4,,0,1,1,0,0,0,0,1,1,1,1,0,1,1,0,0,1
1130,1130,,0,1,4,,0,1,0,0,1,0,0,1,1,1,1,0,1,0,0,0,0
1131,1131,,1,1,4,,0,0,0,0,1,1,1,1,1,1,1,0,1,0,0,0,0
1132,1132,,1,1,4,,1,1,1,0,1,0,0,0,0,1,1,1,1,0,0,0,0
1133,1133,,1,1,4,,0,0,1,0,1,0,0,1,1,1,1,1,1,1,0,0,0
1134,1134,,0,1,4,,0,1,0,0,0,0,0,1,1,1,1,0,1,1,0,0,0
1135,1135,,1,1,4,,0,1,1,0,1,0,0,0,0,1,1,0,2,0,0,0,0
1136,1136,,1,0,4,,0,0,0,0,1,0,0,1,1,1,1,0,1,0,0,0,0
1137,1137,,0,1,4,,1,1,1,0,1,1,1,0,0,1,1,1,1,1,0,0,1
1138,1138,,0,1,4,,1,1,1,0,0,1,1,0,0,1,1,0,1,0,1,0,1
1139,1139,,0,1,4,,0,1,0,0,1,1,1,1,1,1,1,1,1,0,0,0,1
1140,1140,,0,1,4,,0,0,1,0,1,0,1,1,1,1,1,0,1,0,2,0,0
1141,1141,,0,1,4,,0,1,1,0,0,0,1,0,0,1,1,0,1,0,0,0,0
1142,1142,,1,1,4,,0,0,1,0,1,1,1,1,1,1,1,1,1,1,0,0,0
1143,1143,,0,1,4,,0,1,0,0,1,0,0,0,0,1,1,0,1,1,0,0,0
1144,1144,,0,1,4,,0,1,0,0,0,0,0,0,0,1,1,0,1,1,0,0,0
1145,1145,,1,1,4,,0,0,0,0,0,0,0,1,1,1,1,0,1,0,0,0,0
1146,1146,,1,1,4,,1,1,1,1,0,0,0,0,0,1,1,1,1,0,1,0,1
1147,1147,,0,1,4,,1,1,1,0,1,0,1,0,0,1,1,0,1,0,0,0,1
1148,1148,,1,1,4,,1,1,1,0,1,0,0,1,1,1,1,1,3,3,0,0,0
1149,1149,,1,1,4,,2,1,1,0,0,0,0,0,0,1,1,1,2,1,0,0,1
1150,1150,,0,1,4,,0,1,1,0,1,0,0,0,0,1,1,0,1,1,0,0,0
1151,1151,,1,0,4,,0,0,0,0,0,0,0,1,1,1,1,1,2,1,0,0,0
1152,1152,,0,1,4,,0,1,1,1,0,0,0,0,0,1,1,1,1,1,1,0,1
1153,1153,,1,1,4,,1,1,1,0,1,0,0,1,1,1,1,0,2,0,0,0,0
1154,1154,,0,1,4,,0,1,1,0,1,0,0,1,1,1,1,0,2,0,0,0,0
1155,1155,,0,1,4,,0,1,1,0,1,0,0,1,1,1,1,1,2,1,0,0,0
1156,1156,,0,1,4,,0,0,1,0,1,0,0,1,1,1,1,0,1,0,0,0,0
1157,1157,,1,1,4,,0,1,1,0,1,0,1,1,1,1,1,1,2,2,0,0,0
1158,1158,,1,1,4,,0,0,1,0,1,1,0,1,1,1,1,0,1,0,0,1,0
1159,1159,,0,1,4,,0,0,0,1,1,0,0,1,1,1,1,0,1,0,2,0,0
1160,1160,,0,1,4,,1,1,1,1,1,1,0,1,1,1,1,0,2,0,4,0,1
1161,1161,,1,1,4,,0,0,0,0,1,1,1,1,1,1,1,0,1,0,0,0,0
1162,1162,,1,0,4,,0,1,1,1,1,0,1,0,0,1,1,0,2,1,1,0,1
1163,1163,,1,0,4,,0,1,1,0,1,0,0,1,1,1,1,0,1,0,0,0,1
1164,1164,,0,1,4,,0,1,1,1,1,1,0,1,0,1,1,0,2,0,4,0,0
1165,1165,,0,1,4,,0,1,1,1,1,1,0,1,1,1,1,0,2,0,2,0,0
1166,1166,,1,0,4,,0,1,1,0,1,1,1,0,0,1,1,0,1,1,0,0,0
1167,1167,,1,0,4,,0,1,1,0,1,1,0,0,0,0,0,0,1,0,0,0,0
1168,1168,,1,0,4,,0,1,1,0,0,1,0,0,0,0,1,0,1,0,0,0,0
1169,1169,,0,1,4,,1,1,1,0,1,1,1,0,0,1,1,1,1,1,0,0,1
1170,1170,,1,1,4,,0,1,1,0,1,0,0,0,0,1,1,0,1,0,0,0,0
1171,1171,,1,1,4,,0,1,1,0,1,0,1,0,0,1,1,0,1,0,0,0,0
1172,1172,,0,1,4,,1,1,1,0,1,0,0,0,0,1,0,0,1,0,0,1,0
1173,1173,,1,1,4,,0,1,1,0,1,0,1,0,0,1,1,1,2,1,0,1,0
1174,1174,,1,0,4,,1,1,0,0,1,0,0,0,0,1,1,0,1,0,0,0,1
1175,1175,,1,0,4,,0,1,1,0,1,0,1,1,0,1,1,1,1,2,0,0,1
1176,1176,,1,1,4,,4,1,1,0,1,0,1,1,1,1,1,1,5,2,0,0,0
1177,1177,,0,1,4,,0,1,1,0,1,0,0,1,1,1,1,0,3,0,0,0,0
1178,1178,,0,1,4,,0,1,1,0,1,1,0,0,0,1,1,0,1,0,0,0,0
1179,1179,,1,0,4,,0,1,1,1,1,0,1,0,0,1,1,0,1,0,1,0,0
1180,1180,,0,1,4,,0,1,1,0,0,0,0,0,0,1,1,0,1,0,0,0,0
1181,1181,,0,1,4,,0,1,1,1,0,0,0,0,0,1,1,0,1,0,3,0,0
1182,1182,,1,1,4,,0,1,1,0,1,0,1,0,0,1,1,1,1,1,0,0,0
1183,1183,,0,1,4,,1,1,0,0,1,0,1,0,0,1,1,0,1,0,0,0,1
1184,1184,,0,1,4,,0,1,1,0,1,0,0,0,0,1,1,1,1,1,0,0,0
1185,1185,,0,1,4,,0,1,1,0,1,0,0,0,0,1,1,1,1,1,0,0,0
1186,1186,,0,1,4,,0,1,1,1,1,0,0,0,0,0,0,0,1,0,1,0,0
1187,1187,,1,1,4,,0,1,1,1,1,0,0,0,0,1,1,1,1,1,1,0,0
1188,1188,,1,1,4,,0,1,1,0,1,0,0,0,0,1,1,0,1,0,0,1,0
1189,1189,,1,0,4,,2,1,1,0,1,0,1,0,0,1,1,0,2,0,0,0,0
1190,1190,,1,1,4,,1,1,0,0,0,0,0,0,0,0,0,1,3,1,0,0,1
1191,1191,,0,1,4,,1,1,0,0,0,0,0,0,0,1,1,0,1,1,0,0,1
1192,1192,,1,0,4,,0,1,1,0,1,0,0,0,0,1,1,0,1,0,0,0,0
1193,1193,,1,1,4,,0,1,1,0,1,0,1,0,0,1,1,0,1,0,0,0,0
1194,1194,,1,1,4,,0,1,1,0,1,0,0,0,0,1,1,0,1,0,0,0,0
1195,1195,,1,1,4,,0,0,1,0,1,1,0,1,1,1,1,0,2,0,0,0,0
1196,1196,,0,1,4,,0,0,0,1,1,0,0,1,1,1,1,0,1,0,1,0,0
1197,1197,,0,1,4,,0,1,1,1,1,0,0,0,0,1,1,1,1,2,3,0,0
1198,1198,,0,1,4,,0,1,1,1,1,0,0,0,0,1,1,1,1,1,1,0,0
1199,1199,,0,1,4,,0,1,1,1,1,0,0,0,0,1,1,1,1,1,1,0,0
1200,1200,,0,1,4,,1,1,1,1,1,0,1,0,0,1,1,1,1,0,4,0,1
1201,1201,,0,1,4,,1,1,0,1,1,0,1,0,0,1,1,1,1,0,1,0,1
1202,1202,,0,1,4,,1,1,0,1,1,0,0,0,0,1,1,1,1,0,1,0,1
1203,1203,,0,1,4,,0,0,0,0,0,0,0,1,1,1,1,0,1,0,0,0,0
1204,1204,,0,1,4,,0,0,0,1,1,0,0,1,1,1,1,0,1,0,1,0,0
1205,1205,,0,1,4,,0,0,0,1,1,0,0,1,1,1,1,0,1,0,1,0,0
1206,1206,,0,1,4,,1,1,0,1,0,0,0,0,0,1,1,0,1,0,1,0,1
1207,1207,,0,1,4,,0,0,0,0,1,0,0,1,1,1,1,0,1,0,0,0,0
1208,1208,,0,1,4,,0,1,1,1,0,0,1,0,0,1,1,0,1,0,1,0,0
1209,1209,,0,1,4,,1,0,0,1,1,0,1,1,1,1,1,1,1,1,2,0,0
1210,1210,,0,1,4,,0,1,1,0,1,0,0,0,0,0,0,0,1,0,0,0,0
1211,1211,,0,1,4,,1,1,0,0,0,0,0,0,0,1,1,0,1,1,0,0,1
1212,1212,,1,1,4,,0,1,1,0,1,0,1,1,1,1,1,1,2,1,0,1,0
1213,1213,,1,1,4,,0,0,1,0,1,0,0,1,1,1,1,0,1,1,0,0,0
1214,1214,,0,1,4,,0,1,0,1,1,0,0,0,0,1,1,0,1,0,1,0,1
1215,1215,,0,1,4,,0,1,0,1,1,0,0,0,0,1,1,0,1,0,1,0,1
1216,1216,,0,1,4,,0,1,1,0,1,1,0,0,0,0,0,0,1,0,0,0,0
1217,1217,,0,1,4,,0,1,1,0,1,0,0,1,1,1,1,1,2,1,0,0,1
1218,1218,,0,1,4,,0,0,0,1,1,0,0,1,1,1,1,1,1,1,1,0,0
1219,1219,,0,1,4,,0,1,1,0,1,0,0,0,0,1,1,0,1,0,0,0,0
1220,1220,,1,1,4,,0,0,1,0,1,0,0,1,1,0,0,0,1,0,0,0,0
1221,1221,,0,1,4,,0,1,1,1,1,0,0,0,0,1,1,1,1,0,1,0,0
1222,1222,,0,1,4,,0,0,0,0,0,0,0,1,1,1,1,0,1,0,0,0,0
1223,1223,,1,1,4,,0,0,0,0,1,0,0,1,1,1,1,1,1,0,0,0,0
1224,1224,,0,1,4,,0,1,0,1,1,0,0,0,0,1,1,0,1,0,1,0,1
1225,1225,,0,1,4,,0,0,1,0,1,1,0,1,1,1,1,0,1,0,0,0,0
1226,1226,,0,1,4,,0,0,1,0,1,0,1,1,1,1,1,0,1,0,0,0,0
1227,1227,,0,1,4,,0,0,0,0,1,0,1,1,1,1,1,1,1,0,0,0,0
1228,1228,,1,1,4,,0,1,1,0,1,0,0,0,0,1,1,1,1,1,0,0,0
1229,1229,,1,1,4,,0,0,1,0,0,0,0,1,1,1,1,0,2,0,0,0,0
1230,1230,,0,1,4,,0,0,1,0,1,0,0,1,1,1,1,1,1,1,0,0,0
1231,1231,,0,1,4,,0,0,0,0,1,1,0,1,1,1,1,0,1,0,0,0,0
1232,1232,,0,1,4,,0,1,0,0,1,0,1,1,1,1,1,0,2,0,0,0,0
1233,1233,,0,1,4,,0,0,1,0,1,0,0,0,0,1,1,0,1,1,0,0,0
1234,1234,,0,1,4,,0,1,1,0,1,0,0,0,0,1,1,0,1,0,0,0,0
1235,1235,,0,1,4,,0,1,0,0,0,0,1,1,0,1,1,0,1,0,0,0,0
1236,1236,,0,1,4,,1,1,1,0,0,1,0,0,0,1,1,1,1,3,0,0,0
1237,1237,,1,1,4,,1,1,1,0,1,1,0,0,0,1,1,1,1,1,0,0,1
1238,1238,,0,1,4,,0,1,0,0,1,0,1,1,0,1,1,0,1,0,0,0,0
1239,1239,,1,0,4,,0,1,1,0,1,0,0,0,0,1,1,0,1,0,0,0,0
1240,1240,,1,0,4,,0,1,1,0,0,1,0,0,0,1,1,0,1,0,0,0,0
1241,1241,,1,0,4,,0,1,0,0,1,0,0,0,0,1,1,0,1,0,0,0,0
1242,1242,,1,1,4,,0,1,1,0,0,0,0,0,0,1,1,0,1,0,0,0,0
1243,1243,,0,1,4,,0,1,1,0,1,0,0,1,1,1,1,1,2,1,0,0,0
1244,1244,,0,1,4,,0,1,1,1,1,0,0,0,0,1,1,1,1,1,1,0,0
1245,1245,,0,1,4,,0,0,1,1,1,0,1,1,1,1,1,0,1,0,2,0,0
1246,1246,,1,1,4,,0,1,1,0,1,1,1,0,0,1,1,0,2,0,0,0,0
1247,1247,,1,1,4,,0,1,1,0,1,0,0,0,0,1,1,0,1,0,0,0,0
1248,1248,,0,1,4,,1,1,1,0,1,1,0,0,0,1,1,0,1,0,0,0,0
1249,1249,,0,1,4,,0,1,1,0,1,0,1,0,0,1,1,0,1,0,0,0,0
1250,1250,,1,1,4,,0,1,1,0,1,0,1,1,1,1,1,0,2,0,0,0,0
1251,1251,,0,0,4,,0,1,1,0,1,0,0,0,0,1,1,0,1,0,0,0,0
1252,1252,,0,1,4,,0,0,0,0,0,0,0,1,1,1,1,1,1,1,0,0,0
1253,1253,,1,1,4,,0,1,1,0,1,1,1,1,1,1,1,0,2,0,0,0,0
1254,1254,,0,1,4,,1,1,0,0,1,1,0,1,1,1,1,0,2,0,0,1,0
1255,1255,,1,1,4,,2,1,1,0,1,0,0,0,0,1,1,0,2,0,0,0,1
1256,1256,,1,0,4,,1,1,1,0,1,0,0,0,0,1,1,1,1,1,0,1,0
1257,1257,,1,0,4,,1,1,0,0,1,0,0,0,0,1,1,0,1,0,0,0,0
1258,1258,,0,1,4,,0,1,1,0,0,1,0,0,0,1,1,0,1,1,0,0,0
1259,1259,,1,1,4,,0,1,1,0,0,1,1,0,0,1,1,1,1,1,0,1,0
1260,1260,,0,1,4,,1,1,0,0,1,0,0,0,0,1,1,0,1,0,0,0,1
1261,1261,,0,1,4,,0,1,1,1,1,0,0,0,0,1,1,0,1,0,1,0,1
1262,1262,,0,1,4,,0,0,0,1,1,0,1,1,1,1,1,1,1,1,1,0,0
1263,1263,,0,1,4,,1,1,0,1,1,0,1,1,1,1,1,1,1,1,1,0,1
1264,1264,,0,1,4,,0,1,1,0,1,0,0,0,0,1,1,1,1,1,0,0,0
1265,1265,,1,1,4,,0,0,0,0,0,0,0,1,1,1,1,1,1,1,0,1,0
1266,1266,,0,1,4,,1,1,1,0,1,0,1,0,0,1,1,0,1,0,0,0,1
1267,1267,,0,1,4,,0,1,0,0,1,1,0,1,1,1,1,0,2,0,0,0,0
1268,1268,,0,1,4,,0,1,0,1,1,0,0,1,1,1,1,1,3,1,1,0,0
1269,1269,,1,1,4,,0,1,1,1,0,0,0,0,0,0,0,1,1,1,2,0,0
1270,1270,,1,1,4,,1,1,1,0,1,0,0,0,0,1,1,0,1,0,0,0,0
1271,1271,,1,1,4,,1,1,1,0,0,0,1,0,0,1,1,1,1,1,0,0,0
1272,1272,,1,1,4,,0,1,0,0,1,1,1,1,1,1,1,0,1,2,0,0,0
1273,1273,,0,1,4,,0,1,1,0,1,0,1,0,0,1,1,0,1,1,0,0,0
1274,1274,,0,1,4,,1,1,1,0,1,1,1,1,1,1,1,1,1,2,0,0,1
1275,1275,,0,1,4,,0,0,0,0,1,0,1,1,1,1,1,0,1,1,0,1,0
1276,1276,,0,1,4,,0,1,1,0,0,0,1,1,0,1,1,0,1,0,0,0,0
1277,1277,,1,1,4,,0,0,1,0,1,1,1,1,1,1,1,1,1,2,0,1,0
1278,1278,,0,1,4,,1,1,1,1,1,1,1,1,1,1,1,1,2,1,1,1,1
1279,1279,,0,1,4,,0,0,0,0,1,0,1,1,1,1,1,0,2,0,0,0,0
1280,1280,,0,1,4,,1,1,0,0,1,0,1,0,0,1,1,0,1,0,0,0,1
1281,1281,,0,1,4,,0,1,1,0,1,1,0,0,0,1,1,0,1,0,0,0,0
1282,1282,,0,1,4,,0,0,1,0,1,1,1,1,1,1,1,0,1,0,0,0,0
1283,1283,,0,1,4,,0,0,1,0,1,1,1,1,1,1,1,1,1,2,0,0,0
1284,1284,,0,1,4,,1,1,0,0,1,0,1,1,1,1,1,1,1,2,0,0,1
1285,1285,,0,1,4,,1,1,0,1,1,0,0,0,0,1,1,1,1,1,1,0,1
1286,1286,,0,1,4,,1,1,0,0,1,0,1,0,0,1,1,0,1,0,0,0,1
1287,1287,,0,1,4,,1,1,1,0,1,1,1,0,0,1,1,0,1,0,0,0,1
1288,1288,,1,1,4,,1,1,1,0,1,1,0,0,0,1,1,0,2,0,0,1,1
1289,1289,,0,1,4,,0,0,0,0,0,0,0,1,1,1,1,0,1,0,0,0,0
1290,1290,,0,1,4,,0,0,0,1,1,0,0,1,1,1,1,0,1,0,1,0,0
1291,1291,,1,1,4,,0,0,0,0,1,0,1,1,1,1,1,1,1,2,0,0,0
1292,1292,,0,1,4,,0,1,1,0,1,1,1,0,0,1,1,1,1,1,0,0,0
1293,1293,,0,1,4,,1,1,1,0,1,0,0,1,1,1,1,1,1,0,0,0,0
1294,1294,,1,0,4,,0,1,1,0,1,0,1,0,0,1,1,0,2,0,0,1,0
1295,1295,,0,1,4,,0,1,1,0,1,1,0,1,1,1,1,0,1,0,0,0,0
1296,1296,,1,1,4,,0,0,1,0,1,0,0,1,1,1,1,1,1,1,0,0,0
1297,1297,,0,1,4,,1,1,0,0,1,0,0,1,1,1,1,1,1,1,0,0,1
1298,1298,,0,1,4,,0,0,1,0,1,0,0,1,1,1,1,0,1,0,0,0,0
1299,1299,,0,1,4,,0,1,1,1,1,0,0,0,0,1,1,0,1,1,1,0,0
1300,1300,,0,1,4,,0,0,0,0,1,1,0,1,1,1,1,0,1,0,0,0,0
1301,1301,,0,1,4,,0,0,0,0,1,0,0,1,1,1,1,0,1,0,0,0,0
1302,1302,,0,1,4,,1,0,0,0,1,0,0,0,0,1,1,0,1,1,0,0,1
1303,1303,,0,1,4,,0,0,0,0,1,0,0,1,1,1,1,0,1,0,1,0,0
1304,1304,,1,0,4,,0,0,1,0,1,0,1,1,1,1,1,0,1,0,0,0,0
1305,1305,,1,0,4,,1,1,1,0,1,0,1,0,0,1,1,0,1,0,0,0,0
1306,1306,,1,1,4,,0,0,0,0,1,0,1,1,1,1,1,0,1,0,0,0,0
1307,1307,,0,1,4,,1,1,1,0,1,0,0,0,0,1,1,1,1,0,0,0,0
1308,1308,,0,1,4,,0,1,0,0,0,1,0,0,0,1,1,0,1,0,0,0,0
1309,1309,,0,1,4,,0,0,1,0,0,0,0,0,0,1,1,0,1,1,0,0,0
1310,1310,,1,1,4,,0,0,1,0,1,0,0,1,1,1,1,1,1,1,0,0,0
1311,1311,,0,1,4,,0,1,1,0,1,0,0,1,1,1,1,0,1,0,0,0,0
1312,1312,,1,1,4,,0,1,1,0,0,1,0,0,0,1,1,0,1,0,0,0,0
1313,1313,,0,1,4,,1,1,0,0,1,1,1,0,0,1,1,0,1,0,0,0,0
1314,1314,,1,0,4,,1,1,1,0,1,0,1,1,1,1,1,0,2,0,0,1,0
1315,1315,,0,1,4,,0,1,1,0,1,0,1,0,0,1,1,0,1,1,0,0,0
1316,1316,,1,1,4,,0,0,1,0,1,0,1,1,1,1,1,0,1,0,0,0,0
1317,1317,,0,1,4,,0,0,0,0,1,0,0,1,1,1,1,0,1,0,0,0,0
1318,1318,,0,1,4,,1,1,0,0,0,0,0,0,0,1,1,1,1,2,0,0,0
1319,1319,,0,1,4,,1,1,0,1,1,0,1,1,0,1,1,1,1,1,0,0,1
1320,1320,,0,1,4,,2,1,1,1,1,0,0,0,0,1,1,1,1,1,2,1,0
1321,1321,,1,1,4,,0,1,1,0,1,0,1,1,1,1,1,1,3,1,0,0,0
1322,1322,,0,0,4,,0,0,1,0,1,1,1,1,1,1,1,1,1,0,0,1,0
1323,1323,,1,1,4,,0,0,1,0,0,0,1,1,1,1,1,1,1,1,0,0,0
1324,1324,,1,1,4,,1,1,1,0,1,1,0,0,0,1,1,1,1,0,0,0,0
1325,1325,,0,1,4,,0,0,0,0,1,1,1,1,1,1,1,1,1,1,0,0,0
1326,1326,,1,1,4,,0,0,0,0,0,0,0,1,1,0,1,1,1,0,0,1,0
1327,1327,,1,1,4,,0,0,0,0,1,0,0,1,1,0,0,1,1,0,0,1,0
1328,1328,,0,1,4,,0,1,1,0,1,1,0,1,1,1,1,0,1,0,0,1,0
1329,1329,,0,1,4,,0,0,1,0,1,0,0,1,1,1,1,0,1,0,0,0,0
1330,1330,,0,1,1,,0,1,1,0,1,0,0,0,0,0,0,0,1,0,0,0,0
1331,1331,,1,1,1,,0,1,1,0,1,0,0,0,0,0,0,1,1,0,0,0,0
1332,1332,,1,0,1,,0,1,1,1,1,0,0,0,0,1,1,0,1,0,1,0,0
1333,1333,,1,0,1,,0,1,1,1,0,0,0,0,0,1,1,1,1,0,1,0,0
1334,1334,,0,1,1,,0,1,1,0,1,0,0,0,0,1,1,0,1,0,0,0,0
1335,1335,,0,1,1,,0,1,1,0,1,0,1,0,0,1,1,1,1,1,0,0,0
1336,1336,,0,0,1,,0,1,1,0,1,1,0,0,0,1,1,1,1,1,0,0,0
1337,1337,,1,1,1,,0,1,1,0,1,0,1,0,0,1,1,1,1,0,0,0,0
1338,1338,,1,0,1,,0,1,1,0,1,0,0,0,0,1,1,1,1,0,0,0,0
1339,1339,,1,1,1,,0,1,1,0,1,0,1,0,0,1,1,0,1,0,0,0,0
1340,1340,,1,1,1,,0,1,1,0,1,1,0,0,0,1,1,1,1,0,0,0,0
1341,1341,,0,1,1,,0,1,1,0,1,0,0,0,0,1,1,0,1,0,0,0,0
1342,1342,,1,0,1,,0,1,1,0,1,0,0,0,0,1,1,1,1,0,0,0,1
1343,1343,,1,0,1,,0,1,1,0,1,1,1,0,0,0,0,0,1,1,0,0,0
1344,1344,,0,1,1,,0,1,1,0,1,0,1,0,0,1,1,0,1,0,0,0,0
1345,1345,,0,1,1,,0,1,1,0,1,1,1,0,0,1,1,1,1,1,0,0,0
1346,1346,,0,1,1,,0,1,1,0,1,0,0,0,0,1,1,0,1,0,0,0,0
1347,1347,,1,0,1,,0,1,1,0,0,0,0,0,0,0,0,0,1,0,0,1,0
1348,1348,,1,1,1,,0,1,1,0,1,0,0,0,0,1,1,0,1,0,0,0,0
1349,1349,,1,0,1,,0,1,1,0,0,0,1,0,0,1,1,0,1,0,0,1,0
1350,1350,,1,0,1,,0,1,1,0,1,1,0,0,0,1,1,0,1,0,0,0,0
1351,1351,,1,0,1,,0,1,1,0,1,0,0,0,0,0,0,0,1,0,0,1,0
1352,1352,,1,1,1,,0,1,1,0,1,0,0,0,0,1,1,0,1,0,0,0,0
1353,1353,,1,0,1,,0,1,1,0,1,0,0,0,0,1,1,0,1,0,0,0,0
1354,1354,,1,0,1,,0,1,1,0,0,0,0,0,0,1,1,0,1,0,0,0,0
1355,1355,,1,1,1,,0,1,1,0,1,0,1,0,0,1,1,1,1,0,0,0,0
1356,1356,,1,1,1,,0,1,1,0,1,1,0,1,1,1,1,0,1,0,0,0,0
1357,1357,,1,1,1,,0,1,1,0,1,0,1,0,0,1,1,0,1,0,0,0,0
1358,1358,,1,1,1,,0,1,1,0,1,0,1,0,0,1,1,0,1,0,0,0,0
1359,1359,,1,0,1,,0,1,1,0,1,0,0,0,0,1,1,0,1,0,0,0,0
1360,1360,,0,1,1,,0,1,1,0,1,0,0,0,0,1,1,1,1,0,0,0,0
1361,1361,,1,1,1,,0,1,1,0,1,0,0,0,0,1,1,1,1,0,0,0,0
1362,1362,,0,1,1,,0,1,1,1,1,0,0,0,0,1,1,1,1,1,2,0,0
1363,1363,,0,1,1,,0,1,1,0,1,0,1,1,1,1,1,1,2,0,0,0,0
1364,1364,,0,1,1,,0,1,1,0,1,0,0,1,1,1,1,0,2,0,0,0,0
1365,1365,,1,1,1,,0,1,1,0,1,0,0,1,1,1,1,0,2,0,0,0,0
1366,1366,,1,1,1,,0,1,1,0,1,0,0,0,0,0,0,0,1,0,0,0,0
1367,1367,,0,1,1,,0,1,1,0,1,1,0,0,0,1,1,1,1,1,0,0,0
1368,1368,,1,1,1,,0,1,1,0,1,0,1,0,0,1,1,0,1,0,0,0,0
1369,1369,,1,0,1,,0,1,1,0,1,1,1,0,0,1,1,0,1,0,0,1,0
1370,1370,,1,0,1,,0,1,1,1,0,1,0,0,0,1,1,0,1,0,1,0,0
1371,1371,,0,1,1,,1,1,0,0,1,0,0,0,0,1,1,0,1,0,0,0,1
1372,1372,,1,0,1,,0,1,0,0,1,0,1,1,1,1,1,0,1,0,0,0,0
1373,1373,,1,0,1,,0,1,1,0,1,0,0,0,0,1,1,0,1,0,0,1,0
1374,1374,,1,0,1,,0,1,1,0,1,0,0,0,0,1,1,0,1,0,0,0,0
1375,1375,,1,0,1,,0,1,1,0,1,0,0,0,0,1,1,0,1,0,0,1,0
1376,1376,,1,0,1,,1,1,1,0,1,0,0,0,0,1,1,0,2,0,0,0,1
1377,1377,,0,1,1,,0,1,0,0,1,0,0,0,0,1,1,0,1,0,0,0,0
1378,1378,,1,1,1,,0,1,1,0,1,0,0,0,0,1,1,0,1,0,0,1,0
1379,1379,,1,1,1,,0,1,1,0,1,0,0,0,0,1,1,0,1,0,0,1,0
1380,1380,,1,1,1,,0,1,1,0,0,0,0,0,0,1,1,0,1,0,0,0,0
1381,1381,,1,0,1,,1,1,1,0,1,0,0,0,0,1,1,0,2,1,0,0,0
1382,1382,,1,1,1,,0,1,1,0,1,1,0,0,0,1,1,0,1,0,0,0,0
1383,1383,,1,1,1,,0,1,1,0,1,0,0,0,0,1,1,1,1,0,0,0,0
1384,1384,,1,1,1,,0,1,1,0,1,0,0,0,0,1,1,1,1,1,0,0,0
1385,1385,,1,1,1,,0,1,1,0,1,1,0,0,0,1,1,0,1,0,0,1,0
1386,1386,,1,0,1,,0,1,0,0,1,0,1,0,0,1,1,1,1,1,0,0,0
1387,1387,,1,0,1,,0,1,1,0,0,1,1,0,0,1,1,0,1,0,0,0,0
1388,1388,,1,0,1,,0,1,1,0,1,0,0,0,0,1,1,1,1,0,0,0,0
1389,1389,,0,1,1,,1,1,0,0,0,0,0,0,0,1,1,0,1,0,0,0,1
1390,1390,,0,1,1,,0,1,1,0,0,0,1,0,0,1,1,0,1,0,0,0,0
1391,1391,,0,1,1,,1,1,0,0,0,0,1,0,0,1,1,0,1,0,0,0,1
1392,1392,,0,1,1,,0,1,0,1,0,0,1,0,0,1,1,0,1,0,2,0,0
1393,1393,,0,1,1,,0,1,1,0,1,0,0,1,1,1,1,1,2,3,0,0,0
1394,1394,,0,1,1,,0,1,1,0,0,0,0,0,0,1,1,0,1,0,0,0,0
1395,1395,,0,1,1,,0,1,1,1,0,1,0,0,0,1,1,0,1,0,1,0,0
1396,1396,,0,1,1,,0,1,0,0,1,0,0,0,0,1,1,0,1,0,0,0,1
1397,1397,,0,1,1,,0,1,0,0,1,0,0,0,0,1,1,0,1,0,0,0,1
1398,1398,,0,1,1,,0,1,1,0,1,0,1,0,0,1,1,0,1,0,0,0,0
1399,1399,,0,1,1,,1,1,0,1,1,0,0,0,0,1,1,1,1,1,1,0,1
1400,1400,,0,1,1,,1,1,0,1,1,0,0,0,0,1,1,0,1,0,1,0,1
1401,1401,,0,1,1,,1,0,1,0,1,0,1,0,0,1,1,1,1,0,0,0,1
1402,1402,,0,1,1,,0,1,1,1,1,0,0,0,0,1,1,1,1,1,1,0,0
1403,1403,,0,1,1,,0,1,1,1,1,0,0,0,0,1,1,0,1,0,1,0,0
1404,1404,,0,1,1,,0,1,0,0,1,0,0,0,0,1,1,0,1,0,0,0,0
1405,1405,,0,1,1,,0,1,1,0,1,0,0,0,0,1,1,0,1,0,0,0,0
1406,1406,,0,1,1,,0,0,1,0,1,0,0,1,1,0,0,0,1,0,0,0,0
1407,1407,,0,1,1,,0,1,0,0,1,1,1,0,0,1,1,1,1,0,1,0,0
1408,1408,,0,1,1,,0,0,1,0,1,1,0,0,0,1,1,1,1,1,0,0,1
1409,1409,,0,1,1,,0,0,1,0,1,1,0,0,0,0,0,0,1,0,0,0,1
1410,1410,,0,1,1,,0,0,1,0,1,1,0,0,0,1,1,0,1,0,0,0,1
1411,1411,,0,1,1,,0,1,0,0,0,0,0,0,0,1,1,0,1,0,0,0,0
1412,1412,,0,1,1,,0,1,0,0,0,0,0,0,0,1,1,0,1,0,0,0,0
1413,1413,,0,1,1,,0,1,0,0,0,0,0,0,0,1,1,0,1,0,0,0,0
1414,1414,,0,1,1,,0,1,0,0,0,0,0,0,0,1,1,0,1,0,0,0,0
1415,1415,,0,1,1,,0,1,1,0,0,0,0,0,0,1,1,0,1,0,0,0,1
1416,1416,,0,1,1,,0,1,1,0,1,0,0,0,0,1,1,0,1,0,0,0,1
1417,1417,,1,1,1,,0,1,1,0,0,0,0,0,0,1,1,1,1,0,0,0,1
1418,1418,,0,1,1,,0,0,0,0,1,0,0,1,1,1,1,0,1,0,0,0,0
1419,1419,,1,0,1,,0,1,1,0,1,0,0,0,0,0,0,0,1,0,0,1,0
1420,1420,,1,0,1,,0,1,1,0,1,1,0,0,0,0,0,1,1,0,0,1,0
1421,1421,,1,0,1,,0,1,1,0,1,1,0,0,0,1,1,0,1,0,0,0,0
1422,1422,,1,0,1,,0,1,1,0,1,1,0,0,0,0,0,1,1,0,0,1,0
1423,1423,,1,0,1,,0,1,1,0,1,1,0,0,0,1,1,0,1,0,0,1,0
1424,1424,,1,0,1,,0,1,1,0,1,1,0,0,0,1,1,0,1,0,0,1,0
1425,1425,,1,0,1,,0,1,1,0,0,0,0,0,0,1,1,0,1,0,0,0,0
1426,1426,,1,0,1,,0,1,1,0,1,1,0,0,0,0,0,0,1,0,0,1,0
1427,1427,,1,1,1,,0,1,1,0,1,1,0,0,0,0,1,1,1,0,0,1,0
1428,1428,,1,1,1,,0,1,1,0,0,0,0,0,0,1,1,0,1,0,0,0,0
1429,1429,,1,1,1,,0,1,1,0,0,1,0,0,0,1,1,0,1,0,0,0,0
1430,1430,,1,1,1,,0,1,1,0,1,0,0,0,0,1,1,0,1,0,0,1,0
1431,1431,,1,1,1,,0,1,1,0,1,1,0,0,0,1,1,0,1,0,0,0,0
1432,1432,,1,1,1,,0,1,1,0,1,0,0,0,0,1,1,0,1,0,0,0,0
1433,1433,,1,1,1,,0,1,1,0,0,0,0,0,0,1,1,0,1,0,0,0,0
1434,1434,,1,1,1,,0,1,1,0,1,0,0,0,0,1,1,0,1,0,0,1,0
1435,1435,,1,1,1,,0,1,1,0,0,0,0,0,0,1,1,0,1,0,0,0,0
1436,1436,,1,1,1,,0,1,1,0,0,0,0,0,0,1,1,0,1,0,0,0,0
1437,1437,,1,1,1,,0,1,1,0,1,1,0,0,0,1,1,0,1,0,0,0,0
1438,1438,,1,0,1,,0,1,0,0,0,0,0,0,0,1,1,0,1,0,0,0,0
1439,1439,,1,0,1,,0,1,1,0,0,1,0,0,0,1,1,0,1,0,0,1,0
1440,1440,,1,0,1,,0,1,1,0,1,0,0,0,0,0,0,0,1,0,0,0,0
1441,1441,,1,0,1,,0,1,1,0,0,0,0,0,0,0,0,0,1,0,0,0,0
1442,1442,,1,0,1,,0,1,1,0,0,1,0,0,0,1,1,0,2,0,0,0,0
1443,1443,,1,0,1,,0,1,1,0,1,1,0,0,0,1,1,0,1,0,0,0,0
1444,1444,,1,1,1,,0,1,1,0,0,0,0,0,0,1,1,0,1,0,0,0,0
1445,1445,,1,1,1,,0,1,1,0,0,0,1,0,0,1,1,0,1,1,0,0,0
1446,1446,,1,0,1,,0,1,1,0,0,0,1,1,1,1,1,1,2,1,0,1,0
1447,1447,,1,0,1,,0,1,1,0,1,0,0,0,0,1,1,0,1,0,0,1,0
1448,1448,,1,0,1,,0,1,1,0,1,0,0,0,0,1,1,0,1,0,0,1,0
1449,1449,,1,0,1,,0,0,1,0,0,0,0,1,1,1,1,0,1,0,0,0,0
1450,1450,,1,0,1,,0,1,1,0,0,0,0,0,0,0,0,0,1,0,0,1,0
1451,1451,,1,0,1,,0,1,1,0,0,0,0,0,0,1,1,0,1,0,0,0,0
1452,1452,,1,0,1,,0,1,1,0,1,1,0,0,0,1,1,0,1,0,0,1,0
1453,1453,,1,0,1,,0,1,1,0,1,1,0,0,0,1,1,0,1,0,0,1,0
1454,1454,,1,0,1,,0,1,1,0,0,0,0,0,0,1,1,0,1,0,0,0,0
1455,1455,,1,0,1,,0,1,1,0,1,0,0,0,0,1,1,1,1,0,0,0,0
1456,1456,,1,0,1,,0,1,1,0,1,0,0,0,0,1,1,1,1,0,0,0,0
1457,1457,,1,0,1,,0,1,1,0,1,0,0,0,0,1,1,1,1,0,0,0,0
1458,1458,,1,0,1,,0,1,1,0,0,0,0,0,0,1,1,0,1,0,0,0,0
1459,1459,,1,0,1,,0,1,1,0,1,0,0,0,0,1,1,0,1,0,0,0,0
1460,1460,,1,0,1,,0,1,1,0,1,0,0,0,0,1,1,1,1,1,0,0,0
1461,1461,,1,0,1,,0,1,1,0,0,0,0,0,0,0,0,0,1,0,0,0,0
1462,1462,,1,0,1,,0,1,1,0,1,1,0,0,0,0,0,0,1,0,0,0,0
1463,1463,,1,1,1,,0,1,1,0,1,1,0,0,0,1,1,0,1,0,0,1,0
1464,1464,,0,0,1,,0,1,1,0,0,0,0,0,0,1,0,0,1,0,1,0,0
1465,1465,,1,0,1,,0,1,1,0,0,1,0,0,0,1,1,0,1,0,0,0,0
1466,1466,,1,0,1,,0,0,1,0,0,0,0,1,1,1,1,1,2,1,0,0,0
1467,1467,,1,0,1,,0,1,1,0,1,0,0,0,0,1,1,0,1,0,0,1,0
1468,1468,,1,0,1,,0,0,1,0,1,0,0,1,1,1,1,0,1,0,0,0,0
1469,1469,,1,0,1,,0,1,1,1,1,0,0,0,0,1,1,0,1,0,1,0,0
1470,1470,,1,1,1,,0,1,1,0,1,0,0,1,1,1,1,1,3,0,0,1,0
1471,1471,,1,1,1,,0,1,1,0,1,0,0,0,0,1,1,0,1,0,0,0,0
1472,1472,,1,0,1,,0,1,1,0,1,0,0,0,0,1,1,0,1,0,0,1,0
1473,1473,,1,0,1,,0,1,1,0,0,0,0,0,0,0,0,0,1,0,0,0,0
1474,1474,,1,0,1,,0,1,1,0,1,0,0,0,0,0,0,0,1,0,0,0,0
1475,1475,,1,0,1,,0,1,1,0,1,0,0,0,0,1,1,0,1,0,0,1,0
1476,1476,,1,0,1,,0,1,1,1,1,0,0,0,0,1,1,0,1,0,1,1,0
1477,1477,,1,0,1,,0,1,1,0,1,1,0,1,1,1,1,0,2,0,0,1,0
1478,1478,,1,0,1,,0,1,1,0,1,0,0,0,0,0,0,0,1,0,0,0,0
1479,1479,,1,0,1,,0,1,1,0,1,1,0,0,0,1,1,0,1,0,0,0,0
1480,1480,,1,0,1,,0,1,1,0,1,0,0,0,0,1,1,0,1,0,0,0,0
1481,1481,,1,0,1,,0,1,1,1,1,0,0,0,0,1,1,0,2,1,1,0,1
1482,1482,,1,0,1,,0,0,0,0,1,1,0,1,1,1,1,0,1,0,0,0,0
1483,1483,,1,0,1,,0,1,1,0,1,1,0,0,0,1,1,1,1,1,0,0,0
1484,1484,,1,0,1,,0,1,1,0,1,0,0,0,0,1,1,0,1,0,0,0,0
1485,1485,,1,0,1,,0,1,1,0,0,1,1,0,0,1,1,0,1,0,0,1,0
1486,1486,,1,0,1,,0,1,1,0,1,0,0,1,1,1,1,0,1,0,0,0,0
1487,1487,,1,0,1,,0,1,1,0,1,0,0,0,0,1,1,0,1,0,0,0,0
1488,1488,,1,1,1,,0,1,1,0,1,1,0,0,0,1,1,0,1,0,0,0,0
1489,1489,,1,1,1,,0,0,0,0,0,0,0,1,1,1,1,0,1,0,0,1,0
1490,1490,,1,1,1,,0,1,1,0,1,0,0,0,0,1,1,0,1,0,0,0,0
1491,1491,,1,0,1,,0,1,1,0,0,0,0,0,0,1,1,0,1,0,0,0,0
1492,1492,,1,0,1,,0,1,1,0,1,0,0,0,0,0,0,0,1,0,0,0,0
1493,1493,,1,1,1,,0,1,1,0,0,0,0,0,0,1,1,0,1,0,0,0,0
1494,1494,,0,1,1,,0,1,1,0,1,0,0,0,0,1,1,0,1,0,0,0,0
1495,1495,,0,1,1,,0,1,0,0,1,0,0,0,0,1,1,1,2,1,2,0,0
1496,1496,,0,1,1,,0,1,1,1,0,0,0,0,0,1,1,0,1,1,3,0,0
1497,1497,,0,1,1,,1,1,0,0,1,0,0,0,0,1,1,0,1,0,1,0,1
1498,1498,,0,1,1,,0,0,1,0,1,0,0,0,0,1,1,0,1,0,1,0,1
1499,1499,,0,1,1,,1,1,0,0,1,0,0,0,0,1,1,0,1,0,1,0,1
1500,1500,,0,1,1,,1,1,0,0,1,0,0,1,1,1,1,0,1,1,0,0,0
1501,1501,,0,1,1,,0,1,1,0,0,0,0,0,0,1,1,0,1,1,0,1,0
