,Unnamed: 0,ProjectID,RequirementText,IsFunctional,IsQuality,AComp,nsubj,dobj,nummod,amod,acl,nmod,auxpass,nsubjpass,prep,pobj,advmod,Modal,Adverb,Cardinal,hasFverb,hasQverb
0,0,2,,0,1,0,1,0,0,1,0,0,1,1,1,1,0,2,0,0,0,0
1,1,2,,0,1,0,1,1,0,1,0,0,1,1,1,1,0,2,0,0,1,0
2,2,2,,1,0,0,1,1,0,1,1,0,1,1,1,1,1,1,2,0,0,0
3,3,2,,1,0,0,1,1,0,0,1,0,0,0,1,1,1,2,0,0,1,0
4,4,2,,1,0,0,1,1,0,1,1,0,0,0,1,1,0,1,0,0,1,0
5,5,2,,1,1,1,1,1,0,0,0,0,0,0,0,0,1,1,1,0,1,0
6,6,2,,1,0,0,1,1,0,1,1,0,1,1,1,1,1,1,3,2,0,0
7,7,2,,0,1,0,0,0,0,1,0,0,1,1,1,1,0,1,0,0,0,0
8,8,2,,1,0,1,1,1,0,1,1,0,0,0,1,1,0,1,0,0,0,0
9,9,2,,1,0,0,1,1,0,1,1,0,0,0,1,1,1,1,0,0,0,0
10,10,2,,1,0,0,1,1,0,0,1,0,0,0,1,1,0,1,0,0,0,0
11,11,2,,1,0,0,1,1,0,0,1,0,0,0,1,1,0,1,0,0,0,0
12,12,2,,0,1,0,1,0,0,1,0,0,0,0,1,1,0,1,0,0,0,1
13,13,2,,0,1,0,1,1,0,1,0,0,0,0,0,0,0,1,0,0,0,0
14,14,2,,1,1,0,1,1,0,1,0,0,0,0,1,1,0,1,0,0,0,0
15,15,2,,1,0,0,1,1,0,0,1,1,0,0,1,1,0,1,0,0,0,0
16,16,2,,1,0,0,1,1,0,1,1,0,0,0,1,1,0,1,0,2,1,0
17,17,2,,1,0,0,1,1,0,1,1,0,0,0,1,1,0,1,0,0,1,0
18,18,2,,1,1,0,1,1,0,0,1,0,0,0,1,1,1,1,1,0,0,0
19,19,2,,0,1,1,1,1,0,1,1,0,0,0,1,1,1,1,1,0,0,0
20,20,2,,1,1,0,1,1,0,0,1,0,0,0,1,1,1,1,1,0,0,0
21,21,2,,1,1,0,1,1,0,1,1,0,0,0,1,1,0,1,0,0,0,0
22,22,2,,1,1,0,1,1,0,0,1,0,0,0,1,0,1,1,0,0,0,0
23,23,2,,1,0,0,1,1,0,0,1,0,0,0,0,0,0,1,0,0,0,0
24,24,2,,1,0,0,1,1,0,1,0,0,0,0,1,1,0,1,0,0,1,0
25,25,2,,1,0,0,1,1,0,1,0,0,0,0,1,1,0,1,0,0,1,0
26,26,2,,0,1,0,1,1,1,1,0,0,0,0,1,1,1,1,1,5,0,1
27,27,2,,0,1,1,1,0,1,0,0,0,0,0,1,1,0,1,0,2,0,1
28,28,2,,0,1,1,1,0,1,1,0,0,0,0,1,1,1,1,1,1,0,1
29,29,2,,0,1,0,1,1,0,1,1,0,0,0,1,1,0,1,0,0,0,0
30,30,2,,0,1,0,1,1,0,1,0,0,0,0,1,1,0,1,0,0,0,0
31,31,2,,1,0,0,1,1,0,0,0,0,0,0,1,1,0,1,1,0,0,0
32,32,2,,1,0,0,1,1,0,1,0,0,0,0,1,1,0,1,0,0,0,0
33,33,2,,1,0,0,1,1,0,0,0,0,0,0,1,1,0,1,0,0,0,0
34,34,2,,0,1,0,1,1,0,1,0,1,1,1,0,0,1,1,2,0,0,0
35,35,2,,1,0,0,1,1,0,1,1,1,0,0,1,1,0,1,0,2,0,0
36,36,2,,1,0,0,1,1,0,0,0,1,0,0,1,1,0,1,0,0,0,0
37,37,2,,1,0,0,1,1,0,1,1,1,0,0,1,1,0,1,0,0,0,0
38,38,2,,1,0,0,1,1,0,1,1,1,0,0,1,1,0,1,0,0,0,0
39,39,2,,1,0,0,1,1,0,1,1,1,0,0,1,1,0,1,0,0,0,0
40,40,2,,1,0,0,1,1,0,1,1,1,0,0,1,1,0,1,0,0,0,0
41,41,2,,1,0,0,1,1,0,1,1,1,0,0,1,1,0,1,0,0,0,0
42,42,2,,1,1,0,1,1,0,0,0,0,0,0,1,1,0,1,0,0,0,0
43,43,2,,1,0,0,1,1,0,0,0,0,0,0,1,1,0,1,0,0,0,0
44,44,2,,1,0,0,1,1,0,1,0,0,0,0,1,1,0,1,0,0,0,0
45,45,2,,1,0,0,1,1,0,0,1,0,0,1,1,0,0,2,0,0,0,0
46,46,2,,1,0,0,1,1,0,1,1,0,0,0,1,1,0,1,0,0,0,0
47,47,2,,1,0,0,1,1,0,0,1,0,0,0,1,1,0,1,0,0,0,0
48,48,2,,1,0,0,1,1,0,1,1,0,1,0,1,1,1,2,0,0,0,0
49,49,2,,1,0,0,1,1,0,0,1,0,0,0,1,1,0,1,0,0,0,0
50,50,2,,1,0,0,1,1,0,1,1,1,0,0,1,1,0,1,0,0,0,0
51,51,2,,1,0,0,1,1,0,1,1,0,0,0,1,1,0,1,0,0,0,0
52,52,2,,1,1,0,1,1,0,1,1,0,0,0,1,1,0,1,0,0,0,0
53,53,2,,1,0,0,1,1,0,0,1,0,0,0,1,1,0,1,0,0,0,0
54,54,2,,1,0,0,1,1,0,0,0,1,0,0,1,0,0,1,0,0,0,0
55,55,2,,1,0,0,1,1,0,1,1,1,0,0,0,0,0,1,0,0,0,0
56,56,2,,1,0,0,1,1,0,0,1,0,0,0,1,1,0,1,0,0,0,0
57,57,2,,1,1,1,1,1,0,0,1,0,0,0,1,1,0,1,0,0,1,0
58,58,2,,1,0,0,1,1,0,1,1,0,0,0,1,1,0,1,0,0,0,0
59,59,2,,1,0,0,1,1,0,0,0,0,0,0,1,1,0,1,0,0,0,0
60,60,2,,1,0,0,1,1,0,0,1,0,0,0,1,1,0,1,0,0,0,0
61,61,2,,1,0,0,1,1,0,1,1,0,0,0,0,0,0,1,0,0,1,0
62,62,2,,1,0,0,1,1,0,1,1,0,0,0,0,0,0,1,0,0,1,0
63,63,2,,1,1,0,1,1,0,1,1,0,0,0,0,0,0,1,0,0,1,0
64,64,2,,1,0,0,1,1,0,0,1,0,0,0,1,1,0,1,0,0,1,0
65,65,2,,1,0,0,1,1,0,0,1,0,0,0,1,1,0,1,0,0,1,0
66,66,2,,1,0,0,1,1,0,0,1,0,0,0,1,1,0,1,0,0,1,0
67,67,2,,1,0,0,1,1,0,1,1,0,0,0,1,1,0,1,0,0,1,0
68,68,2,,1,0,0,1,1,0,1,1,0,0,0,1,1,0,2,0,0,1,1
69,69,2,,1,1,0,1,1,0,0,1,0,0,0,1,1,0,1,0,0,1,0
70,70,2,,1,0,0,1,1,0,0,1,0,0,0,1,1,0,1,0,0,0,0
71,71,2,,1,0,0,1,1,0,1,1,0,0,0,1,1,0,1,0,0,0,0
72,72,2,,1,0,0,1,1,0,0,1,0,0,0,1,1,0,1,0,0,0,0
73,73,2,,1,0,0,1,1,1,0,1,0,0,0,1,1,0,1,0,1,1,0
74,74,2,,1,0,0,1,1,0,0,1,0,0,0,1,1,0,1,0,0,0,0
75,75,2,,1,0,0,1,1,0,0,1,0,0,0,1,1,0,1,0,0,0,0
76,76,2,,1,0,0,1,1,0,1,1,0,0,0,1,1,1,1,1,0,0,0
77,77,2,,0,1,0,1,1,1,0,1,0,0,0,1,1,0,1,0,1,0,0
78,78,2,,1,0,0,1,1,0,0,1,0,0,0,1,1,0,1,0,0,0,0
79,79,2,,1,0,0,1,1,0,1,1,0,1,1,1,1,1,3,1,0,1,0
80,80,2,,1,1,0,1,1,0,0,1,0,0,0,1,1,0,1,0,0,1,0
81,81,2,,1,0,0,1,1,0,0,1,0,0,0,1,1,0,1,0,0,1,0
82,82,2,,1,0,0,1,1,0,1,1,0,0,0,0,1,0,1,0,0,1,0
83,83,2,,1,0,0,1,1,0,0,1,0,0,0,1,1,0,1,0,0,1,0
84,84,2,,1,0,0,1,1,0,1,1,0,0,0,1,1,1,2,1,0,1,0
85,85,2,,1,0,0,1,1,0,1,1,0,0,0,1,1,1,1,1,0,1,0
86,86,2,,1,0,0,1,1,0,0,1,1,0,0,1,1,0,1,0,0,1,0
87,87,2,,1,1,0,1,1,0,0,1,0,0,0,1,1,0,1,0,0,0,0
88,88,2,,1,0,0,1,1,1,0,1,0,0,0,1,1,0,1,0,1,1,0
89,89,2,,1,1,0,1,1,0,1,1,0,0,0,1,1,0,1,0,0,0,0
90,90,2,,1,0,0,1,1,0,1,1,0,0,0,1,1,1,1,0,0,0,0
91,91,2,,1,0,0,1,1,0,0,1,0,0,0,1,1,0,1,0,0,0,0
92,92,2,,0,1,0,1,1,0,0,1,0,0,0,1,1,0,1,0,0,1,0
93,93,2,,0,1,0,1,1,0,0,1,0,0,0,1,1,0,1,0,0,0,0
94,94,2,,0,1,0,1,1,0,1,1,0,0,0,1,1,0,1,0,0,1,0
95,95,2,,1,0,0,1,1,0,1,1,0,0,0,1,1,1,1,0,0,0,0
96,96,2,,1,1,0,1,1,0,0,1,1,0,0,1,1,0,1,0,0,0,0
97,97,2,,1,1,0,1,1,0,1,1,0,0,0,1,1,0,1,0,0,0,0
98,98,2,,1,0,0,1,1,0,1,1,0,0,0,1,1,0,1,0,0,1,0
99,99,2,,1,0,0,1,1,0,0,1,0,0,0,1,1,0,1,0,0,0,0
100,100,2,,1,1,0,1,1,0,1,1,0,0,0,0,0,1,2,1,1,1,0
101,101,2,,1,0,0,1,1,0,1,1,0,0,0,1,1,0,2,1,0,1,0
102,102,2,,1,0,0,1,1,0,0,1,0,0,0,0,1,0,1,0,0,1,0
103,103,2,,1,0,0,1,1,0,0,1,0,1,1,0,0,0,1,0,0,1,0
104,104,2,,1,0,0,1,1,0,0,1,0,0,0,1,1,0,1,0,0,0,0
105,105,2,,1,0,0,1,1,0,0,1,0,0,0,1,1,0,1,0,0,1,0
106,106,2,,1,0,0,1,1,0,0,1,0,0,0,1,1,0,1,0,0,1,0
107,107,2,,1,0,0,1,1,0,1,1,0,0,0,0,1,0,1,0,0,0,0
108,108,2,,1,0,0,1,1,0,1,1,1,0,0,1,1,0,1,0,0,0,0
109,109,2,,1,0,0,1,1,0,0,1,0,1,1,1,1,1,1,0,0,1,0
110,110,2,,1,0,0,1,1,0,1,1,0,0,0,1,1,0,1,0,0,1,0
111,111,2,,1,0,0,1,1,0,1,1,0,0,0,1,1,0,1,0,0,1,0
112,112,2,,1,0,0,1,1,0,0,1,0,0,0,1,1,0,1,0,0,1,0
113,113,2,,1,0,0,1,1,0,0,1,0,0,0,0,1,0,1,0,0,1,0
114,114,2,,1,0,0,1,1,0,0,1,0,0,0,1,0,0,1,0,1,1,0
115,115,2,,1,0,0,1,1,0,1,1,0,1,1,1,1,0,1,0,0,1,0
116,116,2,,1,0,0,1,1,0,0,1,0,0,0,1,1,0,1,0,0,1,0
117,117,2,,1,0,0,1,1,0,0,1,0,0,0,1,1,0,1,0,0,1,0
118,118,2,,1,0,0,1,1,0,0,1,0,0,0,1,1,0,1,0,0,1,0
119,119,2,,1,0,0,1,1,0,1,1,0,0,0,1,1,0,1,0,0,1,0
120,120,2,,1,0,0,1,1,0,1,1,0,0,0,1,1,0,1,0,0,1,0
121,121,2,,1,0,0,1,1,0,0,1,0,0,0,1,1,0,1,0,0,1,0
122,122,2,,1,0,0,1,1,0,0,1,0,0,0,1,1,0,1,0,0,1,0
123,123,2,,1,0,0,1,1,0,0,1,0,0,0,1,1,0,1,1,0,1,0
124,124,2,,1,0,0,1,1,0,0,1,0,0,0,1,1,0,1,0,0,1,0
125,125,2,,1,0,0,1,1,0,0,1,0,0,0,1,1,0,1,0,0,1,0
126,126,2,,1,0,0,1,1,0,0,1,0,0,0,1,1,0,1,0,0,1,0
127,127,2,,1,0,0,1,1,0,0,1,0,0,0,1,1,0,1,0,0,1,0
128,128,2,,1,0,1,1,1,0,1,1,0,0,0,1,1,0,1,0,0,1,0
129,129,2,,1,0,1,1,1,0,1,1,0,0,0,1,1,0,1,0,0,1,0
130,130,2,,1,0,0,1,1,0,0,1,0,0,0,1,1,1,1,0,0,1,0
131,131,2,,1,0,0,1,1,0,0,0,0,0,0,1,0,1,1,1,0,0,0
132,132,2,,0,1,0,1,0,1,1,0,0,0,0,1,1,0,1,0,1,0,1
133,133,2,,0,1,0,1,1,0,1,0,0,0,0,1,1,0,1,0,0,0,0
134,134,2,,0,1,0,1,1,0,0,0,0,0,0,1,1,0,1,0,0,0,0
135,135,2,,0,1,0,1,1,0,1,1,0,1,1,1,1,0,1,0,0,0,0
136,136,2,,0,1,0,1,1,0,1,0,0,0,0,1,1,0,1,0,0,0,0
137,137,2,,0,1,0,1,1,0,0,0,0,0,0,1,1,0,1,0,0,0,0
138,138,2,,0,1,0,1,1,0,0,0,0,0,0,0,0,0,1,0,0,0,0
139,139,2,,0,1,0,1,1,0,0,0,1,0,0,1,1,0,1,0,0,0,0
140,140,2,,0,1,0,1,1,0,1,0,0,0,0,1,1,0,1,0,0,0,0
141,141,2,,0,1,0,1,1,0,0,0,0,0,0,1,1,0,1,0,0,0,0
142,142,2,,1,0,0,1,1,0,0,1,0,0,0,1,1,0,1,0,0,1,0
143,143,2,,1,0,0,1,1,0,0,1,0,0,0,1,1,0,1,0,0,1,0
144,144,2,,0,1,0,1,1,0,1,0,0,0,0,1,1,1,1,1,0,0,0
145,145,2,,1,0,0,1,1,0,1,1,0,0,0,0,0,0,1,0,0,0,0
146,146,2,,1,0,0,1,1,0,0,0,0,0,0,1,1,0,1,0,0,0,0
147,147,2,,1,0,0,1,1,0,0,1,0,0,0,1,1,0,1,0,0,0,0
148,148,2,,1,0,0,1,1,0,0,1,0,0,0,1,1,1,1,1,0,1,0
149,149,2,,1,0,0,1,1,0,1,1,0,0,0,1,1,1,1,2,0,0,0
150,150,2,,1,0,0,1,1,0,1,1,0,0,0,1,1,0,1,0,0,0,0
151,151,2,,1,0,0,1,1,0,1,1,0,0,0,1,1,0,1,0,0,0,0
152,152,2,,1,0,0,1,1,0,0,1,0,0,0,1,1,0,1,0,0,0,0
153,153,2,,1,0,0,1,1,0,0,1,0,0,0,1,1,0,1,0,0,0,0
154,154,2,,1,1,0,1,1,0,1,1,0,0,0,1,0,0,1,0,0,1,0
155,155,2,,1,0,0,1,1,0,0,1,0,0,0,1,1,0,1,0,0,1,0
156,156,2,,1,0,0,1,1,0,1,1,0,0,0,1,1,1,2,1,0,1,0
157,157,2,,1,0,0,1,1,0,1,1,0,0,0,1,1,1,2,1,0,1,0
158,158,2,,1,1,0,1,1,0,0,1,0,0,0,1,1,1,1,1,0,1,0
159,159,2,,1,1,0,1,1,0,1,1,0,0,0,1,1,0,1,0,0,1,0
160,160,2,,1,0,0,1,1,0,0,1,0,0,0,0,0,0,1,0,0,0,0
161,161,2,,0,1,0,1,1,0,1,1,0,0,0,1,1,0,1,0,1,0,0
162,162,2,,1,1,0,1,1,0,0,1,0,0,0,0,0,1,2,1,0,0,0
163,163,2,,1,0,0,1,1,0,1,1,0,0,0,1,1,1,1,1,0,0,0
164,164,2,,1,0,0,1,1,0,0,1,0,0,0,1,1,0,1,0,0,1,0
165,165,2,,1,0,0,1,1,0,1,1,0,0,0,1,1,0,1,0,0,1,0
166,166,2,,1,0,0,1,1,0,1,1,0,0,0,1,1,0,1,0,0,1,0
167,167,2,,1,0,0,1,1,0,0,1,0,0,0,0,1,0,1,0,0,1,0
168,168,2,,1,0,0,1,1,0,0,1,0,0,0,0,1,0,1,0,0,1,0
169,169,2,,1,1,0,1,1,0,1,0,0,0,0,1,1,1,1,0,0,0,0
170,170,2,,0,1,0,1,1,1,1,0,0,0,0,1,1,1,1,0,2,0,0
171,171,2,,1,0,0,1,1,0,1,1,0,1,1,1,1,1,1,1,0,1,0
172,172,3,,1,1,0,1,1,0,1,0,1,0,0,1,1,0,1,0,0,0,0
173,173,3,,0,1,1,1,0,0,0,0,0,0,0,1,1,0,1,0,0,0,1
174,174,3,,1,1,1,1,1,0,0,0,0,1,0,1,1,1,1,1,0,0,1
175,175,3,,1,1,0,1,1,0,1,0,0,0,0,1,1,0,1,0,0,0,0
176,176,3,,0,1,1,1,0,0,1,0,0,0,0,1,1,0,1,0,0,0,1
177,177,3,,1,0,0,1,1,0,0,0,0,0,0,1,1,0,1,0,0,0,0
178,178,3,,1,0,0,1,1,0,0,0,0,0,0,1,1,0,1,0,0,1,0
179,179,3,,1,0,0,1,1,0,0,0,0,0,0,1,1,0,1,0,0,1,0
180,180,3,,1,0,0,1,1,0,0,0,0,0,0,1,1,0,1,0,0,1,0
181,181,3,,1,0,0,1,1,0,0,0,0,0,0,1,1,0,1,0,0,0,0
182,182,3,,1,0,0,1,1,0,1,0,0,1,0,0,1,0,1,0,0,0,0
183,183,3,,1,0,0,1,1,0,1,0,0,1,0,0,1,0,1,0,0,0,0
184,184,3,,1,0,0,1,1,0,1,0,0,1,0,1,1,0,2,0,0,0,0
185,185,3,,1,0,0,0,0,0,1,0,0,1,1,1,1,1,1,1,0,0,0
186,186,3,,1,0,0,1,0,0,0,0,0,1,0,1,1,1,1,0,0,1,0
187,187,3,,1,0,0,1,1,0,0,0,0,1,1,1,1,1,1,0,0,1,0
188,188,3,,1,0,0,1,1,0,0,0,0,1,1,1,1,0,1,1,0,1,0
189,189,3,,1,0,0,1,1,0,1,0,0,0,0,1,1,0,1,0,0,1,0
190,190,3,,1,0,0,1,1,0,0,1,0,0,0,1,1,0,1,0,0,0,0
191,191,3,,1,0,0,0,0,0,1,0,0,1,1,0,1,0,1,0,0,0,0
192,192,3,,1,0,0,1,1,0,0,0,0,0,0,1,1,0,1,0,0,1,0
193,193,3,,1,0,0,1,1,0,0,0,0,0,0,1,1,0,1,0,0,1,0
194,194,3,,1,0,0,1,1,0,1,1,0,0,0,1,1,0,1,0,0,0,0
195,195,3,,1,0,0,0,1,0,0,0,0,1,1,1,1,0,1,0,0,1,0
196,196,3,,1,0,0,0,1,0,1,0,0,0,0,1,1,0,1,0,0,1,0
197,197,3,,1,0,0,1,1,0,1,0,0,0,0,1,1,0,2,0,0,1,0
198,198,3,,1,0,0,0,1,0,1,0,0,0,0,1,1,0,1,0,0,1,0
199,199,3,,1,0,0,1,1,1,1,0,0,0,0,1,1,0,1,0,1,0,0
200,200,3,,1,0,0,1,1,1,1,0,0,0,0,1,1,0,1,0,1,1,0
201,201,3,,1,0,0,1,1,0,0,0,0,0,0,1,1,0,1,0,0,0,0
202,202,3,,1,0,1,1,1,0,0,0,0,0,0,1,1,1,1,1,0,0,0
203,203,3,,1,0,0,1,1,0,0,1,0,0,0,1,1,1,1,0,0,0,0
204,204,3,,1,0,0,1,1,0,1,1,0,0,0,1,1,1,1,1,0,0,0
205,205,3,,1,0,0,1,1,0,0,0,0,0,0,1,1,0,1,0,0,1,0
206,206,3,,1,0,0,1,1,0,0,0,0,0,0,1,1,0,1,0,0,0,0
207,207,3,,1,0,0,1,1,0,0,0,0,0,0,1,1,0,1,0,0,1,0
208,208,3,,1,1,0,1,1,0,1,1,0,0,0,1,1,0,1,0,0,1,0
209,209,3,,1,1,0,0,0,0,1,0,0,1,1,0,1,1,1,1,0,0,0
210,210,3,,1,0,0,1,1,0,1,0,0,0,0,0,0,0,1,0,0,0,0
211,211,3,,1,0,0,1,1,0,0,0,0,0,0,1,1,0,1,0,0,1,0
212,212,3,,1,0,0,1,1,0,0,1,0,0,0,1,1,0,1,0,0,0,0
213,213,3,,1,0,0,1,1,0,0,0,0,0,0,0,0,0,1,0,0,0,0
214,214,3,,1,0,0,1,1,0,0,0,0,0,0,1,1,0,1,0,0,1,0
215,215,3,,1,0,1,1,1,0,0,0,0,1,1,1,1,0,1,0,0,0,1
216,216,3,,1,1,0,1,1,0,0,1,0,0,0,1,1,0,1,0,0,0,0
217,217,3,,1,0,0,1,1,0,0,0,0,0,0,1,1,0,1,0,0,1,0
218,218,3,,1,0,0,1,0,1,0,1,0,0,0,1,1,0,1,0,0,0,1
219,219,3,,1,0,0,0,1,0,0,0,0,1,1,1,1,0,1,0,0,1,0
220,220,3,,1,1,1,1,1,0,0,1,0,0,0,1,1,0,1,1,0,0,1
221,221,3,,1,0,0,1,1,0,0,1,0,0,0,1,1,0,1,0,0,1,0
222,222,3,,1,0,0,1,1,0,0,0,0,0,0,0,0,0,1,0,0,1,0
223,223,3,,1,0,0,1,1,0,0,0,0,0,0,1,1,0,1,0,0,1,0
224,224,3,,1,1,0,1,1,0,0,0,0,0,0,1,1,1,1,0,0,1,0
225,225,3,,1,0,0,1,1,0,0,0,0,0,0,1,1,0,1,0,0,1,0
226,226,3,,1,0,0,1,1,0,0,0,0,0,0,1,1,1,1,0,0,1,0
227,227,3,,1,0,0,1,1,0,0,0,0,0,0,1,1,0,1,0,0,0,0
228,228,3,,1,0,0,1,1,0,0,1,0,0,0,1,1,0,1,0,0,0,0
229,229,3,,1,0,0,1,1,0,1,1,0,0,0,1,1,0,1,0,0,0,0
230,230,3,,1,0,0,1,1,0,0,0,0,0,0,1,1,0,1,0,0,0,0
231,231,3,,1,0,1,1,1,0,0,1,0,0,0,1,1,0,1,0,0,1,0
232,232,3,,1,0,1,1,1,0,0,1,0,0,0,1,1,0,1,0,0,1,0
233,233,3,,1,0,1,1,1,0,0,1,0,0,0,1,1,0,1,0,0,1,0
234,234,3,,1,0,1,1,1,0,0,1,0,0,0,1,1,0,1,0,0,1,0
235,235,3,,1,0,1,1,1,0,0,1,0,0,0,1,1,0,1,0,0,1,0
236,236,3,,1,0,0,1,1,0,0,1,0,0,0,1,1,1,1,0,0,0,0
237,237,3,,1,1,0,1,1,1,1,1,0,0,0,1,1,0,1,0,1,0,0
238,238,3,,1,0,0,1,1,0,1,1,0,0,0,1,1,0,1,0,0,1,0
239,239,3,,1,0,0,1,1,0,0,0,0,0,0,0,1,0,1,0,0,1,0
240,240,3,,1,0,0,1,1,0,0,0,0,0,0,1,1,0,1,0,0,0,0
241,241,3,,1,0,0,1,1,0,0,0,0,0,0,1,1,0,1,0,0,0,0
242,242,3,,1,0,0,1,1,0,0,0,0,0,0,1,1,0,1,0,0,0,0
243,243,3,,1,0,0,1,1,0,0,0,0,0,0,1,1,0,1,1,0,1,0
244,244,3,,1,0,0,1,1,0,0,0,0,0,0,0,0,0,1,0,0,0,0
245,245,3,,1,0,0,1,1,0,0,0,0,0,0,1,1,0,1,0,0,1,0
246,246,3,,1,0,0,0,1,0,0,0,0,1,1,1,1,0,1,0,0,1,0
247,247,3,,1,0,0,1,1,0,0,0,0,0,0,1,1,0,1,1,0,1,0
248,248,3,,1,0,0,1,1,0,0,0,0,0,0,0,0,0,1,0,0,0,0
249,249,3,,1,0,0,1,1,0,0,0,0,0,0,1,1,0,1,0,0,1,0
250,250,3,,1,0,0,0,1,0,0,0,0,1,1,1,1,0,1,0,0,1,0
251,251,3,,1,0,0,1,1,0,0,0,0,0,0,1,1,0,1,0,0,1,0
252,252,3,,1,0,0,1,1,0,0,0,0,0,0,1,1,0,1,0,0,1,0
253,253,3,,1,0,0,1,1,0,0,0,0,0,0,1,1,0,1,0,0,0,0
254,254,3,,1,0,0,1,1,0,1,0,0,0,0,1,1,1,1,0,0,0,0
255,255,3,,1,0,0,1,1,0,1,0,0,0,0,1,1,0,1,0,0,0,0
256,256,3,,1,0,0,1,1,0,0,0,0,0,0,1,1,0,1,0,0,1,0
257,257,3,,1,0,0,1,1,0,0,0,0,0,0,0,0,0,1,0,0,0,0
258,258,3,,1,0,0,1,1,0,0,0,0,0,0,1,1,0,1,0,0,1,0
259,259,3,,1,0,0,0,1,0,0,0,0,1,1,1,1,0,1,0,0,1,0
260,260,3,,1,0,0,1,1,0,0,0,0,0,0,1,1,0,1,0,0,1,0
261,261,3,,1,1,0,1,1,0,0,0,0,0,0,1,1,1,1,1,0,1,0
262,262,3,,1,0,0,0,0,0,0,0,0,1,1,1,1,1,1,1,0,0,0
263,263,3,,0,1,0,1,1,0,0,0,0,0,0,1,1,0,1,1,0,0,0
264,264,3,,1,0,1,1,1,0,1,0,0,0,0,1,1,1,1,1,1,1,0
265,265,3,,1,0,0,1,1,0,1,0,0,0,0,0,0,0,1,0,0,1,0
266,266,3,,1,1,0,1,1,0,0,0,0,0,0,1,1,0,1,0,0,1,0
267,267,3,,1,0,1,1,1,0,1,0,0,0,0,1,1,0,1,0,0,0,1
268,268,3,,1,0,1,1,1,0,0,1,0,0,0,1,1,0,1,0,0,0,1
269,269,3,,1,0,0,1,1,0,1,0,0,0,0,1,1,0,1,0,0,0,0
270,270,3,,1,0,0,1,1,0,0,0,0,0,0,1,1,0,1,0,0,0,0
271,271,3,,1,0,0,1,1,0,0,0,1,0,0,1,1,0,1,0,0,1,0
272,272,3,,1,0,0,1,1,0,0,0,0,0,0,0,0,0,1,0,0,0,0
273,273,3,,1,0,0,1,1,0,0,0,0,0,0,1,1,0,1,0,0,1,0
274,274,3,,1,0,0,1,1,0,0,0,0,0,0,0,0,0,1,0,0,1,0
275,275,3,,1,0,1,1,1,0,0,1,0,0,0,1,1,0,1,0,0,0,1
276,276,3,,1,0,0,1,1,0,0,0,0,0,0,1,1,0,1,0,0,1,0
277,277,3,,1,0,0,1,1,0,0,0,0,0,0,1,1,0,1,0,0,1,0
278,278,3,,1,0,0,1,1,0,1,0,0,0,0,1,1,0,1,0,0,1,0
279,279,3,,1,0,0,1,1,0,0,0,0,0,0,0,0,0,1,0,0,0,0
280,280,3,,1,0,0,1,1,0,0,0,0,0,0,1,1,0,1,0,0,1,0
281,281,3,,1,0,0,1,1,0,0,0,0,0,0,1,1,0,1,0,0,1,0
282,282,3,,1,0,0,1,1,0,0,0,0,0,0,1,1,0,1,0,0,1,0
283,283,3,,0,1,1,1,0,0,0,0,0,0,0,1,1,1,1,0,1,0,1
284,284,3,,0,1,1,1,0,0,0,0,0,0,0,1,1,0,1,0,0,0,1
285,285,3,,0,1,0,1,0,0,0,0,0,0,0,1,1,0,1,0,0,0,1
286,286,3,,1,1,0,1,1,0,1,0,0,0,0,1,1,1,1,0,0,0,0
287,287,3,,0,1,0,1,1,0,0,0,0,0,0,1,1,0,1,0,0,0,1
288,288,3,,0,1,1,1,0,0,0,1,0,0,0,1,1,0,1,0,1,0,1
289,289,3,,0,1,1,1,0,0,0,0,0,0,0,1,1,1,1,1,0,0,1
290,290,3,,0,1,0,1,1,0,0,1,0,0,0,1,1,0,1,0,0,0,1
291,291,3,,1,1,0,0,0,0,1,0,1,1,1,1,1,0,1,0,0,0,0
292,292,3,,0,1,0,1,1,0,0,0,0,0,0,1,1,0,1,0,0,1,0
293,293,3,,0,1,0,0,1,0,0,0,0,1,1,1,1,1,1,0,0,0,0
294,294,3,,1,0,0,1,1,0,0,0,0,0,0,0,0,0,1,0,0,0,0
295,295,3,,1,0,0,1,1,0,0,0,0,0,0,1,1,0,1,0,0,0,0
296,296,3,,1,0,0,1,1,0,0,0,0,0,0,1,1,1,1,1,0,0,0
297,297,3,,1,0,0,1,1,0,1,0,0,0,0,1,1,0,1,1,0,0,0
298,298,3,,1,0,0,1,0,0,1,0,0,1,1,1,1,1,1,2,0,0,0
299,299,3,,1,0,0,0,0,0,0,0,0,1,1,1,1,1,1,1,0,0,0
300,300,3,,1,0,0,1,1,0,1,0,0,0,0,1,1,0,1,0,0,0,0
301,301,3,,1,0,0,1,1,0,0,0,0,0,0,1,1,0,1,0,0,0,0
302,302,3,,1,0,0,1,1,0,0,0,0,0,0,1,1,0,1,0,0,0,0
303,303,3,,1,0,0,1,1,0,1,0,0,0,0,1,1,0,1,0,0,1,0
304,304,3,,1,0,0,1,1,0,0,1,0,1,1,1,1,0,1,0,0,0,0
305,305,3,,1,0,0,1,1,0,1,0,0,1,1,1,1,1,1,1,0,0,0
306,306,3,,1,0,0,1,1,0,1,0,0,0,0,1,1,0,1,0,0,0,0
307,307,3,,1,0,0,1,1,0,1,1,0,0,0,1,1,0,1,0,0,0,0
308,308,3,,1,0,0,0,0,0,1,0,0,1,1,1,1,0,1,0,0,0,0
309,309,3,,1,0,0,0,0,0,1,0,0,1,1,1,1,0,1,0,0,1,0
310,310,1,,1,1,0,1,1,0,1,0,1,0,0,1,1,0,1,0,0,0,0
311,311,1,,1,1,0,1,1,0,1,0,0,0,0,1,1,1,1,1,0,0,0
312,312,1,,1,0,0,1,1,0,0,0,0,0,0,1,1,0,1,0,0,0,0
313,313,1,,1,0,0,1,1,0,1,0,0,0,0,1,1,0,1,0,0,0,0
314,314,1,,1,0,0,1,1,0,1,0,0,0,0,1,1,1,1,1,0,0,0
315,315,1,,1,0,0,1,1,0,0,0,0,0,0,0,1,0,1,0,0,1,0
316,316,1,,1,0,0,1,1,0,1,0,0,0,0,1,1,1,1,0,0,0,0
317,317,1,,1,0,0,1,1,0,1,0,0,1,1,1,1,1,1,0,0,1,0
318,318,1,,1,0,0,1,1,0,0,1,0,0,0,1,1,0,1,0,0,0,0
319,319,1,,1,0,0,1,1,0,0,1,0,0,0,1,1,0,1,0,0,0,1
320,320,1,,1,1,0,1,1,0,1,0,0,0,0,1,1,0,1,0,0,0,0
321,321,1,,1,1,0,1,1,0,1,0,0,0,0,0,0,0,1,0,0,0,1
322,322,1,,1,1,0,1,1,0,0,0,0,0,0,1,1,0,1,0,0,0,0
323,323,1,,1,0,0,0,1,0,1,0,0,1,1,1,1,1,1,0,0,0,0
324,324,1,,1,0,0,1,1,0,0,0,0,0,0,1,1,0,1,0,0,0,0
325,325,1,,1,0,0,1,1,0,0,0,0,0,0,0,0,1,1,0,0,1,0
326,326,1,,1,0,0,1,1,1,0,0,0,0,0,1,1,0,1,0,1,1,0
327,327,1,,1,0,0,1,1,0,1,0,0,0,0,1,1,1,1,0,0,1,0
328,328,1,,1,0,0,1,1,1,1,0,0,0,0,1,1,0,1,0,1,1,0
329,329,1,,1,0,0,1,1,0,1,0,0,0,0,1,1,1,1,1,0,1,0
330,330,1,,1,0,0,1,1,0,1,0,0,0,0,1,1,1,1,1,0,1,0
331,331,1,,1,0,0,0,1,0,1,0,0,1,1,1,1,1,1,0,0,1,0
332,332,1,,1,0,0,1,1,0,0,0,0,0,0,0,0,0,1,0,0,1,0
333,333,1,,1,0,0,1,1,0,0,0,0,0,0,0,0,0,1,0,0,1,0
334,334,1,,1,0,0,1,1,0,1,0,0,0,0,1,1,1,1,1,0,1,0
335,335,1,,1,0,1,1,1,0,1,0,0,0,0,1,1,0,1,0,0,1,0
336,336,1,,1,1,0,1,1,0,1,0,0,0,0,1,1,1,1,1,0,0,0
337,337,1,,1,0,0,1,0,0,1,0,0,0,0,1,0,0,1,0,0,0,0
338,338,1,,1,0,0,1,1,0,1,0,0,0,0,0,0,1,1,0,0,1,0
339,339,1,,1,0,0,1,1,0,0,1,0,0,0,1,1,1,1,3,0,0,0
340,340,1,,1,0,0,1,1,0,1,0,0,1,1,0,0,1,1,0,0,1,0
341,341,1,,1,0,0,1,1,0,1,0,0,0,0,1,1,1,1,0,0,1,0
342,342,1,,1,0,0,1,1,0,0,0,0,1,1,1,1,1,1,0,0,1,0
343,343,1,,1,0,0,1,1,0,1,0,0,0,0,1,1,0,1,0,0,0,0
344,344,1,,1,1,0,1,1,0,1,0,0,1,1,1,1,1,1,0,0,0,0
345,345,1,,1,1,0,0,0,0,1,0,0,1,1,1,1,1,1,0,0,0,0
346,346,1,,1,0,0,1,1,0,0,0,0,0,0,1,1,0,1,0,0,0,0
347,347,1,,1,0,0,1,1,0,1,0,0,1,0,1,1,0,1,0,0,0,0
348,348,1,,1,0,0,1,1,0,0,0,0,0,0,1,1,0,1,0,0,0,0
349,349,1,,1,0,0,1,1,0,0,0,0,0,0,1,1,0,0,0,0,0,0
350,350,1,,1,0,0,1,1,0,1,0,0,0,0,1,1,0,1,0,0,0,0
351,351,1,,1,0,0,1,1,0,1,0,0,0,0,1,1,0,1,0,0,0,0
352,352,1,,1,1,0,1,1,0,0,1,0,0,0,1,1,0,1,0,0,0,0
353,353,1,,1,1,0,1,1,0,1,0,1,0,0,0,0,0,1,0,0,0,0
354,354,1,,1,0,0,1,1,0,0,0,0,0,0,1,1,0,1,0,0,0,0
355,355,1,,1,0,0,1,1,0,1,1,0,0,0,1,1,1,1,0,0,0,0
356,356,1,,1,0,0,1,1,0,0,0,1,1,1,1,1,1,1,0,0,0,0
357,357,1,,1,0,0,1,1,0,1,1,0,0,0,1,1,1,1,0,0,0,0
358,358,1,,1,0,0,1,1,0,0,0,0,0,0,1,1,0,1,0,0,0,0
359,359,1,,1,0,0,1,1,0,1,0,0,0,0,1,1,0,1,0,0,0,0
360,360,1,,1,1,0,1,1,0,1,0,0,1,1,1,1,1,1,0,0,0,0
361,361,1,,1,0,0,1,1,0,1,0,0,1,1,0,0,1,1,0,0,0,0
362,362,1,,1,0,0,1,1,0,1,0,0,0,0,0,0,0,1,0,0,0,0
363,363,1,,1,0,0,1,1,0,0,1,0,0,0,1,1,0,1,0,0,0,0
364,364,1,,1,1,0,1,1,0,0,0,0,1,1,1,1,1,1,0,0,0,0
365,365,1,,1,0,0,1,1,0,1,0,0,0,0,1,1,1,1,1,0,0,0
366,366,1,,1,0,0,1,1,0,1,0,0,0,0,1,1,1,1,2,0,1,0
367,367,1,,1,0,0,1,1,0,1,0,0,1,1,1,1,1,1,3,0,1,0
368,368,1,,1,0,0,1,1,0,1,0,0,0,0,1,1,0,1,0,0,1,0
369,369,1,,1,0,0,1,1,0,0,0,0,0,0,1,1,1,1,0,0,0,0
370,370,1,,1,0,1,1,1,0,1,0,0,0,0,0,0,1,1,1,0,1,0
371,371,1,,1,0,0,1,1,0,0,0,0,0,0,0,0,0,1,0,0,0,0
372,372,1,,1,0,0,1,1,0,1,0,0,1,1,1,1,1,1,2,0,1,0
373,373,1,,1,0,1,1,1,0,1,0,0,1,1,1,1,1,1,1,0,1,0
374,374,1,,1,0,0,1,1,0,0,0,0,1,1,1,1,1,1,1,0,1,0
375,375,1,,1,0,0,1,1,0,1,0,0,1,1,1,1,1,1,0,0,0,0
376,376,1,,1,0,0,1,1,1,1,0,0,0,0,1,1,1,1,0,1,0,0
377,377,1,,1,0,0,1,1,1,0,0,0,0,0,1,1,1,1,0,1,0,0
378,378,1,,1,1,0,1,1,0,1,0,0,0,0,0,1,1,1,0,0,0,0
379,379,1,,1,1,0,1,1,0,1,0,0,1,1,1,1,1,1,0,0,0,0
380,380,1,,1,1,0,1,1,0,0,0,0,0,0,0,0,0,1,0,0,0,0
381,381,1,,0,1,0,1,1,0,0,0,0,0,0,0,0,0,1,0,0,0,1
382,382,1,,1,0,0,1,1,0,1,0,0,1,1,1,1,1,1,0,0,0,0
383,383,1,,1,1,0,1,1,0,0,0,0,0,0,1,1,1,1,0,0,0,0
384,384,1,,0,1,0,1,1,0,0,0,0,1,1,0,0,1,1,1,0,0,0
385,385,1,,1,1,0,1,1,0,1,0,0,0,0,1,1,1,1,1,0,0,0
386,386,1,,1,1,0,1,1,0,1,0,0,0,0,0,0,1,1,2,0,0,0
387,387,1,,1,1,0,1,1,0,0,0,0,0,0,1,1,1,0,1,0,0,0
388,388,1,,1,1,0,1,1,0,1,0,0,0,0,0,0,1,2,1,0,0,1
389,389,1,,1,1,0,1,1,0,1,0,0,0,0,1,1,1,1,0,0,0,1
390,390,1,,1,0,0,1,1,0,1,0,0,0,0,1,1,0,1,0,0,1,0
391,391,1,,1,0,0,0,0,0,0,0,0,1,1,0,0,1,1,0,0,1,0
392,392,1,,1,0,0,1,1,0,0,0,0,1,1,1,1,0,1,0,0,1,0
393,393,1,,1,1,0,1,1,1,0,0,0,0,0,1,1,1,1,1,1,1,0
394,394,1,,1,1,0,1,1,0,0,0,0,0,0,1,0,0,1,0,0,0,0
395,395,1,,1,0,0,1,1,0,1,0,0,1,1,1,1,1,1,0,0,0,0
396,396,1,,1,0,0,1,1,0,1,0,0,0,0,1,1,1,1,1,0,0,0
397,397,1,,1,0,0,1,1,0,0,1,0,0,0,1,1,0,1,0,0,0,0
398,398,1,,1,0,0,1,1,0,1,0,0,0,0,1,1,0,1,0,0,0,0
399,399,1,,1,0,0,0,1,0,1,0,0,1,1,1,1,1,1,0,0,1,0
400,400,1,,0,0,0,1,1,0,1,0,0,1,1,0,0,0,1,0,0,0,0
401,401,1,,1,0,0,1,1,0,1,0,0,0,0,1,1,0,1,0,0,0,0
402,402,1,,1,1,1,1,0,1,1,0,0,0,0,1,1,1,1,1,1,0,1
403,403,1,,1,1,0,1,1,1,0,0,0,0,0,1,1,1,1,1,1,0,0
404,404,1,,1,1,0,1,1,0,1,0,0,0,0,1,1,0,1,0,0,1,0
405,405,1,,1,0,0,1,1,0,1,0,0,0,0,1,1,0,1,0,0,1,0
406,406,1,,1,0,0,0,1,0,1,0,0,0,0,1,1,1,2,0,0,0,0
407,407,1,,1,0,0,1,1,0,1,0,0,0,0,1,1,0,1,0,0,0,1
408,408,1,,1,1,0,1,1,0,1,1,0,1,1,1,1,0,2,0,0,0,0
409,409,1,,1,1,0,1,1,0,0,1,0,1,1,1,1,0,2,0,0,0,0
410,410,1,,1,0,0,1,1,0,0,0,0,1,1,1,1,0,2,0,1,0,0
411,411,1,,1,0,0,1,1,0,0,0,0,0,0,1,1,1,1,1,0,1,0
412,412,1,,0,0,0,1,1,1,1,0,0,0,0,1,1,1,1,0,1,0,0
413,413,1,,0,1,0,0,1,0,0,0,0,1,1,1,1,0,1,0,0,0,0
414,414,1,,1,1,0,1,1,0,1,0,0,0,0,1,1,0,1,0,0,0,0
415,415,1,,1,0,0,1,1,0,1,1,0,1,0,1,1,1,1,1,0,1,0
416,416,1,,1,0,0,1,1,0,1,1,0,1,0,1,1,1,1,1,0,1,0
417,417,1,,1,0,0,1,1,0,1,1,0,0,0,1,1,0,1,0,0,0,0
418,418,1,,1,0,0,1,1,0,1,0,0,0,0,1,1,0,2,0,0,0,0
419,419,1,,1,0,0,1,1,0,0,0,0,0,0,0,0,0,1,0,0,1,0
420,420,1,,1,0,0,1,1,0,0,0,0,0,0,1,1,0,1,0,0,0,0
421,421,1,,0,1,0,1,1,1,1,1,0,0,0,0,1,0,1,0,1,0,1
422,422,1,,1,0,0,1,1,0,1,0,1,0,0,1,1,0,1,1,0,0,0
423,423,1,,1,0,0,1,1,0,0,0,0,0,0,1,1,0,1,0,0,1,0
424,424,1,,1,0,0,1,1,0,0,1,0,1,1,1,1,1,1,0,0,1,0
425,425,1,,1,1,0,1,1,1,0,1,0,0,0,1,1,0,1,0,1,0,0
426,426,1,,1,0,0,1,1,0,0,0,0,1,1,1,1,0,1,0,0,1,0
427,427,1,,1,1,0,1,1,1,1,0,0,0,0,1,1,0,1,0,1,1,0
428,428,1,,1,1,0,1,1,1,1,0,0,0,0,1,1,0,1,0,1,1,0
429,429,1,,1,0,0,1,1,0,1,0,0,0,0,1,1,0,1,0,0,0,0
430,430,1,,1,1,0,1,1,0,1,0,0,0,0,1,1,0,1,0,0,1,0
431,431,1,,1,0,0,1,1,0,1,0,0,0,0,1,1,0,1,0,0,0,0
432,432,1,,1,0,0,1,1,1,0,0,0,0,0,1,1,0,1,0,1,0,0
433,433,1,,1,0,0,1,1,1,0,0,0,0,0,1,1,0,1,0,1,0,0
434,434,1,,1,0,1,1,1,0,0,1,0,0,0,0,1,0,1,0,0,0,1
435,435,1,,1,1,0,1,1,0,1,0,0,0,0,1,1,1,2,1,0,0,0
436,436,1,,1,0,0,1,1,0,1,0,0,0,0,1,1,0,1,0,0,0,0
437,437,1,,1,0,0,1,1,0,1,0,0,0,0,1,1,0,1,0,0,0,0
438,438,1,,1,0,0,1,1,0,0,0,0,0,0,1,1,0,1,0,0,0,0
439,439,1,,1,0,0,1,1,0,1,0,0,0,0,1,1,0,1,0,0,0,0
440,440,1,,1,0,0,1,1,0,1,0,0,0,0,1,1,0,1,0,0,0,0
441,441,1,,1,0,0,1,1,1,0,1,0,0,0,1,1,0,1,0,1,1,0
442,442,1,,1,0,0,1,1,0,0,0,0,0,0,1,0,0,1,0,0,0,0
443,443,1,,0,1,0,1,1,0,1,0,0,0,0,1,1,1,1,2,0,0,0
444,444,1,,1,0,0,1,1,0,0,0,0,0,0,1,1,0,1,0,0,0,0
445,445,1,,1,0,0,1,1,1,1,0,0,0,0,1,1,1,1,1,1,0,0
446,446,1,,1,0,0,1,1,0,1,0,0,0,0,1,1,1,1,2,0,0,0
447,447,1,,1,0,1,1,1,0,1,0,0,0,0,1,1,0,1,1,0,0,0
448,448,1,,1,0,0,1,0,0,1,0,0,0,0,1,1,0,1,0,0,0,0
449,449,1,,1,0,0,1,1,0,0,0,0,0,0,1,1,0,1,0,0,1,0
450,450,1,,1,0,0,1,1,0,0,0,0,0,0,0,0,1,1,0,0,1,0
451,451,1,,1,0,0,1,1,0,0,0,0,1,1,1,1,0,2,0,0,0,0
452,452,1,,1,0,0,1,1,0,1,0,0,0,0,1,1,1,1,1,0,1,0
453,453,1,,1,0,0,1,1,0,0,0,0,1,1,1,1,1,1,2,0,1,0
454,454,1,,1,0,0,1,1,0,0,0,0,1,1,1,1,1,1,0,0,0,0
455,455,1,,1,1,0,1,1,0,0,0,0,0,0,0,0,1,1,1,0,0,0
456,456,1,,1,1,0,1,1,0,1,0,0,1,1,1,1,0,1,0,0,0,0
457,457,1,,0,1,1,1,0,0,1,0,0,1,1,1,1,1,3,2,0,0,1
458,458,1,,1,1,0,1,1,0,0,0,0,0,0,1,1,0,1,0,0,0,0
459,459,1,,1,0,0,1,1,1,0,0,0,0,0,1,1,0,1,0,1,1,0
460,460,1,,1,1,0,1,1,0,1,0,0,0,0,1,1,0,1,0,0,0,0
461,461,1,,1,0,0,1,1,0,1,1,1,0,0,0,0,0,1,0,0,0,0
462,462,1,,1,1,0,1,1,0,1,0,0,0,0,0,0,0,1,0,1,0,0
463,463,1,,1,0,0,1,1,0,0,0,0,0,0,0,0,0,1,0,0,0,0
464,464,1,,1,0,0,1,1,0,1,0,0,0,0,0,0,0,1,0,0,1,0
465,465,1,,1,0,0,1,1,0,0,0,0,1,1,1,1,0,4,0,0,0,0
466,466,1,,1,0,2,1,1,0,1,0,0,1,1,1,1,0,4,0,6,0,1
467,467,1,,0,1,1,1,1,0,1,0,0,1,0,1,1,1,2,5,0,0,0
468,468,1,,0,1,0,1,1,0,1,0,0,0,0,1,1,0,1,0,0,0,1
469,469,4,,1,1,0,1,1,0,1,0,1,0,0,1,1,0,1,1,0,0,0
470,470,4,,0,1,0,1,1,0,1,0,0,0,0,0,0,0,1,0,0,0,0
471,471,4,,0,1,0,1,1,1,1,0,0,0,0,1,1,0,1,0,1,0,0
472,472,4,,0,1,1,1,0,0,1,0,0,0,0,1,1,1,1,1,0,0,1
473,473,4,,0,1,0,1,1,1,1,1,1,0,0,1,1,1,2,0,1,0,1
474,474,4,,0,1,0,1,1,1,0,0,0,0,0,1,1,0,1,1,1,0,0
475,475,4,,0,1,0,1,1,1,1,0,0,0,0,1,1,1,1,3,1,0,0
476,476,4,,0,1,0,1,1,1,1,1,0,1,1,1,1,0,2,1,1,1,0
477,477,4,,0,1,0,0,0,1,1,0,0,1,1,1,1,1,1,2,1,0,0
478,478,4,,0,1,0,1,1,0,1,0,1,0,0,1,1,0,1,1,0,0,0
479,479,4,,1,1,0,1,1,0,1,0,0,1,1,1,1,0,3,1,0,0,0
480,480,4,,1,1,0,1,1,1,1,1,0,0,0,1,1,1,1,0,1,0,0
481,481,4,,1,1,0,1,1,0,1,0,1,1,1,1,1,1,3,1,0,0,0
482,482,4,,0,1,0,1,1,0,1,0,0,0,0,1,1,1,1,2,0,1,0
483,483,4,,0,1,0,1,1,0,1,0,1,1,1,1,1,1,1,2,0,1,0
484,484,4,,1,1,0,1,1,0,0,0,1,0,0,1,1,1,1,1,0,0,0
485,485,4,,0,1,1,1,0,0,0,0,0,0,0,1,1,1,1,1,0,0,1
486,486,4,,0,1,1,1,0,0,1,0,0,1,1,1,1,0,1,0,0,0,0
487,487,4,,1,0,1,1,0,0,1,0,0,0,0,0,0,0,1,0,0,0,1
488,488,4,,0,1,1,1,1,0,1,0,0,0,0,1,1,0,2,0,0,0,1
489,489,4,,1,0,1,1,0,0,1,0,0,0,0,1,1,0,1,0,0,0,1
490,490,4,,0,1,0,1,0,0,1,0,0,1,0,1,1,0,0,0,0,0,0
491,491,4,,0,1,0,1,1,0,0,0,0,0,0,0,0,1,1,1,0,0,0
492,492,4,,1,1,0,1,0,0,1,1,1,0,0,1,1,1,1,1,0,0,1
493,493,4,,1,1,1,1,1,0,1,1,0,0,0,1,1,1,1,0,0,0,1
494,494,4,,0,1,0,1,1,0,1,0,0,1,1,1,1,0,1,1,0,0,1
495,495,4,,1,1,0,0,0,0,1,0,1,1,1,1,1,1,1,1,0,0,0
496,496,4,,0,1,1,1,0,0,1,0,0,1,1,1,1,0,1,0,0,0,0
497,497,4,,1,1,0,1,1,0,1,1,1,1,1,1,1,0,2,0,0,0,0
498,498,4,,0,1,1,1,0,0,1,0,0,0,0,1,1,0,1,0,0,0,1
499,499,4,,1,1,0,1,1,0,1,0,0,1,1,1,1,1,1,1,0,0,0
500,500,4,,1,1,1,1,0,0,1,1,1,1,1,1,1,0,2,1,0,0,0
501,501,4,,0,1,0,1,1,0,1,0,0,0,0,1,1,0,1,0,0,0,0
502,502,4,,0,1,0,1,1,0,1,0,0,0,0,0,0,0,1,0,0,0,0
503,503,4,,0,1,0,0,0,0,1,0,0,1,1,1,1,0,1,0,0,0,0
504,504,4,,1,1,0,1,1,0,0,0,0,1,1,1,1,0,1,1,0,0,1
505,505,4,,0,1,0,1,0,0,1,0,0,1,1,1,1,0,1,0,0,0,0
506,506,4,,1,1,0,0,0,0,1,1,1,1,1,1,1,0,1,0,0,0,0
507,507,4,,1,1,1,1,1,0,1,0,0,0,0,1,1,1,1,0,0,0,0
508,508,4,,1,1,0,0,1,0,1,0,0,1,1,1,1,1,1,1,0,0,0
509,509,4,,0,1,0,1,0,0,0,0,0,1,1,1,1,0,1,1,0,0,0
510,510,4,,1,1,0,1,1,0,1,0,0,0,0,1,1,0,2,0,0,0,0
511,511,4,,1,0,0,0,0,0,1,0,0,1,1,1,1,0,1,0,0,0,0
512,512,4,,0,1,1,1,1,0,1,1,1,0,0,1,1,1,1,1,0,0,1
513,513,4,,0,1,1,1,1,0,0,1,1,0,0,1,1,0,1,0,1,0,1
514,514,4,,0,1,0,1,0,0,1,1,1,1,1,1,1,1,1,0,0,0,1
515,515,4,,0,1,0,0,1,0,1,0,1,1,1,1,1,0,1,0,2,0,0
516,516,4,,0,1,0,1,1,0,0,0,1,0,0,1,1,0,1,0,0,0,0
517,517,4,,1,1,0,0,1,0,1,1,1,1,1,1,1,1,1,1,0,0,0
518,518,4,,0,1,0,1,0,0,1,0,0,0,0,1,1,0,1,1,0,0,0
519,519,4,,0,1,0,1,0,0,0,0,0,0,0,1,1,0,1,1,0,0,0
520,520,4,,1,1,0,0,0,0,0,0,0,1,1,1,1,0,1,0,0,0,0
521,521,4,,1,1,1,1,1,1,0,0,0,0,0,1,1,1,1,0,1,0,1
522,522,4,,0,1,1,1,1,0,1,0,1,0,0,1,1,0,1,0,0,0,1
523,523,4,,1,1,1,1,1,0,1,0,0,1,1,1,1,1,3,3,0,0,0
524,524,4,,1,1,2,1,1,0,0,0,0,0,0,1,1,1,2,1,0,0,1
525,525,4,,0,1,0,1,1,0,1,0,0,0,0,1,1,0,1,1,0,0,0
526,526,4,,1,0,0,0,0,0,0,0,0,1,1,1,1,1,2,1,0,0,0
527,527,4,,0,1,0,1,1,1,0,0,0,0,0,1,1,1,1,1,1,0,1
528,528,4,,1,1,1,1,1,0,1,0,0,1,1,1,1,0,2,0,0,0,0
529,529,4,,0,1,0,1,1,0,1,0,0,1,1,1,1,0,2,0,0,0,0
530,530,4,,0,1,0,1,1,0,1,0,0,1,1,1,1,1,2,1,0,0,0
531,531,4,,0,1,0,0,1,0,1,0,0,1,1,1,1,0,1,0,0,0,0
532,532,4,,1,1,0,1,1,0,1,0,1,1,1,1,1,1,2,2,0,0,0
533,533,4,,1,1,0,0,1,0,1,1,0,1,1,1,1,0,1,0,0,1,0
534,534,4,,0,1,0,0,0,1,1,0,0,1,1,1,1,0,1,0,2,0,0
535,535,4,,0,1,1,1,1,1,1,1,0,1,1,1,1,0,2,0,4,0,1
536,536,4,,1,1,0,0,0,0,1,1,1,1,1,1,1,0,1,0,0,0,0
537,537,4,,1,0,0,1,1,1,1,0,1,0,0,1,1,0,2,1,1,0,1
538,538,4,,1,0,0,1,1,0,1,0,0,1,1,1,1,0,1,0,0,0,1
539,539,4,,0,1,0,1,1,1,1,1,0,1,0,1,1,0,2,0,4,0,0
540,540,4,,0,1,0,1,1,1,1,1,0,1,1,1,1,0,2,0,2,0,0
541,541,4,,1,0,0,1,1,0,1,1,1,0,0,1,1,0,1,1,0,0,0
542,542,4,,1,0,0,1,1,0,1,1,0,0,0,0,0,0,1,0,0,0,0
543,543,4,,1,0,0,1,1,0,0,1,0,0,0,0,1,0,1,0,0,0,0
544,544,4,,0,1,1,1,1,0,1,1,1,0,0,1,1,1,1,1,0,0,1
545,545,4,,1,1,0,1,1,0,1,0,0,0,0,1,1,0,1,0,0,0,0
546,546,4,,1,1,0,1,1,0,1,0,1,0,0,1,1,0,1,0,0,0,0
547,547,4,,0,1,1,1,1,0,1,0,0,0,0,1,0,0,1,0,0,1,0
548,548,4,,1,1,0,1,1,0,1,0,1,0,0,1,1,1,2,1,0,1,0
549,549,4,,1,0,1,1,0,0,1,0,0,0,0,1,1,0,1,0,0,0,1
550,550,4,,1,0,0,1,1,0,1,0,1,1,0,1,1,1,1,2,0,0,1
551,551,4,,1,1,4,1,1,0,1,0,1,1,1,1,1,1,5,2,0,0,0
552,552,4,,0,1,0,1,1,0,1,0,0,1,1,1,1,0,3,0,0,0,0
553,553,4,,0,1,0,1,1,0,1,1,0,0,0,1,1,0,1,0,0,0,0
554,554,4,,1,0,0,1,1,1,1,0,1,0,0,1,1,0,1,0,1,0,0
555,555,4,,0,1,0,1,1,0,0,0,0,0,0,1,1,0,1,0,0,0,0
556,556,4,,0,1,0,1,1,1,0,0,0,0,0,1,1,0,1,0,3,0,0
557,557,4,,1,1,0,1,1,0,1,0,1,0,0,1,1,1,1,1,0,0,0
558,558,4,,0,1,1,1,0,0,1,0,1,0,0,1,1,0,1,0,0,0,1
559,559,4,,0,1,0,1,1,0,1,0,0,0,0,1,1,1,1,1,0,0,0
560,560,4,,0,1,0,1,1,0,1,0,0,0,0,1,1,1,1,1,0,0,0
561,561,4,,0,1,0,1,1,1,1,0,0,0,0,0,0,0,1,0,1,0,0
562,562,4,,1,1,0,1,1,1,1,0,0,0,0,1,1,1,1,1,1,0,0
563,563,4,,1,1,0,1,1,0,1,0,0,0,0,1,1,0,1,0,0,1,0
564,564,4,,1,0,2,1,1,0,1,0,1,0,0,1,1,0,2,0,0,0,0
565,565,4,,1,1,1,1,0,0,0,0,0,0,0,0,0,1,3,1,0,0,1
566,566,4,,0,1,1,1,0,0,0,0,0,0,0,1,1,0,1,1,0,0,1
567,567,4,,1,0,0,1,1,0,1,0,0,0,0,1,1,0,1,0,0,0,0
568,568,4,,1,1,0,1,1,0,1,0,1,0,0,1,1,0,1,0,0,0,0
569,569,4,,1,1,0,1,1,0,1,0,0,0,0,1,1,0,1,0,0,0,0
570,570,4,,1,1,0,0,1,0,1,1,0,1,1,1,1,0,2,0,0,0,0
571,571,4,,0,1,0,0,0,1,1,0,0,1,1,1,1,0,1,0,1,0,0
572,572,4,,0,1,0,1,1,1,1,0,0,0,0,1,1,1,1,2,3,0,0
573,573,4,,0,1,0,1,1,1,1,0,0,0,0,1,1,1,1,1,1,0,0
574,574,4,,0,1,0,1,1,1,1,0,0,0,0,1,1,1,1,1,1,0,0
575,575,4,,0,1,1,1,1,1,1,0,1,0,0,1,1,1,1,0,4,0,1
576,576,4,,0,1,1,1,0,1,1,0,1,0,0,1,1,1,1,0,1,0,1
577,577,4,,0,1,1,1,0,1,1,0,0,0,0,1,1,1,1,0,1,0,1
578,578,4,,0,1,0,0,0,0,0,0,0,1,1,1,1,0,1,0,0,0,0
579,579,4,,0,1,0,0,0,1,1,0,0,1,1,1,1,0,1,0,1,0,0
580,580,4,,0,1,0,0,0,1,1,0,0,1,1,1,1,0,1,0,1,0,0
581,581,4,,0,1,1,1,0,1,0,0,0,0,0,1,1,0,1,0,1,0,1
582,582,4,,0,1,0,0,0,0,1,0,0,1,1,1,1,0,1,0,0,0,0
583,583,4,,0,1,0,1,1,1,0,0,1,0,0,1,1,0,1,0,1,0,0
584,584,4,,0,1,1,0,0,1,1,0,1,1,1,1,1,1,1,1,2,0,0
585,585,4,,0,1,0,1,1,0,1,0,0,0,0,0,0,0,1,0,0,0,0
586,586,4,,0,1,1,1,0,0,0,0,0,0,0,1,1,0,1,1,0,0,1
587,587,4,,1,1,0,1,1,0,1,0,1,1,1,1,1,1,2,1,0,1,0
588,588,4,,1,1,0,0,1,0,1,0,0,1,1,1,1,0,1,1,0,0,0
589,589,4,,0,1,0,1,0,1,1,0,0,0,0,1,1,0,1,0,1,0,1
590,590,4,,0,1,0,1,0,1,1,0,0,0,0,1,1,0,1,0,1,0,1
591,591,4,,0,1,0,1,1,0,1,1,0,0,0,0,0,0,1,0,0,0,0
592,592,4,,0,1,0,1,1,0,1,0,0,1,1,1,1,1,2,1,0,0,1
593,593,4,,0,1,0,0,0,1,1,0,0,1,1,1,1,1,1,1,1,0,0
594,594,4,,0,1,0,1,1,0,1,0,0,0,0,1,1,0,1,0,0,0,0
595,595,4,,1,1,0,0,1,0,1,0,0,1,1,0,0,0,1,0,0,0,0
596,596,4,,0,1,0,1,1,1,1,0,0,0,0,1,1,1,1,0,1,0,0
597,597,4,,0,1,0,0,0,0,0,0,0,1,1,1,1,0,1,0,0,0,0
598,598,4,,1,1,0,0,0,0,1,0,0,1,1,1,1,1,1,0,0,0,0
599,599,4,,0,1,0,1,0,1,1,0,0,0,0,1,1,0,1,0,1,0,1
600,600,4,,0,1,0,0,1,0,1,1,0,1,1,1,1,0,1,0,0,0,0
601,601,4,,0,1,0,0,1,0,1,0,1,1,1,1,1,0,1,0,0,0,0
602,602,4,,0,1,0,0,0,0,1,0,1,1,1,1,1,1,1,0,0,0,0
603,603,4,,1,1,0,1,1,0,1,0,0,0,0,1,1,1,1,1,0,0,0
604,604,4,,1,1,0,0,1,0,0,0,0,1,1,1,1,0,2,0,0,0,0
605,605,4,,0,1,0,0,1,0,1,0,0,1,1,1,1,1,1,1,0,0,0
606,606,4,,0,1,0,0,0,0,1,1,0,1,1,1,1,0,1,0,0,0,0
607,607,4,,0,1,0,1,0,0,1,0,1,1,1,1,1,0,2,0,0,0,0
608,608,4,,0,1,0,0,1,0,1,0,0,0,0,1,1,0,1,1,0,0,0
609,609,4,,0,1,0,1,1,0,1,0,0,0,0,1,1,0,1,0,0,0,0
610,610,4,,0,1,0,1,0,0,0,0,1,1,0,1,1,0,1,0,0,0,0
611,611,4,,0,1,1,1,1,0,0,1,0,0,0,1,1,1,1,3,0,0,0
612,612,4,,1,1,1,1,1,0,1,1,0,0,0,1,1,1,1,1,0,0,1
613,613,4,,0,1,0,1,0,0,1,0,1,1,0,1,1,0,1,0,0,0,0
614,614,4,,1,0,0,1,1,0,1,0,0,0,0,1,1,0,1,0,0,0,0
615,615,4,,1,0,0,1,1,0,0,1,0,0,0,1,1,0,1,0,0,0,0
616,616,4,,1,0,0,1,0,0,1,0,0,0,0,1,1,0,1,0,0,0,0
617,617,4,,1,1,0,1,1,0,0,0,0,0,0,1,1,0,1,0,0,0,0
618,618,4,,0,1,0,1,1,0,1,0,0,1,1,1,1,1,2,1,0,0,0
619,619,4,,0,1,0,1,1,1,1,0,0,0,0,1,1,1,1,1,1,0,0
620,620,4,,0,1,0,0,1,1,1,0,1,1,1,1,1,0,1,0,2,0,0
621,621,4,,1,1,0,1,1,0,1,1,1,0,0,1,1,0,2,0,0,0,0
622,622,4,,1,1,0,1,1,0,1,0,0,0,0,1,1,0,1,0,0,0,0
623,623,4,,0,1,1,1,1,0,1,1,0,0,0,1,1,0,1,0,0,0,0
624,624,4,,0,1,0,1,1,0,1,0,1,0,0,1,1,0,1,0,0,0,0
625,625,4,,1,1,0,1,1,0,1,0,1,1,1,1,1,0,2,0,0,0,0
626,626,4,,0,0,0,1,1,0,1,0,0,0,0,1,1,0,1,0,0,0,0
627,627,4,,0,1,0,0,0,0,0,0,0,1,1,1,1,1,1,1,0,0,0
628,628,4,,1,1,0,1,1,0,1,1,1,1,1,1,1,0,2,0,0,0,0
629,629,4,,0,1,1,1,0,0,1,1,0,1,1,1,1,0,2,0,0,1,0
630,630,4,,1,1,2,1,1,0,1,0,0,0,0,1,1,0,2,0,0,0,1
631,631,4,,1,0,1,1,1,0,1,0,0,0,0,1,1,1,1,1,0,1,0
632,632,4,,1,0,1,1,0,0,1,0,0,0,0,1,1,0,1,0,0,0,0
633,633,4,,0,1,0,1,1,0,0,1,0,0,0,1,1,0,1,1,0,0,0
634,634,4,,1,1,0,1,1,0,0,1,1,0,0,1,1,1,1,1,0,1,0
635,635,4,,0,1,1,1,0,0,1,0,0,0,0,1,1,0,1,0,0,0,1
636,636,4,,0,1,0,1,1,1,1,0,0,0,0,1,1,0,1,0,1,0,1
637,637,4,,0,1,0,0,0,1,1,0,1,1,1,1,1,1,1,1,1,0,0
638,638,4,,0,1,1,1,0,1,1,0,1,1,1,1,1,1,1,1,1,0,1
639,639,4,,0,1,0,1,1,0,1,0,0,0,0,1,1,1,1,1,0,0,0
640,640,4,,1,1,0,0,0,0,0,0,0,1,1,1,1,1,1,1,0,1,0
641,641,4,,0,1,1,1,1,0,1,0,1,0,0,1,1,0,1,0,0,0,1
642,642,4,,0,1,0,1,0,0,1,1,0,1,1,1,1,0,2,0,0,0,0
643,643,4,,0,1,0,1,0,1,1,0,0,1,1,1,1,1,3,1,1,0,0
644,644,4,,1,1,0,1,1,1,0,0,0,0,0,0,0,1,1,1,2,0,0
645,645,4,,1,1,1,1,1,0,1,0,0,0,0,1,1,0,1,0,0,0,0
646,646,4,,1,1,1,1,1,0,0,0,1,0,0,1,1,1,1,1,0,0,0
647,647,4,,1,1,0,1,0,0,1,1,1,1,1,1,1,0,1,2,0,0,0
648,648,4,,0,1,0,1,1,0,1,0,1,0,0,1,1,0,1,1,0,0,0
649,649,4,,0,1,1,1,1,0,1,1,1,1,1,1,1,1,1,2,0,0,1
650,650,4,,0,1,0,0,0,0,1,0,1,1,1,1,1,0,1,1,0,1,0
651,651,4,,0,1,0,1,1,0,0,0,1,1,0,1,1,0,1,0,0,0,0
652,652,4,,1,1,0,0,1,0,1,1,1,1,1,1,1,1,1,2,0,1,0
653,653,4,,0,1,1,1,1,1,1,1,1,1,1,1,1,1,2,1,1,1,1
654,654,4,,0,1,0,0,0,0,1,0,1,1,1,1,1,0,2,0,0,0,0
655,655,4,,0,1,1,1,0,0,1,0,1,0,0,1,1,0,1,0,0,0,1
656,656,4,,0,1,0,1,1,0,1,1,0,0,0,1,1,0,1,0,0,0,0
657,657,4,,0,1,0,0,1,0,1,1,1,1,1,1,1,0,1,0,0,0,0
658,658,4,,0,1,0,0,1,0,1,1,1,1,1,1,1,1,1,2,0,0,0
659,659,4,,0,1,1,1,0,0,1,0,1,1,1,1,1,1,1,2,0,0,1
660,660,4,,0,1,1,1,0,1,1,0,0,0,0,1,1,1,1,1,1,0,1
661,661,4,,0,1,1,1,0,0,1,0,1,0,0,1,1,0,1,0,0,0,1
662,662,4,,0,1,1,1,1,0,1,1,1,0,0,1,1,0,1,0,0,0,1
663,663,4,,1,1,1,1,1,0,1,1,0,0,0,1,1,0,2,0,0,1,1
664,664,4,,0,1,0,0,0,0,0,0,0,1,1,1,1,0,1,0,0,0,0
665,665,4,,0,1,0,0,0,1,1,0,0,1,1,1,1,0,1,0,1,0,0
666,666,4,,1,1,0,0,0,0,1,0,1,1,1,1,1,1,1,2,0,0,0
667,667,4,,0,1,0,1,1,0,1,1,1,0,0,1,1,1,1,1,0,0,0
668,668,4,,0,1,1,1,1,0,1,0,0,1,1,1,1,1,1,0,0,0,0
669,669,4,,1,0,0,1,1,0,1,0,1,0,0,1,1,0,2,0,0,1,0
670,670,4,,0,1,0,1,1,0,1,1,0,1,1,1,1,0,1,0,0,0,0
671,671,4,,1,1,0,0,1,0,1,0,0,1,1,1,1,1,1,1,0,0,0
672,672,4,,0,1,1,1,0,0,1,0,0,1,1,1,1,1,1,1,0,0,1
673,673,4,,0,1,0,0,1,0,1,0,0,1,1,1,1,0,1,0,0,0,0
674,674,4,,0,1,0,1,1,1,1,0,0,0,0,1,1,0,1,1,1,0,0
675,675,4,,0,1,0,0,0,0,1,1,0,1,1,1,1,0,1,0,0,0,0
676,676,4,,0,1,0,0,0,0,1,0,0,1,1,1,1,0,1,0,0,0,0
677,677,4,,0,1,1,0,0,0,1,0,0,0,0,1,1,0,1,1,0,0,1
678,678,4,,0,1,0,0,0,0,1,0,0,1,1,1,1,0,1,0,1,0,0
679,679,4,,1,0,0,0,1,0,1,0,1,1,1,1,1,0,1,0,0,0,0
680,680,4,,1,0,1,1,1,0,1,0,1,0,0,1,1,0,1,0,0,0,0
681,681,4,,1,1,0,0,0,0,1,0,1,1,1,1,1,0,1,0,0,0,0
682,682,4,,0,1,1,1,1,0,1,0,0,0,0,1,1,1,1,0,0,0,0
683,683,4,,0,1,0,1,0,0,0,1,0,0,0,1,1,0,1,0,0,0,0
684,684,4,,0,1,0,0,1,0,0,0,0,0,0,1,1,0,1,1,0,0,0
685,685,4,,1,1,0,0,1,0,1,0,0,1,1,1,1,1,1,1,0,0,0
686,686,4,,0,1,0,1,1,0,1,0,0,1,1,1,1,0,1,0,0,0,0
687,687,4,,1,1,0,1,1,0,0,1,0,0,0,1,1,0,1,0,0,0,0
688,688,4,,0,1,1,1,0,0,1,1,1,0,0,1,1,0,1,0,0,0,0
689,689,4,,1,0,1,1,1,0,1,0,1,1,1,1,1,0,2,0,0,1,0
690,690,4,,0,1,0,1,1,0,1,0,1,0,0,1,1,0,1,1,0,0,0
691,691,4,,1,1,0,0,1,0,1,0,1,1,1,1,1,0,1,0,0,0,0
692,692,4,,0,1,0,0,0,0,1,0,0,1,1,1,1,0,1,0,0,0,0
693,693,4,,0,1,1,1,0,0,0,0,0,0,0,1,1,1,1,2,0,0,0
694,694,4,,0,1,1,1,0,1,1,0,1,1,0,1,1,1,1,1,0,0,1
695,695,4,,0,1,2,1,1,1,1,0,0,0,0,1,1,1,1,1,2,1,0
696,696,4,,1,1,0,1,1,0,1,0,1,1,1,1,1,1,3,1,0,0,0
697,697,4,,0,0,0,0,1,0,1,1,1,1,1,1,1,1,1,0,0,1,0
698,698,4,,1,1,0,0,1,0,0,0,1,1,1,1,1,1,1,1,0,0,0
699,699,4,,1,1,1,1,1,0,1,1,0,0,0,1,1,1,1,0,0,0,0
700,700,4,,0,1,0,0,0,0,1,1,1,1,1,1,1,1,1,1,0,0,0
701,701,4,,1,1,0,0,0,0,0,0,0,1,1,0,1,1,1,0,0,1,0
702,702,4,,1,1,0,0,0,0,1,0,0,1,1,0,0,1,1,0,0,1,0
703,703,4,,0,1,0,1,1,0,1,1,0,1,1,1,1,0,1,0,0,1,0
704,704,4,,0,1,0,0,1,0,1,0,0,1,1,1,1,0,1,0,0,0,0
705,705,1,,0,1,0,1,1,0,1,0,0,0,0,0,0,0,1,0,0,0,0
706,706,1,,1,1,0,1,1,0,1,0,0,0,0,0,0,1,1,0,0,0,0
707,707,1,,1,0,0,1,1,1,1,0,0,0,0,1,1,0,1,0,1,0,0
708,708,1,,1,0,0,1,1,1,0,0,0,0,0,1,1,1,1,0,1,0,0
709,709,1,,0,1,0,1,1,0,1,0,0,0,0,1,1,0,1,0,0,0,0
710,710,1,,0,1,0,1,1,0,1,0,1,0,0,1,1,1,1,1,0,0,0
711,711,1,,0,0,0,1,1,0,1,1,0,0,0,1,1,1,1,1,0,0,0
712,712,1,,1,1,0,1,1,0,1,0,1,0,0,1,1,1,1,0,0,0,0
713,713,1,,1,0,0,1,1,0,1,0,0,0,0,1,1,1,1,0,0,0,0
714,714,1,,1,1,0,1,1,0,1,0,1,0,0,1,1,0,1,0,0,0,0
715,715,1,,1,1,0,1,1,0,1,1,0,0,0,1,1,1,1,0,0,0,0
716,716,1,,0,1,0,1,1,0,1,0,0,0,0,1,1,0,1,0,0,0,0
717,717,1,,1,0,0,1,1,0,1,0,0,0,0,1,1,1,1,0,0,0,1
718,718,1,,1,0,0,1,1,0,1,1,1,0,0,0,0,0,1,1,0,0,0
719,719,1,,0,1,0,1,1,0,1,0,1,0,0,1,1,0,1,0,0,0,0
720,720,1,,0,1,0,1,1,0,1,1,1,0,0,1,1,1,1,1,0,0,0
721,721,1,,0,1,0,1,1,0,1,0,0,0,0,1,1,0,1,0,0,0,0
722,722,1,,1,0,0,1,1,0,0,0,0,0,0,0,0,0,1,0,0,1,0
723,723,1,,1,1,0,1,1,0,1,0,0,0,0,1,1,0,1,0,0,0,0
724,724,1,,1,0,0,1,1,0,0,0,1,0,0,1,1,0,1,0,0,1,0
725,725,1,,1,0,0,1,1,0,1,1,0,0,0,1,1,0,1,0,0,0,0
726,726,1,,1,0,0,1,1,0,1,0,0,0,0,0,0,0,1,0,0,1,0
727,727,1,,1,1,0,1,1,0,1,0,0,0,0,1,1,0,1,0,0,0,0
728,728,1,,1,0,0,1,1,0,1,0,0,0,0,1,1,0,1,0,0,0,0
729,729,1,,1,0,0,1,1,0,0,0,0,0,0,1,1,0,1,0,0,0,0
730,730,1,,1,1,0,1,1,0,1,0,1,0,0,1,1,1,1,0,0,0,0
731,731,1,,1,1,0,1,1,0,1,1,0,1,1,1,1,0,1,0,0,0,0
732,732,1,,1,1,0,1,1,0,1,0,1,0,0,1,1,0,1,0,0,0,0
733,733,1,,1,1,0,1,1,0,1,0,1,0,0,1,1,0,1,0,0,0,0
734,734,1,,1,0,0,1,1,0,1,0,0,0,0,1,1,0,1,0,0,0,0
735,735,1,,0,1,0,1,1,0,1,0,0,0,0,1,1,1,1,0,0,0,0
736,736,1,,1,1,0,1,1,0,1,0,0,0,0,1,1,1,1,0,0,0,0
737,737,1,,0,1,0,1,1,1,1,0,0,0,0,1,1,1,1,1,2,0,0
738,738,1,,0,1,0,1,1,0,1,0,1,1,1,1,1,1,2,0,0,0,0
739,739,1,,0,1,0,1,1,0,1,0,0,1,1,1,1,0,2,0,0,0,0
740,740,1,,1,1,0,1,1,0,1,0,0,1,1,1,1,0,2,0,0,0,0
741,741,1,,1,1,0,1,1,0,1,0,0,0,0,0,0,0,1,0,0,0,0
742,742,1,,0,1,0,1,1,0,1,1,0,0,0,1,1,1,1,1,0,0,0
743,743,1,,1,1,0,1,1,0,1,0,1,0,0,1,1,0,1,0,0,0,0
744,744,1,,1,0,0,1,1,0,1,1,1,0,0,1,1,0,1,0,0,1,0
745,745,1,,1,0,0,1,1,1,0,1,0,0,0,1,1,0,1,0,1,0,0
746,746,1,,0,1,1,1,0,0,1,0,0,0,0,1,1,0,1,0,0,0,1
747,747,1,,1,0,0,1,0,0,1,0,1,1,1,1,1,0,1,0,0,0,0
748,748,1,,1,0,0,1,1,0,1,0,0,0,0,1,1,0,1,0,0,1,0
749,749,1,,1,0,0,1,1,0,1,0,0,0,0,1,1,0,1,0,0,0,0
750,750,1,,1,0,0,1,1,0,1,0,0,0,0,1,1,0,1,0,0,1,0
751,751,1,,1,0,1,1,1,0,1,0,0,0,0,1,1,0,2,0,0,0,1
752,752,1,,0,1,0,1,0,0,1,0,0,0,0,1,1,0,1,0,0,0,0
753,753,1,,1,1,0,1,1,0,1,0,0,0,0,1,1,0,1,0,0,1,0
754,754,1,,1,1,0,1,1,0,1,0,0,0,0,1,1,0,1,0,0,1,0
755,755,1,,1,1,0,1,1,0,0,0,0,0,0,1,1,0,1,0,0,0,0
756,756,1,,1,0,1,1,1,0,1,0,0,0,0,1,1,0,2,1,0,0,0
757,757,1,,1,1,0,1,1,0,1,1,0,0,0,1,1,0,1,0,0,0,0
758,758,1,,1,1,0,1,1,0,1,0,0,0,0,1,1,1,1,0,0,0,0
759,759,1,,1,1,0,1,1,0,1,0,0,0,0,1,1,1,1,1,0,0,0
760,760,1,,1,1,0,1,1,0,1,1,0,0,0,1,1,0,1,0,0,1,0
761,761,1,,1,0,0,1,0,0,1,0,1,0,0,1,1,1,1,1,0,0,0
762,762,1,,1,0,0,1,1,0,0,1,1,0,0,1,1,0,1,0,0,0,0
763,763,1,,1,0,0,1,1,0,1,0,0,0,0,1,1,1,1,0,0,0,0
764,764,1,,0,1,1,1,0,0,0,0,0,0,0,1,1,0,1,0,0,0,1
765,765,1,,0,1,0,1,1,0,0,0,1,0,0,1,1,0,1,0,0,0,0
766,766,1,,0,1,1,1,0,0,0,0,1,0,0,1,1,0,1,0,0,0,1
767,767,1,,0,1,0,1,0,1,0,0,1,0,0,1,1,0,1,0,2,0,0
768,768,1,,0,1,0,1,1,0,1,0,0,1,1,1,1,1,2,3,0,0,0
769,769,1,,0,1,0,1,1,0,0,0,0,0,0,1,1,0,1,0,0,0,0
770,770,1,,0,1,0,1,1,1,0,1,0,0,0,1,1,0,1,0,1,0,0
771,771,1,,0,1,0,1,0,0,1,0,0,0,0,1,1,0,1,0,0,0,1
772,772,1,,0,1,0,1,0,0,1,0,0,0,0,1,1,0,1,0,0,0,1
773,773,1,,0,1,0,1,1,0,1,0,1,0,0,1,1,0,1,0,0,0,0
774,774,1,,0,1,1,1,0,1,1,0,0,0,0,1,1,1,1,1,1,0,1
775,775,1,,0,1,1,1,0,1,1,0,0,0,0,1,1,0,1,0,1,0,1
776,776,1,,0,1,1,0,1,0,1,0,1,0,0,1,1,1,1,0,0,0,1
777,777,1,,0,1,0,1,1,1,1,0,0,0,0,1,1,1,1,1,1,0,0
778,778,1,,0,1,0,1,1,1,1,0,0,0,0,1,1,0,1,0,1,0,0
779,779,1,,0,1,0,1,0,0,1,0,0,0,0,1,1,0,1,0,0,0,0
780,780,1,,0,1,0,1,1,0,1,0,0,0,0,1,1,0,1,0,0,0,0
781,781,1,,0,1,0,0,1,0,1,0,0,1,1,0,0,0,1,0,0,0,0
782,782,1,,0,1,0,1,0,0,1,1,1,0,0,1,1,1,1,0,1,0,0
783,783,1,,0,1,0,0,1,0,1,1,0,0,0,1,1,1,1,1,0,0,1
784,784,1,,0,1,0,0,1,0,1,1,0,0,0,0,0,0,1,0,0,0,1
785,785,1,,0,1,0,0,1,0,1,1,0,0,0,1,1,0,1,0,0,0,1
786,786,1,,0,1,0,1,0,0,0,0,0,0,0,1,1,0,1,0,0,0,0
787,787,1,,0,1,0,1,0,0,0,0,0,0,0,1,1,0,1,0,0,0,0
788,788,1,,0,1,0,1,0,0,0,0,0,0,0,1,1,0,1,0,0,0,0
789,789,1,,0,1,0,1,0,0,0,0,0,0,0,1,1,0,1,0,0,0,0
790,790,1,,0,1,0,1,1,0,0,0,0,0,0,1,1,0,1,0,0,0,1
791,791,1,,0,1,0,1,1,0,1,0,0,0,0,1,1,0,1,0,0,0,1
792,792,1,,1,1,0,1,1,0,0,0,0,0,0,1,1,1,1,0,0,0,1
793,793,1,,0,1,0,0,0,0,1,0,0,1,1,1,1,0,1,0,0,0,0
794,794,1,,1,0,0,1,1,0,1,0,0,0,0,0,0,0,1,0,0,1,0
795,795,1,,1,0,0,1,1,0,1,1,0,0,0,0,0,1,1,0,0,1,0
796,796,1,,1,0,0,1,1,0,1,1,0,0,0,1,1,0,1,0,0,0,0
797,797,1,,1,0,0,1,1,0,1,1,0,0,0,0,0,1,1,0,0,1,0
798,798,1,,1,0,0,1,1,0,1,1,0,0,0,1,1,0,1,0,0,1,0
799,799,1,,1,0,0,1,1,0,1,1,0,0,0,1,1,0,1,0,0,1,0
800,800,1,,1,0,0,1,1,0,0,0,0,0,0,1,1,0,1,0,0,0,0
801,801,1,,1,0,0,1,1,0,1,1,0,0,0,0,0,0,1,0,0,1,0
802,802,1,,1,1,0,1,1,0,1,1,0,0,0,0,1,1,1,0,0,1,0
803,803,1,,1,1,0,1,1,0,0,0,0,0,0,1,1,0,1,0,0,0,0
804,804,1,,1,1,0,1,1,0,0,1,0,0,0,1,1,0,1,0,0,0,0
805,805,1,,1,1,0,1,1,0,1,0,0,0,0,1,1,0,1,0,0,1,0
806,806,1,,1,1,0,1,1,0,1,1,0,0,0,1,1,0,1,0,0,0,0
807,807,1,,1,1,0,1,1,0,1,0,0,0,0,1,1,0,1,0,0,0,0
808,808,1,,1,1,0,1,1,0,0,0,0,0,0,1,1,0,1,0,0,0,0
809,809,1,,1,1,0,1,1,0,1,0,0,0,0,1,1,0,1,0,0,1,0
810,810,1,,1,1,0,1,1,0,0,0,0,0,0,1,1,0,1,0,0,0,0
811,811,1,,1,1,0,1,1,0,0,0,0,0,0,1,1,0,1,0,0,0,0
812,812,1,,1,1,0,1,1,0,1,1,0,0,0,1,1,0,1,0,0,0,0
813,813,1,,1,0,0,1,0,0,0,0,0,0,0,1,1,0,1,0,0,0,0
814,814,1,,1,0,0,1,1,0,0,1,0,0,0,1,1,0,1,0,0,1,0
815,815,1,,1,0,0,1,1,0,1,0,0,0,0,0,0,0,1,0,0,0,0
816,816,1,,1,0,0,1,1,0,0,0,0,0,0,0,0,0,1,0,0,0,0
817,817,1,,1,0,0,1,1,0,0,1,0,0,0,1,1,0,2,0,0,0,0
818,818,1,,1,0,0,1,1,0,1,1,0,0,0,1,1,0,1,0,0,0,0
819,819,1,,1,1,0,1,1,0,0,0,0,0,0,1,1,0,1,0,0,0,0
820,820,1,,1,1,0,1,1,0,0,0,1,0,0,1,1,0,1,1,0,0,0
821,821,1,,1,0,0,1,1,0,0,0,1,1,1,1,1,1,2,1,0,1,0
822,822,1,,1,0,0,1,1,0,1,0,0,0,0,1,1,0,1,0,0,1,0
823,823,1,,1,0,0,1,1,0,1,0,0,0,0,1,1,0,1,0,0,1,0
824,824,1,,1,0,0,0,1,0,0,0,0,1,1,1,1,0,1,0,0,0,0
825,825,1,,1,0,0,1,1,0,0,0,0,0,0,0,0,0,1,0,0,1,0
826,826,1,,1,0,0,1,1,0,0,0,0,0,0,1,1,0,1,0,0,0,0
827,827,1,,1,0,0,1,1,0,1,1,0,0,0,1,1,0,1,0,0,1,0
828,828,1,,1,0,0,1,1,0,1,1,0,0,0,1,1,0,1,0,0,1,0
829,829,1,,1,0,0,1,1,0,0,0,0,0,0,1,1,0,1,0,0,0,0
830,830,1,,1,0,0,1,1,0,1,0,0,0,0,1,1,1,1,0,0,0,0
831,831,1,,1,0,0,1,1,0,1,0,0,0,0,1,1,1,1,0,0,0,0
832,832,1,,1,0,0,1,1,0,1,0,0,0,0,1,1,1,1,0,0,0,0
833,833,1,,1,0,0,1,1,0,0,0,0,0,0,1,1,0,1,0,0,0,0
834,834,1,,1,0,0,1,1,0,1,0,0,0,0,1,1,0,1,0,0,0,0
835,835,1,,1,0,0,1,1,0,1,0,0,0,0,1,1,1,1,1,0,0,0
836,836,1,,1,0,0,1,1,0,0,0,0,0,0,0,0,0,1,0,0,0,0
837,837,1,,1,0,0,1,1,0,1,1,0,0,0,0,0,0,1,0,0,0,0
838,838,1,,1,1,0,1,1,0,1,1,0,0,0,1,1,0,1,0,0,1,0
839,839,1,,0,0,0,1,1,0,0,0,0,0,0,1,0,0,1,0,1,0,0
840,840,1,,1,0,0,1,1,0,0,1,0,0,0,1,1,0,1,0,0,0,0
841,841,1,,1,0,0,0,1,0,0,0,0,1,1,1,1,1,2,1,0,0,0
842,842,1,,1,0,0,1,1,0,1,0,0,0,0,1,1,0,1,0,0,1,0
843,843,1,,1,0,0,0,1,0,1,0,0,1,1,1,1,0,1,0,0,0,0
844,844,1,,1,0,0,1,1,1,1,0,0,0,0,1,1,0,1,0,1,0,0
845,845,1,,1,1,0,1,1,0,1,0,0,1,1,1,1,1,3,0,0,1,0
846,846,1,,1,1,0,1,1,0,1,0,0,0,0,1,1,0,1,0,0,0,0
847,847,1,,1,0,0,1,1,0,1,0,0,0,0,1,1,0,1,0,0,1,0
848,848,1,,1,0,0,1,1,0,0,0,0,0,0,0,0,0,1,0,0,0,0
849,849,1,,1,0,0,1,1,0,1,0,0,0,0,0,0,0,1,0,0,0,0
850,850,1,,1,0,0,1,1,0,1,0,0,0,0,1,1,0,1,0,0,1,0
851,851,1,,1,0,0,1,1,1,1,0,0,0,0,1,1,0,1,0,1,1,0
852,852,1,,1,0,0,1,1,0,1,1,0,1,1,1,1,0,2,0,0,1,0
853,853,1,,1,0,0,1,1,0,1,0,0,0,0,0,0,0,1,0,0,0,0
854,854,1,,1,0,0,1,1,0,1,1,0,0,0,1,1,0,1,0,0,0,0
855,855,1,,1,0,0,1,1,0,1,0,0,0,0,1,1,0,1,0,0,0,0
856,856,1,,1,0,0,1,1,1,1,0,0,0,0,1,1,0,2,1,1,0,1
857,857,1,,1,0,0,0,0,0,1,1,0,1,1,1,1,0,1,0,0,0,0
858,858,1,,1,0,0,1,1,0,1,1,0,0,0,1,1,1,1,1,0,0,0
859,859,1,,1,0,0,1,1,0,1,0,0,0,0,1,1,0,1,0,0,0,0
860,860,1,,1,0,0,1,1,0,0,1,1,0,0,1,1,0,1,0,0,1,0
861,861,1,,1,0,0,1,1,0,1,0,0,1,1,1,1,0,1,0,0,0,0
862,862,1,,1,0,0,1,1,0,1,0,0,0,0,1,1,0,1,0,0,0,0
863,863,1,,1,1,0,1,1,0,1,1,0,0,0,1,1,0,1,0,0,0,0
864,864,1,,1,1,0,0,0,0,0,0,0,1,1,1,1,0,1,0,0,1,0
865,865,1,,1,1,0,1,1,0,1,0,0,0,0,1,1,0,1,0,0,0,0
866,866,1,,1,0,0,1,1,0,0,0,0,0,0,1,1,0,1,0,0,0,0
867,867,1,,1,0,0,1,1,0,1,0,0,0,0,0,0,0,1,0,0,0,0
868,868,1,,1,1,0,1,1,0,0,0,0,0,0,1,1,0,1,0,0,0,0
869,869,1,,0,1,0,1,1,0,1,0,0,0,0,1,1,0,1,0,0,0,0
870,870,1,,0,1,0,1,0,0,1,0,0,0,0,1,1,1,2,1,2,0,0
871,871,1,,0,1,0,1,1,1,0,0,0,0,0,1,1,0,1,1,3,0,0
872,872,1,,0,1,1,1,0,0,1,0,0,0,0,1,1,0,1,0,1,0,1
873,873,1,,0,1,0,0,1,0,1,0,0,0,0,1,1,0,1,0,1,0,1
874,874,1,,0,1,1,1,0,0,1,0,0,0,0,1,1,0,1,0,1,0,1
875,875,1,,0,1,1,1,0,0,1,0,0,1,1,1,1,0,1,1,0,0,0
876,876,1,,0,1,0,1,1,0,0,0,0,0,0,1,1,0,1,1,0,1,0
