,Unnamed: 0,ProjectID,RequirementText,Class,IsFunctional,IsQuality,dobj,nummod,acl,amod,auxpass,advmod,nsubjpass,nsubj,nmod,aux,pobj,prep,det,punct
0,0,1,,PE,1,1,1,1,0,0,0,0,0,1,0,1,0,0,1,1
1,1,1,,LF,0,1,1,0,1,0,0,0,0,1,0,1,1,1,1,1
2,2,1,,US,0,1,1,1,0,1,0,0,0,1,1,1,1,1,1,1
3,3,1,,A,0,1,1,1,0,1,0,1,0,1,0,1,1,1,1,1
4,4,1,,US,0,1,0,1,0,1,0,0,0,1,0,1,1,1,1,1
5,5,1,,SE,1,1,0,0,0,1,1,1,1,1,0,1,1,1,1,1
6,6,1,,US,0,1,1,1,0,1,0,0,0,1,0,1,1,1,1,1
7,7,1,,PE,0,1,1,0,0,0,0,1,0,1,1,1,1,1,1,1
8,8,1,,F,1,0,1,0,0,0,0,0,0,1,0,1,1,1,1,1
9,9,1,,F,1,0,1,0,0,1,0,0,0,1,0,1,1,1,1,1
10,10,1,,F,1,0,1,0,0,0,0,0,0,1,0,1,1,1,1,1
11,11,1,,F,1,0,1,0,0,0,0,0,0,1,0,1,0,0,1,1
12,12,1,,F,0,1,1,1,1,0,0,1,0,1,0,1,1,1,1,1
13,13,1,,F,0,0,0,0,1,0,0,0,0,1,0,0,1,1,1,1
14,14,1,,F,0,1,0,1,0,1,1,0,1,0,0,1,1,1,1,1
15,15,1,,F,1,1,1,0,0,1,0,1,0,1,0,1,1,1,1,1
16,16,1,,F,1,1,1,0,0,1,0,0,0,1,0,1,1,1,1,1
17,17,1,,F,1,1,1,0,0,1,0,0,0,1,0,0,1,1,1,1
18,18,1,,F,1,1,1,1,0,0,0,0,0,1,0,1,1,1,1,1
19,19,1,,F,1,1,1,1,0,0,0,1,0,1,1,1,1,1,1,1
20,20,1,,F,1,0,1,0,0,0,0,0,0,1,0,1,1,1,1,1
21,21,1,,F,1,0,1,0,0,0,0,0,0,1,0,1,1,1,1,1
22,22,1,,F,1,0,1,0,0,0,0,0,0,1,0,1,1,1,1,1
23,23,1,,F,1,0,1,0,0,0,0,0,0,1,0,1,0,0,1,1
24,24,1,,F,1,0,1,0,0,1,0,0,0,1,0,1,1,1,1,1
25,25,1,,F,1,0,1,0,1,0,0,0,0,1,0,1,1,1,1,1
26,26,1,,F,1,0,1,0,0,1,0,1,0,1,0,1,1,1,1,1
27,27,1,,F,1,0,1,0,1,0,0,0,0,1,1,1,1,1,1,1
28,28,2,,LF,0,1,0,0,0,1,0,0,0,1,0,1,1,1,1,1
29,29,2,,LF,0,1,1,0,0,1,0,0,0,1,0,1,1,1,1,1
30,30,2,,LF,0,1,1,0,0,1,0,0,0,1,0,1,0,0,1,1
31,31,2,,LF,0,1,1,0,0,1,0,0,0,1,0,1,0,0,1,1
32,32,2,,US,0,1,0,0,0,0,1,0,1,0,0,1,1,1,1,1
33,33,2,,US,0,1,0,0,0,0,0,0,0,1,0,1,0,0,1,1
34,34,2,,US,0,1,0,0,0,0,0,0,0,1,0,1,0,0,1,1
35,35,2,,US,0,1,1,0,0,0,0,1,0,1,0,1,1,1,1,1
36,36,2,,PE,1,1,1,0,0,1,0,0,0,1,0,1,1,1,1,1
37,37,2,,PE,1,1,1,1,0,1,1,0,1,1,0,1,0,0,1,1
38,38,2,,PE,1,1,1,0,0,1,0,0,0,1,0,1,1,1,1,1
39,39,2,,PE,1,1,1,1,0,1,1,0,1,1,0,1,0,0,1,1
40,40,2,,PE,1,1,1,0,0,1,0,0,0,1,0,1,1,1,1,1
41,41,2,,PE,1,1,0,0,0,0,0,0,0,1,0,1,1,1,1,1
42,42,2,,A,0,1,1,1,0,0,0,0,0,1,0,1,1,1,1,1
43,43,2,,A,0,1,0,1,0,0,0,0,0,1,0,0,1,1,1,1
44,44,2,,FT,0,1,0,0,0,0,0,1,0,1,0,1,1,1,1,1
45,45,2,,FT,1,0,1,0,0,1,0,1,0,1,0,1,0,0,1,1
46,46,2,,FT,1,0,1,0,0,0,0,0,0,1,0,1,1,1,1,1
47,47,2,,FT,1,1,0,1,0,1,1,1,1,1,0,1,1,1,0,1
48,48,2,,SC,1,0,1,0,0,1,0,0,0,1,0,1,0,0,1,1
49,49,2,,SC,0,1,1,1,0,1,0,0,0,1,0,1,0,0,1,1
50,50,2,,SC,0,1,1,1,0,1,1,0,1,1,0,1,1,1,1,1
51,51,2,,US,0,1,0,0,0,1,1,1,1,0,0,1,1,1,1,1
52,52,2,,US,0,1,1,1,0,1,0,0,0,1,0,1,1,1,1,1
53,53,2,,PO,0,1,0,0,0,0,1,0,1,0,0,1,1,1,1,1
54,54,2,,SE,0,1,1,0,0,1,0,0,0,1,0,1,0,0,1,1
55,55,2,,SE,1,1,0,0,0,0,1,0,1,0,0,1,1,1,1,1
56,56,2,,SE,0,1,1,0,1,1,1,0,0,1,0,1,1,1,1,1
57,57,2,,F,1,0,1,0,0,1,0,0,0,1,0,1,0,0,1,1
58,58,2,,F,1,0,1,0,0,1,0,0,0,1,0,1,1,1,1,1
59,59,2,,F,1,0,1,0,0,0,0,0,0,1,0,1,1,1,1,1
60,60,2,,F,1,0,1,0,0,1,0,0,0,1,0,1,1,1,1,1
61,61,2,,F,1,0,1,0,0,1,0,0,0,1,0,1,1,1,1,1
62,62,2,,F,1,0,1,0,1,0,0,0,0,1,0,1,1,1,1,1
63,63,2,,F,1,0,1,0,0,0,0,0,0,1,0,1,0,0,1,1
64,64,2,,F,1,0,0,0,0,1,1,0,1,0,0,1,1,1,1,1
65,65,2,,F,1,0,1,0,1,1,0,0,0,1,0,1,1,1,1,1
66,66,2,,F,1,0,1,0,0,0,0,1,0,1,0,1,1,1,1,1
67,67,2,,F,1,0,1,0,0,0,0,0,0,1,0,1,0,0,1,1
68,68,3,,US,0,1,0,0,0,0,0,0,0,1,1,1,1,1,1,1
69,69,3,,US,0,1,1,1,0,0,0,0,0,1,0,1,1,1,1,1
70,70,3,,US,0,1,1,0,0,0,0,0,0,1,0,1,1,1,1,1
71,71,3,,US,0,1,0,1,1,1,1,0,1,0,0,1,1,1,1,1
72,72,3,,US,0,1,0,0,0,0,0,0,0,1,1,1,1,1,1,1
73,73,3,,US,1,1,1,1,0,0,0,1,0,1,1,1,1,1,1,1
74,74,3,,US,0,1,1,0,0,0,0,1,0,1,0,1,1,1,1,1
75,75,3,,US,0,1,0,0,1,1,0,0,0,1,0,1,1,1,1,1
76,76,3,,PE,0,1,1,0,0,1,0,0,0,1,0,1,1,1,1,1
77,77,3,,PE,0,1,0,1,0,1,0,1,0,1,0,1,1,1,1,1
78,78,3,,A,0,1,0,1,0,0,0,0,0,1,0,1,1,1,1,1
79,79,3,,A,0,1,1,1,0,0,0,0,0,1,0,1,0,0,1,1
80,80,3,,SC,0,1,1,0,0,0,0,0,0,1,0,1,1,1,1,1
81,81,3,,SC,0,1,0,1,0,1,0,0,0,1,0,1,1,1,1,1
82,82,3,,SC,0,1,1,1,0,1,0,0,0,1,0,1,1,1,1,1
83,83,3,,SC,1,1,1,1,0,1,1,0,1,0,0,1,1,1,1,1
84,84,3,,O,0,1,0,0,0,1,0,0,0,1,0,1,1,1,1,1
85,85,3,,O,0,1,0,0,1,0,1,0,1,0,1,1,1,1,1,1
86,86,3,,O,0,1,0,0,0,1,0,0,0,1,0,1,1,1,1,1
87,87,3,,O,0,1,0,0,0,1,0,0,0,1,0,1,1,1,1,1
88,88,3,,O,0,1,0,0,0,1,0,0,0,1,1,1,1,1,1,1
89,89,3,,O,0,1,0,0,0,0,0,0,0,1,0,1,1,1,1,1
90,90,3,,O,0,1,0,0,0,0,0,0,0,1,0,1,1,1,1,1
91,91,3,,SE,0,1,1,0,0,1,0,1,0,1,0,1,1,1,0,1
92,92,3,,SE,0,1,1,0,0,1,0,0,0,1,1,1,1,1,1,1
93,93,3,,SE,0,1,1,0,0,1,0,1,0,1,0,1,1,1,0,1
94,94,3,,SE,0,1,1,0,0,1,0,0,0,1,0,1,1,1,1,1
95,95,3,,SE,0,1,1,0,0,1,0,1,0,1,0,1,1,1,1,1
96,96,3,,SE,0,1,1,0,0,1,0,0,0,1,0,1,1,1,1,1
97,97,3,,SE,1,1,1,0,1,1,1,0,1,1,0,1,1,1,1,1
98,98,3,,SE,1,1,1,0,0,1,0,0,0,1,0,1,1,1,1,1
99,99,3,,SE,0,1,0,0,0,1,1,1,1,1,0,1,1,1,1,1
100,100,3,,SE,0,1,1,0,0,1,0,0,0,1,0,1,1,0,1,1
101,101,3,,F,1,0,0,1,1,0,1,0,1,0,0,1,1,1,1,1
102,102,3,,F,1,0,1,0,0,0,0,0,0,1,0,1,1,1,1,1
103,103,3,,F,1,0,1,0,0,1,0,0,0,1,0,1,1,1,1,1
104,104,3,,F,1,0,0,0,0,0,0,0,0,1,0,1,1,1,1,1
105,105,3,,F,1,0,1,0,0,1,0,0,0,1,0,1,1,1,1,1
106,106,3,,F,1,0,0,0,0,0,1,0,1,0,0,1,1,1,1,1
107,107,3,,F,1,0,0,0,0,0,1,0,1,0,0,1,1,1,1,1
108,108,3,,F,1,0,1,0,0,1,0,0,0,1,0,1,1,1,1,1
109,109,3,,F,1,0,1,0,0,1,0,0,0,1,0,1,1,1,1,1
110,110,3,,F,1,0,1,0,1,1,0,0,0,1,0,1,1,1,1,1
111,111,3,,F,1,0,1,0,0,1,0,0,0,1,0,1,1,1,1,1
112,112,3,,F,0,0,0,0,0,1,0,0,0,1,0,1,0,0,1,1
113,113,3,,F,0,0,1,0,0,1,0,0,0,1,1,1,0,0,1,1
114,114,3,,F,0,0,1,0,0,1,0,0,0,1,0,1,0,0,1,1
115,115,3,,F,1,0,1,0,0,1,0,0,0,1,1,1,1,1,1,1
116,116,3,,F,0,0,0,0,0,1,1,0,1,1,1,1,1,1,1,1
117,117,3,,F,1,0,1,0,1,0,1,0,1,1,0,1,1,1,1,1
118,118,3,,F,1,0,1,0,0,1,0,0,0,1,1,1,1,1,1,1
119,119,3,,F,1,0,1,0,1,1,1,0,0,1,0,1,1,1,1,1
120,120,3,,F,1,0,0,0,0,1,1,0,1,1,0,1,1,1,1,1
121,121,3,,F,1,0,1,0,0,1,0,0,0,1,0,1,1,1,1,1
122,122,3,,F,0,0,1,0,0,1,1,0,0,1,0,1,1,1,1,1
123,123,3,,F,1,0,1,0,0,1,0,0,0,1,0,1,1,1,1,1
124,124,3,,F,0,0,0,0,0,1,0,0,0,1,0,1,1,1,1,1
125,125,3,,F,1,0,1,0,0,1,0,0,0,1,0,1,1,1,1,1
126,126,3,,F,1,0,1,0,0,1,0,0,0,1,1,1,1,1,1,1
127,127,3,,F,1,0,1,1,1,1,0,0,0,1,1,1,1,1,1,1
128,128,3,,F,1,0,1,0,1,1,0,1,0,1,1,1,1,1,1,1
129,129,3,,F,1,0,1,0,0,1,0,0,0,1,1,1,1,1,1,1
130,130,3,,F,1,0,1,0,1,0,0,0,0,1,0,1,1,1,1,1
131,131,3,,F,1,0,1,0,1,1,0,0,0,1,0,1,1,1,1,1
132,132,3,,F,1,0,1,0,1,1,1,1,0,1,1,1,1,1,1,1
133,133,3,,F,1,0,1,0,1,1,1,0,0,1,0,1,1,1,1,1
134,134,3,,F,1,0,1,0,1,1,1,0,1,1,0,1,1,1,1,1
135,135,3,,F,1,0,1,0,0,1,0,0,0,1,0,1,1,1,1,1
136,136,3,,F,1,0,1,0,0,1,0,0,0,1,1,1,1,1,1,1
137,137,3,,F,1,0,1,0,0,1,0,0,0,1,0,1,1,1,1,1
138,138,3,,F,1,0,1,0,0,1,0,0,0,1,0,1,1,1,1,1
139,139,3,,F,1,0,1,0,0,1,0,1,0,1,0,1,1,1,1,1
140,140,3,,F,1,0,1,0,0,1,0,1,0,1,0,1,1,1,1,1
141,141,3,,F,1,0,1,0,0,1,0,1,0,1,0,1,1,1,1,1
142,142,3,,F,1,0,1,0,0,1,0,1,0,1,0,1,1,1,1,1
143,143,3,,F,1,0,1,0,1,1,0,0,0,1,1,1,1,1,1,1
144,144,3,,F,1,0,1,0,1,1,0,0,0,1,1,1,1,1,1,1
145,145,3,,F,1,0,1,0,1,1,0,0,0,1,1,1,1,1,1,1
146,146,3,,F,1,0,1,0,1,1,0,0,0,1,1,1,1,1,1,1
147,147,3,,F,1,0,1,0,1,1,0,0,0,1,1,1,1,1,1,1
148,148,4,,LF,0,1,0,0,0,1,0,1,0,1,0,1,1,1,1,1
149,149,4,,LF,0,1,0,0,1,1,0,0,0,1,0,1,1,1,1,1
150,150,4,,US,0,1,0,0,1,1,1,0,1,0,0,1,1,1,1,1
151,151,4,,US,0,1,1,1,0,0,0,1,0,1,1,1,1,1,1,1
152,152,4,,US,0,1,1,1,0,1,0,1,0,1,0,1,1,1,1,1
153,153,4,,US,0,1,1,1,0,1,0,1,0,1,0,1,1,1,1,1
154,154,4,,PE,0,1,0,1,0,1,0,0,0,1,0,1,1,1,1,1
155,155,4,,PE,0,1,1,1,0,1,0,0,0,1,0,1,1,1,1,1
156,156,4,,O,0,1,0,1,0,1,0,0,0,1,0,1,1,1,1,1
157,157,4,,O,0,1,1,0,0,0,1,0,1,1,0,1,1,1,1,1
158,158,4,,O,0,1,1,0,0,1,1,0,1,1,0,1,1,1,1,1
159,159,4,,O,0,1,1,0,0,1,1,0,1,1,0,1,1,1,1,1
160,160,4,,O,0,1,1,0,0,0,1,0,1,1,0,1,1,1,1,1
161,161,4,,O,0,1,1,0,0,0,1,0,1,1,1,1,1,1,1,1
162,162,4,,SE,0,1,1,0,0,1,1,1,1,1,0,1,1,1,1,1
163,163,4,,SE,1,1,1,0,0,1,0,0,0,1,0,1,1,1,0,1
164,164,4,,SE,0,1,0,0,0,1,1,1,1,1,0,1,1,1,1,1
165,165,4,,SE,0,1,0,0,0,1,0,1,0,1,0,1,1,1,1,1
166,166,4,,SE,1,0,1,0,0,1,1,0,1,1,0,1,1,1,1,1
167,167,4,,SE,1,0,0,0,0,1,1,0,1,0,0,1,1,1,1,1
168,168,4,,SE,0,1,1,0,0,0,1,1,1,1,1,1,0,0,1,1
169,169,4,,SE,0,1,1,0,0,1,0,1,0,1,0,1,0,0,1,1
170,170,4,,SE,1,1,1,0,0,1,0,0,0,1,0,1,1,1,1,1
171,171,4,,SE,0,0,1,0,0,0,1,0,1,1,0,1,1,1,1,1
172,172,4,,L,0,1,0,0,0,1,0,0,0,1,0,1,1,1,1,1
173,173,4,,L,0,1,0,0,0,0,0,0,0,1,0,1,1,1,1,1
174,174,4,,L,0,1,1,0,0,1,0,0,0,1,0,1,1,1,1,1
175,175,4,,L,0,1,0,0,0,0,0,0,0,1,0,1,1,1,1,1
176,176,4,,L,1,1,1,0,0,1,0,1,0,1,0,1,1,1,1,1
177,177,4,,L,1,1,1,0,0,1,1,0,1,1,0,1,1,1,1,1
178,178,4,,F,0,1,0,0,0,1,0,0,0,1,0,1,1,1,1,1
179,179,4,,F,0,1,1,0,0,0,0,0,0,1,0,1,1,1,1,1
180,180,4,,F,0,1,1,0,0,1,0,0,0,1,0,1,1,1,1,1
181,181,4,,F,0,1,1,0,0,1,0,0,0,1,0,1,1,1,1,1
182,182,4,,F,0,1,1,0,0,1,0,0,0,1,0,1,1,1,1,1
183,183,4,,F,1,1,1,0,0,1,0,0,0,1,0,1,1,1,1,1
184,184,4,,F,1,0,1,0,1,1,0,0,0,1,0,1,1,1,1,1
185,185,4,,F,1,0,1,0,1,1,0,0,0,1,0,1,1,1,1,1
186,186,4,,F,1,0,1,0,1,1,1,0,1,1,0,1,1,1,1,1
187,187,4,,F,1,0,1,1,0,1,1,0,1,1,1,1,1,1,1,1
188,188,4,,F,1,0,1,0,0,1,1,0,1,1,0,1,1,1,1,1
189,189,4,,F,1,0,1,0,1,1,0,0,0,1,0,1,1,1,1,1
190,190,4,,F,1,0,1,0,0,1,1,1,1,1,0,1,1,1,1,1
191,191,4,,F,1,0,1,0,1,1,0,0,0,1,0,1,1,1,1,1
192,192,4,,F,1,1,1,1,0,0,0,0,0,1,0,1,1,1,1,1
193,193,4,,F,1,1,1,0,1,1,1,1,1,1,0,1,1,1,1,1
194,194,4,,F,1,0,1,0,1,1,0,0,0,1,0,1,0,0,1,1
195,195,4,,F,1,0,1,0,1,1,0,1,0,1,0,1,1,1,1,1
196,196,4,,F,1,1,1,0,0,1,1,0,1,1,0,1,1,1,1,1
197,197,4,,F,1,0,1,0,1,0,0,0,0,1,0,1,1,1,1,1
198,198,4,,F,1,0,1,0,1,1,1,0,1,1,0,1,1,1,1,1
199,199,4,,F,1,0,1,0,1,1,1,0,1,1,0,1,1,1,1,1
200,200,4,,F,1,0,1,0,0,1,1,0,1,1,1,1,1,1,1,1
201,201,4,,F,1,1,0,0,1,0,1,0,1,0,0,1,1,1,1,1
202,202,4,,F,1,0,0,1,0,1,1,0,1,0,0,1,1,1,1,1
203,203,5,,O,0,1,1,1,0,0,0,0,0,1,0,1,0,0,1,1
204,204,5,,O,0,1,1,1,0,0,0,0,0,1,0,1,0,0,1,1
205,205,5,,O,0,1,1,0,0,1,0,0,0,1,0,1,1,1,1,1
206,206,5,,O,0,1,0,0,0,1,0,0,0,1,0,1,1,1,1,1
207,207,5,,O,0,1,0,0,0,1,0,0,0,1,0,1,1,1,1,1
208,208,5,,LF,0,1,0,0,0,1,0,0,0,1,0,1,1,1,1,1
209,209,5,,LF,0,1,0,0,0,1,0,0,0,1,0,1,1,1,1,1
210,210,5,,LF,0,1,0,0,0,0,0,0,0,1,0,1,1,1,1,1
211,211,5,,US,0,1,0,1,0,0,0,0,0,1,0,1,1,1,1,1
212,212,5,,US,0,1,1,1,0,0,0,0,0,1,0,1,1,1,1,1
213,213,5,,US,0,1,1,1,0,0,0,0,0,1,0,1,1,1,1,1
214,214,5,,US,0,1,0,1,0,1,1,0,1,1,1,1,1,1,1,1
215,215,5,,US,0,1,1,1,0,0,1,1,1,1,0,1,1,1,1,1
216,216,5,,PE,0,1,0,1,0,1,1,1,1,1,0,1,1,1,1,1
217,217,5,,PE,0,1,0,1,0,1,1,1,1,1,0,1,1,1,1,1
218,218,5,,PE,1,1,0,1,0,1,1,0,1,0,0,1,1,1,1,1
219,219,5,,PE,1,1,0,1,0,1,1,0,1,1,0,1,1,1,1,1
220,220,5,,A,0,1,0,1,0,1,1,1,1,1,0,1,1,1,1,1
221,221,5,,A,0,1,1,1,0,1,0,0,0,1,0,1,1,1,1,1
222,222,5,,SC,0,1,1,1,0,1,0,0,0,1,0,1,1,1,1,1
223,223,5,,SC,0,1,0,0,0,1,0,0,0,1,0,1,1,1,1,1
224,224,5,,SC,0,1,1,1,0,1,0,0,0,1,0,1,1,1,1,1
225,225,5,,O,0,1,0,0,0,1,1,0,0,1,0,1,1,1,1,1
226,226,5,,O,0,1,0,1,0,0,0,1,0,1,0,1,1,1,1,1
227,227,5,,O,0,1,0,0,0,1,0,0,0,1,0,1,1,1,1,1
228,228,5,,O,0,1,1,0,0,1,1,0,1,0,0,1,0,0,1,1
229,229,5,,O,0,1,0,0,0,1,1,0,1,0,0,1,1,1,1,1
230,230,5,,SE,1,1,1,0,0,1,0,0,0,1,0,1,1,1,1,1
231,231,5,,SE,1,1,1,0,0,1,0,0,0,1,0,1,1,1,1,1
232,232,5,,SE,1,1,1,0,0,1,0,1,0,1,0,1,1,1,1,1
233,233,5,,SE,0,1,0,0,0,1,1,0,1,0,0,1,1,1,1,1
234,234,5,,SE,0,1,1,1,0,0,0,0,0,1,0,1,0,0,1,1
235,235,5,,SE,0,1,0,0,0,0,0,0,0,1,0,1,1,1,1,1
236,236,5,,SE,0,1,1,0,0,1,0,0,0,1,0,1,1,1,1,1
237,237,5,,L,0,1,0,0,0,0,0,0,0,1,0,1,1,1,1,1
238,238,5,,L,0,1,0,0,1,1,0,0,0,1,0,1,1,1,1,1
239,239,5,,L,0,1,0,0,0,0,0,0,0,1,0,1,1,1,1,1
240,240,5,,F,1,0,1,0,1,1,0,0,0,1,0,1,1,1,1,1
241,241,5,,F,0,0,1,0,0,0,0,0,0,1,0,1,0,0,1,1
242,242,5,,F,0,0,1,0,0,0,0,0,0,1,0,1,0,0,1,1
243,243,5,,F,1,0,1,0,0,0,0,0,0,1,0,1,1,1,1,1
244,244,5,,F,0,0,0,1,0,0,0,1,0,1,0,1,0,0,1,1
245,245,5,,F,1,0,1,0,0,1,0,0,0,1,0,1,1,1,1,1
246,246,5,,F,1,0,1,0,0,1,0,0,0,1,0,1,1,1,1,1
247,247,5,,F,1,0,1,0,0,1,0,0,0,1,0,1,1,1,1,1
248,248,5,,F,1,0,0,0,0,1,1,0,1,0,0,1,1,1,1,1
249,249,5,,F,1,0,1,0,0,1,1,0,1,1,0,1,1,1,1,1
250,250,5,,F,1,0,1,0,1,1,0,0,0,1,0,1,1,1,1,1
251,251,5,,F,1,0,1,0,1,1,0,0,0,1,0,1,1,1,1,1
252,252,5,,F,1,0,0,0,0,1,0,0,0,1,0,1,1,1,1,1
253,253,5,,F,1,0,0,1,0,1,1,0,1,1,0,1,1,1,1,1
254,254,5,,F,1,0,1,0,1,1,0,0,0,1,0,1,1,1,1,1
255,255,5,,F,1,0,0,0,0,1,1,0,1,0,0,1,1,1,1,1
256,256,5,,F,1,0,1,0,0,1,0,0,0,1,0,1,1,1,1,1
257,257,5,,F,1,0,1,0,0,1,1,0,1,1,0,1,1,1,1,1
258,258,5,,F,1,0,1,0,0,0,0,0,0,1,0,1,0,0,1,1
259,259,5,,F,1,0,1,0,0,1,0,0,0,1,0,1,1,1,1,1
260,260,5,,F,1,0,0,0,1,1,1,0,1,0,0,1,1,0,1,1
261,261,5,,F,1,0,1,0,1,1,0,0,0,1,0,1,1,1,1,1
262,262,5,,F,1,0,1,0,1,1,0,0,0,1,0,1,1,1,1,1
263,263,5,,F,1,0,1,0,0,1,0,0,0,1,0,1,1,1,1,1
264,264,5,,F,1,0,1,0,1,1,0,0,0,1,0,1,1,1,1,1
265,265,5,,F,1,0,1,0,0,1,0,0,0,1,0,1,1,1,1,1
266,266,5,,F,1,0,0,0,0,0,1,0,1,0,0,1,1,1,1,1
267,267,5,,F,1,0,0,0,0,1,0,0,0,1,0,1,1,1,1,1
268,268,5,,F,1,0,1,0,0,1,0,0,0,1,0,1,0,0,1,1
269,269,5,,F,1,0,0,0,0,1,1,0,1,0,0,1,1,1,1,1
270,270,5,,F,1,0,1,0,1,1,0,1,0,1,0,1,1,1,1,1
271,271,5,,F,1,0,1,0,1,1,0,0,0,1,0,1,1,1,1,1
272,272,5,,F,1,0,0,0,0,0,0,0,0,1,0,1,1,1,1,1
273,273,5,,F,0,0,1,0,0,1,0,0,0,1,0,1,1,1,1,1
274,274,5,,F,1,0,1,0,0,1,0,0,0,1,0,1,0,0,1,1
275,275,5,,F,1,0,0,0,0,1,1,0,1,0,0,1,1,0,1,1
276,276,6,,O,0,1,0,0,0,1,1,0,1,1,0,1,1,1,1,1
277,277,6,,O,0,1,0,0,0,0,1,1,1,1,0,1,1,1,1,1
278,278,6,,O,0,1,1,0,1,1,1,0,1,1,0,1,1,1,1,1
279,279,6,,O,0,1,1,0,0,1,0,0,0,1,1,1,1,1,1,1
280,280,6,,O,0,1,0,0,0,1,1,0,0,1,0,1,1,1,1,1
281,281,6,,LF,0,1,1,0,0,1,0,0,0,1,0,1,1,1,1,1
282,282,6,,LF,0,1,1,0,0,1,0,0,0,1,0,1,0,0,1,1
283,283,6,,US,0,1,1,1,1,1,0,1,0,1,0,1,1,1,1,1
284,284,6,,US,0,1,1,1,0,0,0,1,0,1,0,1,1,1,1,1
285,285,6,,US,0,1,1,1,1,0,0,1,0,1,0,1,1,1,1,1
286,286,6,,US,1,1,1,0,0,1,0,0,0,1,0,1,1,1,1,1
287,287,6,,US,0,1,0,0,0,0,0,0,0,1,1,1,1,1,1,1
288,288,6,,US,0,1,1,1,0,1,0,1,0,1,1,1,1,1,1,1
289,289,6,,US,0,1,1,0,0,1,0,0,0,1,0,1,1,1,1,1
290,290,6,,US,1,1,0,0,0,1,0,0,0,1,0,1,1,1,1,1
291,291,6,,US,0,1,0,0,0,0,0,0,0,1,0,1,1,1,1,1
292,292,6,,PE,0,1,1,1,0,0,0,1,0,1,0,1,1,1,1,1
293,293,6,,A,0,1,1,1,0,0,0,1,0,1,0,1,1,1,1,1
294,294,6,,FT,1,1,1,0,1,0,0,0,0,1,0,1,1,1,1,1
295,295,6,,SC,0,1,1,1,0,1,0,0,0,1,0,1,1,1,1,1
296,296,6,,SC,0,1,1,1,0,0,0,0,0,1,0,1,1,1,1,1
297,297,6,,SC,0,1,0,1,0,0,1,1,1,0,0,1,1,1,1,1
298,298,6,,O,0,1,0,0,0,0,1,0,1,0,0,1,1,1,1,1
299,299,6,,O,0,1,1,1,1,0,0,1,0,1,0,1,1,1,1,1
300,300,6,,O,0,1,0,1,0,1,0,1,0,1,0,1,1,1,1,1
301,301,6,,O,0,1,1,0,0,1,0,0,0,1,0,1,1,1,1,1
302,302,6,,O,0,1,0,0,0,1,0,0,0,1,0,1,1,1,1,1
303,303,6,,O,0,1,0,0,0,1,0,0,0,1,0,1,1,1,1,1
304,304,6,,O,0,1,0,1,0,0,0,0,0,1,1,1,1,1,1,1
305,305,6,,US,0,1,0,1,0,1,1,0,0,1,0,1,1,1,1,1
306,306,6,,MN,0,1,1,1,0,1,1,0,1,1,0,1,1,1,1,1
307,307,6,,MN,0,1,1,1,0,1,0,1,0,1,0,1,1,1,1,1
308,308,6,,MN,0,1,0,1,0,0,1,1,1,1,0,1,1,1,1,1
309,309,6,,US,0,1,1,1,0,1,0,0,0,1,0,1,1,1,1,1
310,310,6,,MN,0,1,1,0,0,1,0,1,0,1,0,1,1,1,1,1
311,311,6,,US,0,1,1,1,0,1,1,0,1,1,1,1,1,1,1,1
312,312,6,,O,0,1,0,0,0,1,1,0,1,1,1,1,1,1,1,1
313,313,6,,O,0,1,0,1,0,0,1,0,0,1,0,1,1,1,1,1
314,314,6,,SE,0,1,1,1,0,1,0,1,0,1,0,1,1,1,1,1
315,315,6,,SE,1,1,1,1,0,1,0,0,0,1,0,1,1,1,1,1
316,316,6,,SE,0,1,1,0,1,1,1,0,0,1,0,1,1,1,1,1
317,317,6,,SE,0,1,1,1,0,1,1,0,1,1,1,1,1,1,1,1
318,318,6,,FT,0,1,1,1,0,1,0,1,0,1,1,1,1,1,1,1
319,319,6,,SE,0,1,1,1,1,1,0,0,0,1,0,1,1,1,1,1
320,320,6,,SC,0,1,1,1,0,0,0,0,0,1,0,1,1,1,1,1
321,321,6,,US,1,1,1,1,1,0,0,0,0,1,0,1,1,1,1,1
322,322,6,,O,0,1,0,0,0,0,1,0,1,0,1,1,1,1,1,1
323,323,6,,F,1,0,1,0,0,0,0,0,0,1,0,1,0,0,1,1
324,324,6,,F,1,0,1,0,0,0,0,0,0,1,0,1,1,1,1,1
325,325,6,,F,1,0,1,0,1,0,0,0,0,1,0,1,1,0,1,1
326,326,6,,F,1,0,1,0,0,0,0,0,0,1,0,1,1,1,1,1
327,327,6,,F,1,0,1,0,0,0,0,0,0,1,0,1,0,0,1,1
328,328,6,,F,1,0,1,0,0,1,0,0,0,1,0,1,0,0,1,1
329,329,6,,F,1,0,1,0,0,1,0,0,0,1,0,1,0,0,1,1
330,330,6,,F,1,0,1,0,0,0,0,0,0,1,0,1,0,0,1,1
331,331,6,,F,1,0,1,0,0,1,0,0,0,1,0,1,0,0,1,1
332,332,6,,F,1,0,1,0,0,1,0,0,0,1,0,1,0,0,1,1
333,333,6,,F,1,0,1,0,0,0,0,0,0,1,0,1,0,0,1,1
334,334,6,,F,1,0,1,0,0,1,0,0,0,1,0,1,1,1,1,1
335,335,6,,F,1,0,1,0,0,0,1,0,1,0,0,1,1,1,1,1
336,336,6,,F,1,0,1,0,1,0,0,0,0,1,0,1,1,1,1,1
337,337,6,,F,1,0,1,0,1,0,0,0,0,1,0,1,1,1,1,1
338,338,6,,F,1,0,1,0,0,1,0,0,0,1,0,1,0,0,1,1
339,339,6,,F,1,0,1,0,0,0,0,0,0,1,0,1,1,0,1,1
340,340,6,,F,1,0,1,0,0,0,0,0,0,1,0,1,1,1,1,1
341,341,6,,F,1,0,1,0,0,0,0,0,0,1,0,1,1,1,1,1
342,342,6,,F,1,0,1,0,0,1,0,0,0,1,0,1,0,0,1,1
343,343,6,,F,1,0,1,0,0,0,1,0,1,1,0,1,0,0,1,1
344,344,6,,F,1,0,1,0,0,0,0,0,0,1,0,1,1,1,1,1
345,345,6,,F,1,0,1,0,0,1,0,0,0,1,0,1,1,1,1,1
346,346,6,,F,1,0,1,0,0,1,0,0,0,1,1,1,1,1,1,1
347,347,6,,F,1,1,1,0,0,1,0,0,0,1,0,1,0,0,1,1
348,348,6,,F,0,1,1,0,0,1,0,0,0,1,0,1,0,0,1,1
349,349,6,,F,1,0,1,0,0,1,0,0,0,1,0,1,1,1,1,1
350,350,7,,PE,1,1,1,1,0,1,0,0,0,1,1,1,1,1,1,1
351,351,7,,PE,0,1,0,1,0,1,0,0,0,1,0,1,1,1,1,1
352,352,7,,O,0,1,1,0,0,1,0,1,0,1,0,1,0,0,1,1
353,353,7,,O,1,1,1,0,0,0,0,1,0,1,0,1,1,1,1,1
354,354,7,,SE,0,1,1,0,0,1,0,0,0,1,0,1,1,1,1,1
355,355,7,,SE,0,1,1,0,0,1,0,1,0,1,0,1,1,1,1,1
356,356,7,,L,0,1,1,0,1,1,0,1,0,1,0,1,1,1,1,1
357,357,7,,O,0,1,1,0,1,1,0,0,0,1,0,1,1,1,1,1
358,358,7,,F,1,0,1,0,0,0,0,0,0,1,0,1,1,1,1,1
359,359,7,,F,1,0,0,0,0,1,0,0,0,1,0,1,1,1,1,1
360,360,7,,F,1,0,1,0,0,1,0,1,0,1,0,1,1,1,1,1
361,361,7,,F,1,0,1,0,0,0,0,0,0,1,0,1,0,0,1,1
362,362,7,,F,1,0,1,0,0,0,0,0,0,1,1,1,0,1,0,1
363,363,7,,F,1,0,1,0,0,1,0,0,0,1,0,1,0,0,0,1
364,364,7,,F,1,0,0,0,0,1,1,1,1,0,1,1,1,0,1,1
365,365,7,,F,1,0,0,0,0,1,1,0,1,0,1,1,1,0,0,1
366,366,7,,F,1,0,1,0,1,0,0,0,0,1,0,1,1,0,0,1
367,367,7,,F,1,0,1,0,1,0,0,0,0,1,0,1,1,1,1,1
368,368,7,,F,0,1,1,0,0,1,0,0,0,1,0,1,1,1,1,1
369,369,7,,F,1,0,0,1,0,1,0,0,0,1,0,1,1,1,1,1
370,370,7,,F,0,1,1,0,0,0,0,0,0,1,0,1,0,0,1,1
371,371,7,,F,1,0,1,0,1,1,0,0,0,1,0,1,1,1,1,1
372,372,7,,F,1,0,1,0,0,1,0,1,0,1,0,1,0,0,1,1
373,373,8,,PE,1,1,1,1,0,1,0,1,0,1,0,1,1,1,1,1
374,374,8,,PE,1,1,1,1,0,1,0,0,0,1,0,1,1,1,1,1
375,375,8,,PE,1,1,1,1,0,0,0,0,0,1,0,1,1,1,1,1
376,376,8,,PE,1,1,0,1,0,1,0,0,0,1,1,1,1,1,1,1
377,377,8,,PE,1,1,0,1,0,1,0,0,0,1,0,1,1,1,1,1
378,378,8,,PE,1,1,1,1,0,0,0,1,0,1,0,1,1,1,1,1
379,379,8,,PE,1,1,1,1,0,1,0,1,0,1,0,1,1,1,1,1
380,380,8,,PE,1,1,1,1,0,1,1,1,1,1,0,1,1,1,1,1
381,381,8,,PE,1,1,1,1,0,0,0,0,0,1,0,1,1,1,1,1
382,382,8,,PE,0,1,0,1,0,0,0,0,0,1,0,1,1,1,0,1
383,383,8,,PE,1,1,1,1,0,1,0,0,0,1,0,1,1,1,1,1
384,384,8,,LF,0,1,0,0,0,0,0,0,0,1,0,1,1,1,1,1
385,385,8,,LF,0,1,1,0,0,1,0,0,0,1,1,1,1,1,1,1
386,386,8,,LF,0,1,0,0,0,1,0,0,0,1,0,1,0,0,1,1
387,387,8,,US,0,1,0,1,0,1,1,0,0,1,0,1,1,1,1,1
388,388,8,,US,0,1,1,1,0,0,0,1,0,1,0,1,1,1,1,1
389,389,8,,US,1,1,1,1,0,1,0,0,0,1,0,1,1,1,1,1
390,390,8,,US,0,1,1,1,0,1,0,0,0,1,0,1,1,1,1,1
391,391,8,,US,0,1,1,1,0,1,0,0,0,1,0,1,1,1,1,1
392,392,8,,US,1,1,1,0,0,0,0,0,0,1,0,1,0,0,1,1
393,393,8,,US,1,1,1,1,0,1,0,1,0,1,0,1,1,1,1,1
394,394,8,,US,0,1,1,0,0,1,0,1,0,1,0,1,1,1,1,1
395,395,8,,US,0,1,1,0,0,1,0,1,0,1,0,1,1,1,1,1
396,396,8,,PE,0,1,1,1,0,1,0,1,0,1,0,1,1,1,1,1
397,397,8,,PE,0,1,1,1,0,1,0,1,0,0,1,1,1,1,1,1
398,398,8,,PE,0,1,1,1,0,1,0,1,0,1,0,1,1,1,1,1
399,399,8,,PE,0,1,1,0,1,0,0,1,0,0,0,1,1,1,1,1
400,400,8,,SE,0,1,0,0,0,1,1,1,1,0,0,1,1,1,1,1
401,401,8,,A,0,1,1,1,0,0,0,0,0,1,0,1,1,1,1,1
402,402,8,,A,0,1,1,1,0,0,0,0,0,1,0,1,0,0,1,1
403,403,8,,A,1,1,0,0,0,0,1,0,1,0,0,1,1,1,1,1
404,404,8,,FT,0,1,0,0,0,0,0,1,0,1,0,1,0,0,1,1
405,405,8,,FT,0,1,0,0,0,0,0,1,0,1,0,1,0,0,1,1
406,406,8,,SC,0,1,1,1,0,1,0,0,0,1,0,1,0,0,1,1
407,407,8,,SC,0,1,1,1,0,1,1,0,1,1,0,1,0,0,1,1
408,408,8,,SC,0,1,1,1,0,1,0,0,0,1,0,1,1,1,1,1
409,409,8,,SC,0,1,1,1,0,0,0,0,0,1,0,1,0,1,1,1
410,410,8,,MN,0,1,0,1,0,1,1,0,1,0,0,1,1,1,1,1
411,411,8,,O,0,1,0,0,0,0,1,0,1,0,0,1,1,1,1,1
412,412,8,,O,0,1,1,0,1,1,1,0,1,0,0,1,0,0,1,1
413,413,8,,O,0,1,0,1,0,1,0,0,0,1,0,1,1,1,1,1
414,414,8,,O,0,1,1,0,0,0,0,0,0,1,0,1,1,1,1,1
415,415,8,,O,0,1,0,0,0,0,0,1,0,1,0,1,1,1,0,1
416,416,8,,O,0,1,0,1,0,0,1,0,1,0,0,1,1,1,0,1
417,417,8,,O,0,1,0,0,0,0,1,0,1,1,0,1,1,1,0,1
418,418,8,,MN,0,1,1,0,0,1,0,0,0,1,0,1,1,1,1,1
419,419,8,,PE,1,1,1,1,0,1,0,0,0,1,0,1,1,1,1,1
420,420,8,,PE,1,1,1,1,0,1,0,0,0,1,0,1,1,1,1,1
421,421,8,,A,0,1,1,1,0,1,0,0,0,1,0,1,1,1,1,1
422,422,8,,US,1,0,1,0,0,1,0,0,0,1,0,1,1,1,1,1
423,423,8,,A,0,1,1,1,0,1,0,0,0,1,0,1,1,1,1,1
424,424,8,,O,0,1,0,1,0,1,1,0,0,1,0,1,1,1,1,1
425,425,8,,SE,0,1,1,0,0,1,0,1,0,1,0,1,0,0,0,1
426,426,8,,SE,0,1,1,1,0,0,0,1,0,1,0,1,1,1,1,1
427,427,8,,SE,0,1,1,0,0,1,0,1,0,1,0,1,1,1,1,1
428,428,8,,SE,0,1,1,0,0,1,0,1,0,1,0,1,0,0,1,1
429,429,8,,SE,0,1,1,0,0,1,0,1,0,1,0,1,0,0,0,1
430,430,8,,SE,0,1,1,0,0,1,1,1,1,1,0,1,0,1,1,1
431,431,8,,SE,0,1,1,0,0,1,0,0,0,1,0,1,1,1,1,1
432,432,8,,SE,0,1,1,0,1,1,1,0,1,0,0,1,1,1,1,1
433,433,8,,SE,1,1,0,0,0,1,0,0,0,1,0,1,1,1,1,1
434,434,8,,SE,1,0,1,0,0,0,0,0,0,1,0,1,1,1,1,1
435,435,8,,SE,0,1,1,0,0,1,0,1,0,1,0,1,1,1,1,1
436,436,8,,SE,0,1,1,0,0,1,1,1,1,0,0,1,1,1,1,1
437,437,8,,SE,0,1,0,0,0,0,1,0,1,0,0,1,1,1,1,1
438,438,8,,SE,0,1,1,0,0,1,0,0,0,1,0,1,1,1,1,1
439,439,8,,LF,0,1,0,0,0,0,0,0,0,1,0,1,1,1,1,1
440,440,8,,LF,0,1,0,0,0,1,0,0,0,1,0,1,1,1,1,1
441,441,8,,LF,0,1,1,0,0,0,0,1,0,1,0,1,1,1,1,1
442,442,8,,O,0,1,1,0,0,0,0,0,0,1,0,1,1,1,1,1
443,443,8,,L,0,1,1,0,1,1,0,0,0,1,0,1,1,1,1,1
444,444,8,,L,0,1,0,0,0,0,0,0,0,1,0,1,1,1,1,1
445,445,8,,L,0,1,0,0,0,0,0,0,0,1,0,1,1,1,1,1
446,446,8,,F,1,0,0,0,0,0,0,0,0,1,0,1,1,1,1,1
447,447,8,,F,1,0,1,0,1,0,0,0,0,1,0,1,1,0,1,1
448,448,8,,F,1,0,1,0,0,0,0,0,0,1,0,1,0,1,1,1
449,449,8,,F,1,0,1,1,0,1,0,0,0,0,0,1,1,1,0,1
450,450,8,,F,1,0,1,0,1,1,0,0,0,1,0,1,1,1,0,1
451,451,8,,F,1,0,1,0,0,1,0,0,0,1,0,1,1,1,0,1
452,452,8,,F,1,0,1,0,0,1,0,0,0,1,0,1,1,1,1,1
453,453,8,,F,1,0,1,0,1,0,0,0,0,1,0,1,1,0,1,1
454,454,8,,F,1,0,0,0,0,1,0,0,0,1,0,1,1,1,1,1
455,455,8,,F,1,0,1,0,0,1,0,0,0,1,0,1,1,1,0,1
456,456,8,,F,1,0,1,1,0,1,1,1,1,1,0,1,1,1,1,1
457,457,8,,F,1,0,1,0,0,0,0,0,0,1,1,1,1,1,1,1
458,458,8,,F,1,0,0,0,0,1,1,0,1,0,1,1,1,1,1,1
459,459,8,,F,1,0,1,0,0,1,0,1,0,1,0,1,0,0,0,1
460,460,8,,F,1,0,1,1,0,0,1,1,1,1,0,1,1,1,1,1
461,461,8,,F,1,0,1,0,1,1,0,0,0,1,0,1,1,1,1,1
462,462,8,,F,1,1,0,0,0,1,1,0,1,0,0,1,1,1,1,1
463,463,8,,F,1,0,1,0,0,1,1,1,1,1,0,1,1,1,1,1
464,464,8,,F,1,1,0,0,0,1,1,0,1,0,0,1,1,1,1,1
465,465,8,,F,0,1,1,0,0,1,0,0,0,1,0,1,1,1,1,1
466,466,9,,PE,0,1,0,1,0,1,1,1,1,0,0,1,1,1,1,1
467,467,9,,PE,0,1,0,1,1,1,0,0,0,1,0,1,1,1,1,1
468,468,9,,PE,1,0,1,1,0,1,0,0,0,1,0,1,1,1,1,1
469,469,9,,PE,0,1,0,1,1,1,1,0,1,1,0,1,1,1,1,1
470,470,9,,O,0,1,0,0,0,1,0,0,0,1,0,1,1,1,1,1
471,471,9,,O,0,1,1,0,0,1,0,1,0,1,1,1,1,1,1,1
472,472,9,,A,0,1,0,1,0,1,0,0,0,1,0,1,1,1,1,1
473,473,9,,MN,0,1,0,0,0,1,1,0,1,0,0,1,1,1,0,1
474,474,9,,F,1,0,1,0,0,1,0,0,0,1,0,1,0,0,1,1
475,475,9,,F,1,0,1,0,0,0,1,0,0,1,0,1,1,1,1,1
476,476,9,,F,1,0,1,0,0,1,1,0,1,1,0,1,1,1,1,1
477,477,9,,F,1,0,1,0,1,1,0,0,0,1,0,1,1,1,1,1
478,478,9,,F,1,0,1,0,1,0,0,0,0,1,0,1,1,0,1,1
479,479,9,,F,1,0,0,0,0,1,0,1,0,1,0,1,1,1,1,1
480,480,9,,F,1,0,0,0,0,1,1,1,1,1,0,1,1,1,1,1
481,481,9,,F,1,0,0,0,0,1,1,1,1,1,0,1,1,1,1,1
482,482,9,,F,1,0,1,0,1,1,0,0,0,1,0,1,1,1,1,1
483,483,9,,F,1,0,1,0,1,0,0,0,0,1,0,1,1,1,1,1
484,484,9,,F,1,0,1,0,1,1,0,0,0,1,0,1,1,1,1,1
485,485,9,,F,1,0,1,0,1,0,1,0,0,1,0,1,1,1,1,1
486,486,9,,F,1,0,1,0,1,0,0,0,0,1,0,1,0,0,1,1
487,487,9,,F,1,0,1,0,1,1,0,0,0,1,0,1,1,0,1,1
488,488,9,,F,1,0,1,0,0,0,0,1,0,1,0,1,1,1,1,1
489,489,9,,F,1,0,1,0,1,1,0,0,0,1,0,1,1,1,1,1
490,490,10,,LF,0,1,1,0,0,0,0,0,0,1,0,1,1,1,1,1
491,491,10,,LF,0,1,1,0,0,0,0,0,0,1,0,1,1,1,1,1
492,492,10,,LF,0,1,1,0,0,1,0,0,0,1,0,1,1,1,1,1
493,493,10,,LF,1,1,1,0,0,1,0,1,0,1,0,1,1,1,1,1
494,494,10,,LF,1,1,1,0,1,0,1,1,1,1,0,1,1,1,1,1
495,495,10,,LF,1,1,1,0,1,0,1,1,1,1,0,1,1,1,1,1
496,496,10,,LF,1,1,1,0,0,1,1,1,1,1,0,1,1,1,1,1
497,497,10,,A,0,1,0,1,0,0,0,0,0,1,0,1,1,1,1,1
498,498,10,,PE,0,1,1,0,0,1,0,1,0,1,0,1,1,1,1,1
499,499,10,,PE,0,1,1,1,0,1,0,1,0,1,0,1,1,1,1,1
500,500,10,,PE,0,1,1,0,0,0,0,0,0,1,0,1,1,1,1,1
501,501,10,,US,0,1,1,1,0,0,0,1,0,1,0,1,1,1,1,1
502,502,10,,US,1,1,1,0,0,1,0,0,0,1,0,1,1,1,1,1
503,503,10,,SE,0,1,1,0,0,0,0,0,0,1,0,1,1,1,1,1
504,504,10,,PE,0,1,1,1,0,1,0,1,0,1,0,1,1,1,1,1
505,505,10,,F,1,0,1,0,0,0,0,0,0,1,0,1,1,1,1,1
506,506,10,,F,1,0,1,0,0,0,0,0,0,1,0,1,1,1,1,1
507,507,10,,F,1,0,0,0,0,1,1,1,1,1,0,1,1,1,1,1
508,508,10,,F,1,0,1,0,0,0,0,0,0,1,0,1,1,1,1,1
509,509,10,,F,1,0,1,0,0,1,0,0,0,1,0,1,1,1,1,1
510,510,10,,F,1,0,1,1,0,0,0,0,0,1,0,1,1,1,1,1
511,511,10,,F,1,0,1,0,0,1,0,0,0,1,0,1,1,1,1,1
512,512,10,,F,1,0,1,0,0,1,1,1,1,1,0,1,1,1,1,1
513,513,10,,F,1,0,1,0,0,1,1,1,1,1,0,1,1,1,1,1
514,514,10,,F,1,0,1,0,0,1,0,0,0,1,0,1,1,1,1,1
515,515,10,,F,1,0,1,1,0,1,1,1,1,1,0,1,1,1,1,1
516,516,10,,F,1,0,1,0,0,0,0,1,0,1,0,1,1,1,1,1
517,517,10,,F,1,0,1,0,0,0,0,1,0,1,0,1,1,1,1,1
518,518,10,,F,1,0,1,0,0,0,0,1,0,1,0,1,1,1,1,1
519,519,10,,F,1,0,1,0,0,1,0,0,0,1,0,1,1,1,1,1
520,520,10,,F,1,0,1,1,0,1,0,1,0,1,0,1,1,1,1,1
521,521,10,,F,1,0,1,1,0,1,0,0,0,1,0,1,1,1,1,1
522,522,10,,F,1,0,1,0,0,1,0,0,0,1,0,1,1,1,1,1
523,523,10,,F,1,0,1,0,0,0,0,0,0,1,0,1,1,1,1,1
524,524,10,,F,1,0,1,0,0,1,0,0,0,1,0,1,1,1,1,1
525,525,10,,F,1,0,1,0,0,1,0,0,0,1,0,1,1,1,1,1
526,526,10,,F,1,0,1,0,0,0,0,0,0,1,0,1,1,1,1,1
527,527,10,,F,1,0,1,0,0,1,0,0,0,1,0,1,1,1,1,1
528,528,10,,F,1,0,1,0,0,1,0,0,0,1,0,1,1,1,1,1
529,529,10,,F,1,0,1,0,0,1,1,1,1,1,0,1,0,1,1,1
530,530,10,,F,1,0,1,0,0,1,0,1,0,1,0,1,1,1,1,1
531,531,10,,F,1,0,1,0,0,1,0,1,0,1,0,1,1,1,1,1
532,532,10,,F,1,0,1,0,0,1,0,1,0,1,0,1,1,1,1,1
533,533,10,,F,1,0,1,0,0,1,1,0,1,1,0,1,1,1,1,1
534,534,10,,F,1,0,1,0,0,1,1,0,1,1,0,1,1,1,1,1
535,535,10,,F,1,0,1,0,0,1,1,0,1,1,0,1,1,1,1,1
536,536,10,,F,1,0,1,0,0,0,1,0,1,1,0,1,0,0,1,1
537,537,10,,F,1,0,1,0,0,1,1,1,1,1,0,1,1,1,1,1
538,538,10,,F,1,0,1,0,0,0,0,0,0,1,0,1,1,1,1,1
539,539,10,,F,1,0,1,0,0,0,1,1,1,1,0,1,0,0,1,1
540,540,10,,F,1,0,1,0,1,0,1,1,1,1,0,1,1,1,1,1
541,541,10,,F,1,0,1,0,0,1,1,1,1,1,0,1,1,1,1,1
542,542,10,,F,1,0,1,0,0,0,1,1,1,1,0,1,1,1,1,1
543,543,11,,US,0,1,1,1,0,0,0,0,0,1,0,1,1,1,1,1
544,544,11,,US,0,1,1,1,0,0,0,1,0,1,0,1,1,1,1,1
545,545,11,,PE,0,1,1,1,0,1,0,1,0,1,0,1,1,1,1,1
546,546,11,,PE,0,1,0,1,0,1,0,0,0,1,0,1,1,1,1,1
547,547,11,,PE,0,1,0,1,0,1,0,1,0,0,0,1,1,1,1,1
548,548,11,,A,0,1,1,0,0,1,0,0,0,1,0,1,1,1,1,1
549,549,11,,A,0,1,0,0,0,0,0,0,0,1,0,1,1,1,1,1
550,550,11,,MN,0,1,1,0,0,0,0,0,0,1,0,1,0,0,1,1
551,551,11,,SE,1,1,1,0,0,1,1,0,1,1,0,1,0,0,1,1
552,552,11,,SE,1,1,1,0,0,1,1,0,1,1,0,1,0,0,1,1
553,553,11,,SE,1,1,1,0,0,1,1,0,1,1,0,1,1,1,1,1
554,554,11,,LF,0,1,1,1,0,1,0,1,0,1,1,1,1,1,1,1
555,555,11,,LF,0,1,0,1,0,0,0,0,0,1,0,1,1,1,1,1
556,556,12,,LF,1,1,1,0,0,1,0,1,0,1,0,1,1,1,1,1
557,557,12,,LF,0,1,1,0,0,1,0,0,0,1,0,1,1,1,1,1
558,558,12,,US,1,1,1,1,0,0,0,0,0,1,0,1,1,1,1,1
559,559,12,,US,1,1,1,1,0,0,0,0,0,1,0,1,1,1,1,1
560,560,12,,US,1,1,1,0,0,1,0,0,0,1,0,1,1,1,1,1
561,561,12,,PE,1,1,1,0,0,1,0,0,0,1,0,1,1,1,1,1
562,562,12,,PE,0,1,1,0,1,1,0,1,0,1,0,1,0,0,1,1
563,563,12,,PE,1,1,1,1,0,1,0,0,0,1,0,1,1,1,1,1
564,564,12,,PE,1,1,1,1,0,1,0,0,0,1,0,1,1,1,1,1
565,565,12,,PE,1,1,1,1,0,1,0,0,0,1,1,1,1,1,1,1
566,566,12,,A,0,1,1,1,1,1,0,0,0,1,0,1,1,1,1,1
567,567,12,,FT,0,1,1,0,1,0,0,0,0,1,0,1,1,1,1,1
568,568,12,,FT,0,1,1,0,0,1,0,0,0,1,1,1,1,1,1,1
569,569,12,,SC,0,1,1,1,0,0,0,0,0,1,0,1,1,1,1,1
570,570,12,,O,0,1,1,0,0,0,0,0,0,1,0,1,1,1,1,1
571,571,12,,O,0,1,1,1,0,1,0,0,0,1,0,1,1,1,1,1
572,572,12,,MN,0,1,0,0,0,1,0,0,0,1,0,1,1,1,1,1
573,573,12,,MN,0,1,1,1,1,1,1,0,1,1,0,1,1,1,1,1
574,574,12,,MN,0,1,1,0,0,1,0,0,0,1,0,1,1,1,1,1
575,575,12,,SE,0,1,1,0,0,0,0,0,0,1,0,1,0,0,1,1
576,576,12,,SE,0,1,1,0,0,0,0,0,0,1,1,1,1,1,1,1
577,577,12,,SE,0,1,1,1,0,0,0,0,0,1,0,1,1,1,1,1
578,578,13,,LF,0,1,1,1,0,0,0,0,0,1,1,1,0,0,1,1
579,579,13,,LF,0,1,0,1,0,0,1,0,1,1,0,1,1,1,1,1
580,580,13,,LF,0,1,1,0,1,1,0,0,0,1,0,1,1,1,1,1
581,581,13,,LF,1,1,1,1,1,1,0,1,0,1,1,1,1,1,1,1
582,582,13,,US,0,1,1,1,0,0,1,0,0,1,1,1,1,1,1,1
583,583,13,,US,0,1,1,1,0,1,0,1,0,1,0,1,1,1,1,1
584,584,13,,US,0,1,1,1,0,0,1,0,1,1,0,1,1,1,1,1
585,585,13,,US,0,1,1,1,0,1,0,0,0,1,0,1,1,1,1,1
586,586,13,,US,0,0,1,1,1,0,1,0,1,1,0,1,1,1,1,1
587,587,13,,US,0,1,1,0,0,1,0,0,0,1,0,1,1,1,1,1
588,588,13,,A,0,1,0,1,0,1,0,1,0,1,0,1,1,1,1,1
589,589,13,,SC,0,1,1,0,1,1,0,1,0,1,0,1,1,1,1,1
590,590,13,,SC,0,1,1,0,1,0,1,0,0,1,0,1,1,1,1,1
591,591,13,,O,0,1,1,1,1,0,1,0,1,0,0,1,1,1,1,1
592,592,13,,O,1,1,1,1,0,0,0,0,0,1,1,1,1,1,1,1
593,593,13,,MN,1,1,1,0,0,1,1,1,1,1,0,1,1,1,1,1
594,594,13,,MN,0,1,0,0,0,0,1,0,1,1,0,1,1,1,1,1
595,595,13,,SE,0,1,1,0,0,1,1,1,1,0,1,1,1,0,1,1
596,596,13,,SE,0,1,1,0,1,1,1,0,1,1,0,1,1,1,1,1
597,597,14,,SE,0,1,1,0,0,0,1,0,1,1,0,1,0,0,1,1
598,598,14,,SE,0,1,1,0,0,1,0,0,0,1,0,1,1,1,1,1
599,599,14,,LF,0,1,1,0,0,1,1,0,1,1,0,1,1,1,1,1
600,600,14,,LF,0,1,1,1,0,1,0,0,0,1,0,1,1,1,1,1
601,601,14,,LF,1,0,1,1,0,1,0,1,0,1,0,1,1,1,1,1
602,602,14,,US,0,1,1,1,0,1,0,0,0,1,1,1,1,1,1,1
603,603,14,,US,0,1,1,0,1,0,0,0,0,1,1,1,1,1,1,1
604,604,14,,US,1,1,1,1,0,0,0,1,0,1,0,1,1,1,1,1
605,605,14,,US,1,0,1,0,0,0,0,0,0,1,0,1,0,1,1,1
606,606,14,,PE,0,1,1,0,0,1,0,0,0,1,0,1,1,1,1,1
607,607,14,,A,0,1,1,1,0,0,0,1,0,1,0,1,1,1,1,1
608,608,14,,O,0,1,0,0,0,0,0,0,0,1,0,1,1,1,1,1
609,609,14,,O,0,1,1,0,0,1,1,0,1,0,0,1,1,1,1,1
610,610,14,,O,0,1,1,0,0,1,1,0,1,0,0,1,0,0,1,1
611,611,14,,MN,0,1,0,1,0,0,0,0,0,1,0,1,1,1,1,1
612,612,14,,MN,0,1,0,0,0,0,1,0,1,0,0,1,1,1,1,1
613,613,15,,A,0,1,0,1,0,0,1,1,1,1,0,1,1,1,1,1
614,614,15,,O,0,1,1,1,0,1,0,1,0,1,0,1,1,1,1,1
615,615,15,,O,0,1,1,1,0,1,0,1,0,1,1,1,1,1,1,1
616,616,15,,O,0,1,1,1,1,0,1,1,1,1,0,1,1,1,1,1
617,617,15,,MN,0,1,0,1,0,0,1,1,1,0,1,1,1,1,1,1
618,618,15,,MN,0,1,0,1,1,1,1,1,1,0,1,1,1,1,1,1
619,619,15,,SE,0,1,1,0,1,1,0,1,0,1,0,1,1,1,1,1
620,620,15,,SE,0,1,0,0,1,0,1,0,1,1,1,1,1,1,1,1
621,621,15,,LF,0,1,0,1,0,1,1,1,1,1,0,1,1,1,1,1
622,622,15,,LF,0,1,0,1,0,1,1,1,1,1,0,1,1,1,1,1
623,623,15,,US,0,1,1,1,0,1,0,1,0,1,0,1,1,1,1,1
624,624,15,,PE,0,1,1,1,0,1,0,0,0,1,0,1,1,1,1,1
