,Unnamed: 0,ProjectID,RequirementText,Class,IsFunctional,IsQuality,AComp,nsubj,dobj,nummod,amod,acl,nmod,auxpass,nsubjpass,prep,pobj,advmod,Modal,Adverb,Cardinal
0,0,1,,PE,1,1,0,1,1,1,0,0,0,0,0,0,0,0,1,0,1
1,1,1,,LF,0,1,0,1,1,0,0,1,0,0,0,1,1,0,1,0,0
2,2,1,,US,0,1,1,1,1,1,1,0,1,0,0,1,1,0,2,0,3
3,3,1,,A,0,1,2,1,1,1,1,0,0,0,0,1,1,1,2,2,2
4,4,1,,US,0,1,1,1,0,1,1,0,0,0,0,1,1,0,2,0,3
5,5,1,,SE,1,1,0,1,0,0,1,0,0,1,1,1,1,1,3,1,0
6,6,1,,US,0,1,1,1,1,1,1,0,0,0,0,1,1,0,2,0,2
7,7,1,,PE,0,1,0,1,1,0,0,0,1,0,0,1,1,1,1,1,0
8,8,1,,F,1,0,0,1,1,0,0,0,0,0,0,1,1,0,1,0,0
9,9,1,,F,1,0,0,1,1,0,1,0,0,0,0,1,1,0,1,0,0
10,10,1,,F,1,0,0,1,1,0,0,0,0,0,0,1,1,0,1,0,0
11,11,1,,F,1,0,0,1,1,0,0,0,0,0,0,0,0,0,1,0,0
12,12,1,,F,0,1,1,1,1,1,0,1,0,0,0,1,1,1,1,1,5
13,13,1,,F,0,0,0,1,0,0,0,1,0,0,0,1,1,0,0,0,0
14,14,1,,F,0,1,0,0,0,1,1,0,0,1,1,1,1,0,1,0,1
15,15,1,,F,1,1,0,1,1,0,1,0,0,0,0,1,1,1,1,1,2
16,16,1,,F,1,1,0,1,1,0,1,0,0,0,0,1,1,0,1,0,2
17,17,1,,F,1,1,0,1,1,0,1,0,0,0,0,1,1,0,1,0,0
18,18,1,,F,1,1,0,1,1,1,0,0,0,0,0,1,1,0,1,0,4
19,19,1,,F,1,1,0,1,1,1,0,0,1,0,0,1,1,1,1,1,4
20,20,1,,F,1,0,0,1,1,0,0,0,0,0,0,1,1,0,1,0,0
21,21,1,,F,1,0,0,1,1,0,0,0,0,0,0,1,1,0,1,0,0
22,22,1,,F,1,0,0,1,1,0,0,0,0,0,0,1,1,0,1,0,0
23,23,1,,F,1,0,0,1,1,0,0,0,0,0,0,0,0,0,1,0,0
24,24,1,,F,1,0,0,1,1,0,1,0,0,0,0,1,1,0,1,0,0
25,25,1,,F,1,0,0,1,1,0,0,1,0,0,0,1,1,0,1,0,0
26,26,1,,F,1,0,0,1,1,0,1,0,0,0,0,1,1,1,1,0,0
27,27,1,,F,1,0,0,1,1,0,0,1,1,0,0,1,1,0,1,0,0
28,28,2,,LF,0,1,0,1,0,0,1,0,0,0,0,1,1,0,1,0,0
29,29,2,,LF,0,1,0,1,1,0,1,0,0,0,0,1,1,0,1,0,0
30,30,2,,LF,0,1,0,1,1,0,1,0,0,0,0,0,0,0,1,0,0
31,31,2,,LF,0,1,0,1,1,0,1,0,0,0,0,0,0,0,1,0,0
32,32,2,,US,0,1,0,0,0,0,0,0,0,1,1,1,1,0,1,0,0
33,33,2,,US,0,1,1,1,0,0,0,0,0,0,0,0,0,0,1,0,0
34,34,2,,US,0,1,1,1,0,0,0,0,0,0,0,0,0,0,1,0,0
35,35,2,,US,0,1,1,1,1,0,0,0,0,0,0,1,1,1,1,1,0
36,36,2,,PE,1,1,0,1,1,0,1,0,0,0,0,1,1,0,1,0,0
37,37,2,,PE,1,1,0,1,1,1,1,0,0,1,1,0,0,0,1,1,1
38,38,2,,PE,1,1,0,1,1,0,1,0,0,0,0,1,1,0,1,0,0
39,39,2,,PE,1,1,0,1,1,1,1,0,0,1,1,0,0,0,1,1,1
40,40,2,,PE,1,1,0,1,1,0,1,0,0,0,0,1,1,0,1,0,0
41,41,2,,PE,1,1,0,1,0,0,0,0,0,0,0,1,1,0,1,0,0
42,42,2,,A,0,1,1,1,1,1,0,0,0,0,0,1,1,0,1,0,2
43,43,2,,A,0,1,1,1,0,1,0,0,0,0,0,1,1,0,0,0,2
44,44,2,,FT,0,1,1,1,0,0,0,0,0,0,0,1,1,1,1,0,0
45,45,2,,FT,1,0,0,1,1,0,1,0,0,0,0,0,0,1,1,1,0
46,46,2,,FT,1,0,0,1,1,0,0,0,0,0,0,1,1,0,1,0,0
47,47,2,,FT,1,1,0,1,0,1,1,0,0,1,1,1,1,1,1,1,1
48,48,2,,SC,1,0,0,1,1,0,1,0,0,0,0,0,0,0,1,0,0
49,49,2,,SC,0,1,0,1,1,1,1,0,0,0,0,0,0,0,1,0,1
50,50,2,,SC,0,1,1,1,1,1,1,0,0,1,1,1,1,0,1,0,2
51,51,2,,US,0,1,0,0,0,0,1,0,0,1,1,1,1,1,1,1,0
52,52,2,,US,0,1,0,1,1,1,1,0,0,0,0,1,1,0,1,0,1
53,53,2,,PO,0,1,0,0,0,0,0,0,0,1,1,1,1,0,0,0,0
54,54,2,,SE,0,1,0,1,1,0,1,0,0,0,0,0,0,0,1,1,0
55,55,2,,SE,1,1,0,0,0,0,0,0,0,1,1,1,1,0,1,0,0
56,56,2,,SE,0,1,0,1,1,0,1,1,0,1,0,1,1,0,1,0,0
57,57,2,,F,1,0,0,1,1,0,1,0,0,0,0,0,0,0,1,0,0
58,58,2,,F,1,0,0,1,1,0,1,0,0,0,0,1,1,0,1,0,0
59,59,2,,F,1,0,0,1,1,0,0,0,0,0,0,1,1,0,1,0,0
60,60,2,,F,1,0,0,1,1,0,1,0,0,0,0,1,1,0,1,0,0
61,61,2,,F,1,0,0,1,1,0,1,0,0,0,0,1,1,0,1,0,0
62,62,2,,F,1,0,0,1,1,0,0,1,0,0,0,1,1,0,1,0,0
63,63,2,,F,1,0,0,1,1,0,0,0,0,0,0,0,0,0,1,0,0
64,64,2,,F,1,0,0,0,0,0,1,0,0,1,1,1,1,0,1,0,0
65,65,2,,F,1,0,0,1,1,0,1,1,0,0,0,1,1,0,1,0,0
66,66,2,,F,1,0,0,1,1,0,0,0,0,0,0,1,1,1,1,0,0
67,67,2,,F,1,0,0,1,1,0,0,0,0,0,0,0,0,0,1,0,0
68,68,3,,US,0,1,1,1,0,0,0,0,1,0,0,1,1,0,1,0,0
69,69,3,,US,0,1,0,1,1,1,0,0,0,0,0,1,1,0,1,0,1
70,70,3,,US,0,1,0,1,1,0,0,0,0,0,0,1,1,0,1,0,0
71,71,3,,US,0,1,0,0,0,1,1,1,0,1,1,1,1,0,1,0,1
72,72,3,,US,0,1,1,1,0,0,0,0,1,0,0,1,1,0,1,0,0
73,73,3,,US,1,1,0,1,1,1,0,0,1,0,0,1,1,1,1,1,2
74,74,3,,US,0,1,1,1,1,0,0,0,0,0,0,1,1,1,1,1,0
75,75,3,,US,0,1,1,1,0,0,1,1,0,0,0,1,1,0,1,0,0
76,76,3,,PE,0,1,0,1,1,0,1,0,0,0,0,1,1,0,1,0,0
77,77,3,,PE,0,1,0,1,0,1,1,0,0,0,0,1,1,1,2,2,2
78,78,3,,A,0,1,1,1,0,1,0,0,0,0,0,1,1,0,1,0,2
79,79,3,,A,0,1,0,1,1,1,0,0,0,0,0,0,0,0,1,0,1
80,80,3,,SC,0,1,0,1,1,0,0,0,0,0,0,1,1,0,1,0,0
81,81,3,,SC,0,1,0,1,0,1,1,0,0,0,0,1,1,0,1,0,3
82,82,3,,SC,0,1,1,1,1,1,1,0,0,0,0,1,1,0,1,0,2
83,83,3,,SC,1,1,0,0,1,1,1,0,0,1,1,1,1,0,1,0,1
84,84,3,,O,0,1,0,1,0,0,1,0,0,0,0,1,1,0,1,0,0
85,85,3,,O,0,1,0,0,0,0,0,1,1,1,1,1,1,0,1,0,0
86,86,3,,O,0,1,0,1,0,0,1,0,0,0,0,1,1,0,1,0,0
87,87,3,,O,0,1,0,1,0,0,1,0,0,0,0,1,1,0,1,0,0
88,88,3,,O,0,1,0,1,0,0,1,0,1,0,0,1,1,0,1,0,0
89,89,3,,O,0,1,0,1,0,0,0,0,0,0,0,1,1,0,1,0,0
90,90,3,,O,0,1,0,1,0,0,0,0,0,0,0,1,1,0,1,0,0
91,91,3,,SE,0,1,0,1,1,0,1,0,0,0,0,1,1,1,1,1,0
92,92,3,,SE,0,1,0,1,1,0,1,0,1,0,0,1,1,0,1,0,0
93,93,3,,SE,0,1,0,1,1,0,1,0,0,0,0,1,1,1,1,1,0
94,94,3,,SE,0,1,0,1,1,0,1,0,0,0,0,1,1,0,1,0,0
95,95,3,,SE,0,1,0,1,1,0,1,0,0,0,0,1,1,1,1,1,0
96,96,3,,SE,0,1,0,1,1,0,1,0,0,0,0,1,1,0,1,0,0
97,97,3,,SE,1,1,0,1,1,0,1,1,0,1,1,1,1,0,1,0,0
98,98,3,,SE,1,1,0,1,1,0,1,0,0,0,0,1,1,0,1,0,0
99,99,3,,SE,0,1,1,1,0,0,1,0,0,1,1,1,1,1,1,1,0
100,100,3,,SE,0,1,0,1,1,0,1,0,0,0,0,0,1,0,1,0,0
101,101,3,,F,1,0,0,0,0,1,0,1,0,1,1,1,1,0,1,0,1
102,102,3,,F,1,0,0,1,1,0,0,0,0,0,0,1,1,0,1,0,0
103,103,3,,F,1,0,0,1,1,0,1,0,0,0,0,1,1,0,1,0,0
104,104,3,,F,1,0,1,1,0,0,0,0,0,0,0,1,1,0,1,0,0
105,105,3,,F,1,0,0,1,1,0,1,0,0,0,0,1,1,0,1,0,0
106,106,3,,F,1,0,0,0,0,0,0,0,0,1,1,1,1,0,2,0,0
107,107,3,,F,1,0,0,0,0,0,0,0,0,1,1,1,1,0,2,0,0
108,108,3,,F,1,0,0,1,1,0,1,0,0,0,0,1,1,0,1,0,0
109,109,3,,F,1,0,0,1,1,0,1,0,0,0,0,1,1,0,1,0,0
110,110,3,,F,1,0,0,1,1,0,1,1,0,0,0,1,1,0,1,0,0
111,111,3,,F,1,0,0,1,1,0,1,0,0,0,0,1,1,0,1,0,0
112,112,3,,F,0,0,0,1,0,0,1,0,0,0,0,0,0,0,1,0,0
113,113,3,,F,0,0,0,1,1,0,1,0,1,0,0,0,0,0,1,0,0
114,114,3,,F,0,0,0,1,1,0,1,0,0,0,0,0,0,0,1,0,0
115,115,3,,F,1,0,0,1,1,0,1,0,1,0,0,1,1,0,1,0,0
116,116,3,,F,0,0,0,1,0,0,1,0,1,1,1,1,1,0,2,0,0
117,117,3,,F,1,0,0,1,1,0,0,1,0,1,1,1,1,0,1,0,0
118,118,3,,F,1,0,0,1,1,0,1,0,1,0,0,1,1,0,1,0,0
119,119,3,,F,1,0,0,1,1,0,1,1,0,1,0,1,1,0,1,1,0
120,120,3,,F,1,0,0,1,0,0,1,0,0,1,1,1,1,0,1,1,0
121,121,3,,F,1,0,0,1,1,0,1,0,0,0,0,1,1,0,1,0,0
122,122,3,,F,0,0,0,1,1,0,1,0,0,1,0,1,1,0,1,1,0
123,123,3,,F,1,0,0,1,1,0,1,0,0,0,0,1,1,0,1,0,0
124,124,3,,F,0,0,0,1,0,0,1,0,0,0,0,1,1,0,1,0,0
125,125,3,,F,1,0,0,1,1,0,1,0,0,0,0,1,1,0,1,0,0
126,126,3,,F,1,0,0,1,1,0,1,0,1,0,0,1,1,0,1,0,0
127,127,3,,F,1,0,0,1,1,1,1,1,1,0,0,1,1,0,1,0,1
128,128,3,,F,1,0,0,1,1,0,1,1,1,0,0,1,1,1,1,1,0
129,129,3,,F,1,0,0,1,1,0,1,0,1,0,0,1,1,0,1,0,0
130,130,3,,F,1,0,0,1,1,0,0,1,0,0,0,1,1,0,1,0,0
131,131,3,,F,1,0,0,1,1,0,1,1,0,0,0,1,1,0,2,0,0
132,132,3,,F,1,0,0,1,1,0,1,1,1,1,0,1,1,1,2,0,0
133,133,3,,F,1,0,0,1,1,0,1,1,0,1,0,1,1,0,2,1,0
134,134,3,,F,1,0,0,1,1,0,1,1,0,1,1,1,1,0,2,1,0
135,135,3,,F,1,0,0,1,1,0,1,0,0,0,0,1,1,0,1,0,0
136,136,3,,F,1,0,0,1,1,0,1,0,1,0,0,1,1,0,1,1,0
137,137,3,,F,1,0,0,1,1,0,1,0,0,0,0,1,1,0,1,0,0
138,138,3,,F,1,0,0,1,1,0,1,0,0,0,0,1,1,0,3,1,0
139,139,3,,F,1,0,0,1,1,0,1,0,0,0,0,1,1,1,1,1,0
140,140,3,,F,1,0,0,1,1,0,1,0,0,0,0,1,1,1,1,1,0
141,141,3,,F,1,0,0,1,1,0,1,0,0,0,0,1,1,1,1,1,0
142,142,3,,F,1,0,0,1,1,0,1,0,0,0,0,1,1,1,1,1,0
143,143,3,,F,1,0,0,1,1,0,1,1,1,0,0,1,1,0,2,0,0
144,144,3,,F,1,0,0,1,1,0,1,1,1,0,0,1,1,0,1,0,0
145,145,3,,F,1,0,0,1,1,0,1,1,1,0,0,1,1,0,1,0,0
146,146,3,,F,1,0,0,1,1,0,1,1,1,0,0,1,1,0,1,0,0
147,147,3,,F,1,0,0,1,1,0,1,1,1,0,0,1,1,0,1,0,0
148,148,4,,LF,0,1,0,1,0,0,1,0,0,0,0,1,1,1,1,2,0
149,149,4,,LF,0,1,0,1,0,0,1,1,0,0,0,1,1,0,1,0,0
150,150,4,,US,0,1,0,0,0,0,1,1,0,1,1,1,1,0,1,0,0
151,151,4,,US,0,1,0,1,1,1,0,0,1,0,0,1,1,1,1,1,2
152,152,4,,US,0,1,0,1,1,1,1,0,0,0,0,1,1,1,1,1,1
153,153,4,,US,0,1,0,1,1,1,1,0,0,0,0,1,1,1,1,1,1
154,154,4,,PE,0,1,0,1,0,1,1,0,0,0,0,1,1,0,1,1,2
155,155,4,,PE,0,1,0,1,1,1,1,0,0,0,0,1,1,0,1,0,1
156,156,4,,O,0,1,1,1,0,1,1,0,0,0,0,1,1,0,1,0,9
157,157,4,,O,0,1,0,1,1,0,0,0,0,1,1,1,1,0,2,0,0
158,158,4,,O,0,1,0,1,1,0,1,0,0,1,1,1,1,0,2,0,0
159,159,4,,O,0,1,0,1,1,0,1,0,0,1,1,1,1,0,2,0,0
160,160,4,,O,0,1,0,1,1,0,0,0,0,1,1,1,1,0,3,0,0
161,161,4,,O,0,1,0,1,1,0,0,0,1,1,1,1,1,0,3,0,0
162,162,4,,SE,0,1,0,1,1,0,1,0,0,1,1,1,1,1,1,0,0
163,163,4,,SE,1,1,0,1,1,0,1,0,0,0,0,1,1,0,1,1,0
164,164,4,,SE,0,1,0,1,0,0,1,0,0,1,1,1,1,1,1,1,0
165,165,4,,SE,0,1,0,1,0,0,1,0,0,0,0,1,1,1,1,1,0
166,166,4,,SE,1,0,0,1,1,0,1,0,0,1,1,1,1,0,2,0,0
167,167,4,,SE,1,0,0,0,0,0,1,0,0,1,1,1,1,0,1,0,0
168,168,4,,SE,0,1,0,1,1,0,0,0,1,1,1,0,0,1,1,1,0
169,169,4,,SE,0,1,0,1,1,0,1,0,0,0,0,0,0,1,1,1,0
170,170,4,,SE,1,1,0,1,1,0,1,0,0,0,0,1,1,0,2,1,0
171,171,4,,SE,0,0,0,1,1,0,0,0,0,1,1,1,1,0,1,0,0
172,172,4,,L,0,1,0,1,0,0,1,0,0,0,0,1,1,0,1,0,0
173,173,4,,L,0,1,0,1,0,0,0,0,0,0,0,1,1,0,1,0,0
174,174,4,,L,0,1,0,1,1,0,1,0,0,0,0,1,1,0,1,0,0
175,175,4,,L,0,1,0,1,0,0,0,0,0,0,0,1,1,0,1,0,0
176,176,4,,L,1,1,0,1,1,0,1,0,0,0,0,1,1,1,1,1,0
177,177,4,,L,1,1,0,1,1,0,1,0,0,1,1,1,1,0,1,0,0
178,178,4,,F,0,1,1,1,0,0,1,0,0,0,0,1,1,0,1,0,0
179,179,4,,F,0,1,0,1,1,0,0,0,0,0,0,1,1,0,1,1,0
180,180,4,,F,0,1,0,1,1,0,1,0,0,0,0,1,1,0,1,0,0
181,181,4,,F,0,1,0,1,1,0,1,0,0,0,0,1,1,0,1,0,0
182,182,4,,F,0,1,0,1,1,0,1,0,0,0,0,1,1,0,1,0,0
183,183,4,,F,1,1,0,1,1,0,1,0,0,0,0,1,1,0,1,0,0
184,184,4,,F,1,0,0,1,1,0,1,1,0,0,0,1,1,0,1,0,0
185,185,4,,F,1,0,0,1,1,0,1,1,0,0,0,1,1,0,1,0,0
186,186,4,,F,1,0,0,1,1,0,1,1,0,1,1,1,1,0,2,0,0
187,187,4,,F,1,0,1,1,1,1,1,0,1,1,1,1,1,0,2,0,5
188,188,4,,F,1,0,0,1,1,0,1,0,0,1,1,1,1,0,1,0,0
189,189,4,,F,1,0,2,1,1,0,1,1,0,0,0,1,1,0,1,0,0
190,190,4,,F,1,0,1,1,1,0,1,0,0,1,1,1,1,1,3,1,0
191,191,4,,F,1,0,1,1,1,0,1,1,0,0,0,1,1,0,2,0,0
192,192,4,,F,1,1,0,1,1,1,0,0,0,0,0,1,1,0,1,0,1
193,193,4,,F,1,1,0,1,1,0,1,1,0,1,1,1,1,1,2,1,0
194,194,4,,F,1,0,0,1,1,0,1,1,0,0,0,0,0,0,1,0,0
195,195,4,,F,1,0,0,1,1,0,1,1,0,0,0,1,1,1,3,1,4
196,196,4,,F,1,1,2,1,1,0,1,0,0,1,1,1,1,0,4,0,0
197,197,4,,F,1,0,0,1,1,0,0,1,0,0,0,1,1,0,1,0,0
198,198,4,,F,1,0,0,1,1,0,1,1,0,1,1,1,1,0,2,0,0
199,199,4,,F,1,0,0,1,1,0,1,1,0,1,1,1,1,0,2,0,0
200,200,4,,F,1,0,0,1,1,0,1,0,1,1,1,1,1,0,2,0,0
201,201,4,,F,1,1,0,0,0,0,0,1,0,1,1,1,1,0,1,0,0
202,202,4,,F,1,0,0,0,0,1,1,0,0,1,1,1,1,0,1,0,1
203,203,5,,O,0,1,0,1,1,1,0,0,0,0,0,0,0,0,1,0,2
204,204,5,,O,0,1,0,1,1,1,0,0,0,0,0,0,0,0,1,0,2
205,205,5,,O,0,1,0,1,1,0,1,0,0,0,0,1,1,0,1,0,0
206,206,5,,O,0,1,0,1,0,0,1,0,0,0,0,1,1,0,1,0,0
207,207,5,,O,0,1,0,1,0,0,1,0,0,0,0,1,1,0,1,1,0
208,208,5,,LF,0,1,0,1,0,0,1,0,0,0,0,1,1,0,1,0,0
209,209,5,,LF,0,1,0,1,0,0,1,0,0,0,0,1,1,0,1,0,0
210,210,5,,LF,0,1,0,1,0,0,0,0,0,0,0,1,1,0,1,0,0
211,211,5,,US,0,1,1,1,0,1,0,0,0,0,0,1,1,0,2,0,1
212,212,5,,US,0,1,0,1,1,1,0,0,0,0,0,1,1,0,2,0,2
213,213,5,,US,0,1,2,1,1,1,0,0,0,0,0,1,1,0,2,0,1
214,214,5,,US,0,1,1,1,0,1,1,0,1,1,1,1,1,0,2,1,1
215,215,5,,US,0,1,0,1,1,1,0,0,0,1,1,1,1,1,2,1,1
216,216,5,,PE,0,1,0,1,0,1,1,0,0,1,1,1,1,1,2,1,2
217,217,5,,PE,0,1,0,1,0,1,1,0,0,1,1,1,1,1,1,1,2
218,218,5,,PE,1,1,0,0,0,1,1,0,0,1,1,1,1,0,2,0,2
219,219,5,,PE,1,1,0,1,0,1,1,0,0,1,1,1,1,0,2,0,2
220,220,5,,A,0,1,0,1,0,1,1,0,0,1,1,1,1,1,1,2,1
221,221,5,,A,0,1,0,1,1,1,1,0,0,0,0,1,1,0,2,1,2
222,222,5,,SC,0,1,0,1,1,1,1,0,0,0,0,1,1,0,2,1,2
223,223,5,,SC,0,1,0,1,0,0,1,0,0,0,0,1,1,0,1,0,2
224,224,5,,SC,0,1,0,1,1,1,1,0,0,0,0,1,1,0,1,0,3
225,225,5,,O,0,1,0,1,0,0,1,0,0,1,0,1,1,0,1,0,0
226,226,5,,O,0,1,0,1,0,1,0,0,0,0,0,1,1,1,1,2,2
227,227,5,,O,0,1,0,1,0,0,1,0,0,0,0,1,1,0,1,0,0
228,228,5,,O,0,1,0,0,1,0,1,0,0,1,1,0,0,0,1,0,0
229,229,5,,O,0,1,0,0,0,0,1,0,0,1,1,1,1,0,1,0,0
230,230,5,,SE,1,1,0,1,1,0,1,0,0,0,0,1,1,0,2,1,0
231,231,5,,SE,1,1,0,1,1,0,1,0,0,0,0,1,1,0,1,1,0
232,232,5,,SE,1,1,0,1,1,0,1,0,0,0,0,1,1,1,2,2,0
233,233,5,,SE,0,1,0,0,0,0,1,0,0,1,1,1,1,0,2,1,0
234,234,5,,SE,0,1,0,1,1,1,0,0,0,0,0,0,0,0,1,1,1
235,235,5,,SE,0,1,0,1,0,0,0,0,0,0,0,1,1,0,1,0,0
236,236,5,,SE,0,1,0,1,1,0,1,0,0,0,0,1,1,0,1,0,0
237,237,5,,L,0,1,0,1,0,0,0,0,0,0,0,1,1,0,1,0,0
238,238,5,,L,0,1,0,1,0,0,1,1,0,0,0,1,1,0,1,0,0
239,239,5,,L,0,1,0,1,0,0,0,0,0,0,0,1,1,0,1,0,0
240,240,5,,F,1,0,0,1,1,0,1,1,0,0,0,1,1,0,1,0,0
241,241,5,,F,0,0,0,1,1,0,0,0,0,0,0,0,0,0,1,0,0
242,242,5,,F,0,0,0,1,1,0,0,0,0,0,0,0,0,0,1,0,0
243,243,5,,F,1,0,1,1,1,0,0,0,0,0,0,1,1,0,1,0,0
244,244,5,,F,0,0,0,1,0,1,0,0,0,0,0,0,0,1,1,0,2
245,245,5,,F,1,0,0,1,1,0,1,0,0,0,0,1,1,0,1,0,0
246,246,5,,F,1,0,0,1,1,0,1,0,0,0,0,1,1,0,1,0,0
247,247,5,,F,1,0,0,1,1,0,1,0,0,0,0,1,1,0,1,0,0
248,248,5,,F,1,0,0,0,0,0,1,0,0,1,1,1,1,0,1,0,0
249,249,5,,F,1,0,0,1,1,0,1,0,0,1,1,1,1,0,1,0,0
250,250,5,,F,1,0,0,1,1,0,1,1,0,0,0,1,1,0,1,0,0
251,251,5,,F,1,0,0,1,1,0,1,1,0,0,0,1,1,0,1,0,0
252,252,5,,F,1,0,0,1,0,0,1,0,0,0,0,1,1,0,1,0,0
253,253,5,,F,1,0,0,1,0,1,1,0,0,1,1,1,1,0,1,0,1
254,254,5,,F,1,0,0,1,1,0,1,1,0,0,0,1,1,0,1,0,0
255,255,5,,F,1,0,0,0,0,0,1,0,0,1,1,1,1,0,1,0,0
256,256,5,,F,1,0,0,1,1,0,1,0,0,0,0,1,1,0,1,0,0
257,257,5,,F,1,0,0,1,1,0,1,0,0,1,1,1,1,0,1,1,0
258,258,5,,F,1,0,0,1,1,0,0,0,0,0,0,0,0,0,1,0,0
259,259,5,,F,1,0,0,1,1,0,1,0,0,0,0,1,1,0,1,0,0
260,260,5,,F,1,0,0,0,0,0,1,1,0,1,1,0,1,0,1,0,0
261,261,5,,F,1,0,0,1,1,0,1,1,0,0,0,1,1,0,1,0,0
262,262,5,,F,1,0,0,1,1,0,1,1,0,0,0,1,1,0,1,0,0
263,263,5,,F,1,0,0,1,1,0,1,0,0,0,0,1,1,0,1,0,0
264,264,5,,F,1,0,0,1,1,0,1,1,0,0,0,1,1,0,1,0,0
265,265,5,,F,1,0,0,1,1,0,1,0,0,0,0,1,1,0,1,0,0
266,266,5,,F,1,0,0,0,0,0,0,0,0,1,1,1,1,0,1,0,0
267,267,5,,F,1,0,1,1,0,0,1,0,0,0,0,1,1,0,1,0,0
268,268,5,,F,1,0,0,1,1,0,1,0,0,0,0,0,0,0,1,0,0
269,269,5,,F,1,0,0,0,0,0,1,0,0,1,1,1,1,0,1,0,0
270,270,5,,F,1,0,0,1,1,0,1,1,0,0,0,1,1,1,1,2,0
271,271,5,,F,1,0,0,1,1,0,1,1,0,0,0,1,1,0,1,0,0
272,272,5,,F,1,0,0,1,0,0,0,0,0,0,0,1,1,0,1,0,2
273,273,5,,F,0,0,0,1,1,0,1,0,0,0,0,1,1,0,1,0,0
274,274,5,,F,1,0,0,1,1,0,1,0,0,0,0,0,0,0,1,0,0
275,275,5,,F,1,0,0,0,0,0,1,0,0,1,1,0,1,0,1,0,0
276,276,6,,O,0,1,0,1,0,0,1,0,0,1,1,1,1,0,1,0,0
277,277,6,,O,0,1,0,1,0,0,0,0,0,1,1,1,1,1,2,2,0
278,278,6,,O,0,1,0,1,1,0,1,1,0,1,1,1,1,0,2,0,0
279,279,6,,O,0,1,0,1,1,0,1,0,1,0,0,1,1,0,1,0,0
280,280,6,,O,0,1,0,1,0,0,1,0,0,1,0,1,1,0,1,0,0
281,281,6,,LF,0,1,0,1,1,0,1,0,0,0,0,1,1,0,1,0,0
282,282,6,,LF,0,1,0,1,1,0,1,0,0,0,0,0,0,0,1,0,0
283,283,6,,US,0,1,0,1,1,1,1,1,0,0,0,1,1,1,1,1,2
284,284,6,,US,0,1,1,1,1,1,0,0,0,0,0,1,1,1,2,1,2
285,285,6,,US,0,1,0,1,1,1,0,1,0,0,0,1,1,1,1,1,1
286,286,6,,US,1,1,0,1,1,0,1,0,0,0,0,1,1,0,1,0,1
287,287,6,,US,0,1,0,1,0,0,0,0,1,0,0,1,1,0,1,0,0
288,288,6,,US,0,1,0,1,1,1,1,0,1,0,0,1,1,1,2,3,1
289,289,6,,US,0,1,0,1,1,0,1,0,0,0,0,1,1,0,1,0,0
290,290,6,,US,1,1,0,1,0,0,1,0,0,0,0,1,1,0,1,0,0
291,291,6,,US,0,1,0,1,0,0,0,0,0,0,0,1,1,0,1,0,0
292,292,6,,PE,0,1,0,1,1,1,0,0,0,0,0,1,1,1,3,1,4
293,293,6,,A,0,1,0,1,1,1,0,0,0,0,0,1,1,1,1,1,2
294,294,6,,FT,1,1,0,1,1,0,0,1,0,0,0,1,1,0,1,0,0
295,295,6,,SC,0,1,1,1,1,1,1,0,0,0,0,1,1,0,3,0,5
296,296,6,,SC,0,1,0,1,1,1,0,0,0,0,0,1,1,0,2,0,6
297,297,6,,SC,0,1,0,0,0,1,0,0,0,1,1,1,1,1,1,0,1
298,298,6,,O,0,1,0,0,0,0,0,0,0,1,1,1,1,0,1,0,0
299,299,6,,O,0,1,0,1,1,1,0,1,0,0,0,1,1,1,3,1,2
300,300,6,,O,0,1,0,1,0,1,1,0,0,0,0,1,1,1,2,1,1
301,301,6,,O,0,1,0,1,1,0,1,0,0,0,0,1,1,0,2,0,0
302,302,6,,O,0,1,1,1,0,0,1,0,0,0,0,1,1,0,1,0,0
303,303,6,,O,0,1,1,1,0,0,1,0,0,0,0,1,1,0,1,0,0
304,304,6,,O,0,1,1,1,0,1,0,0,1,0,0,1,1,0,1,0,4
305,305,6,,US,0,1,0,1,0,1,1,0,0,1,0,1,1,0,1,0,3
306,306,6,,MN,0,1,0,1,1,1,1,0,0,1,1,1,1,0,1,0,2
307,307,6,,MN,0,1,1,1,1,1,1,0,0,0,0,1,1,1,1,1,1
308,308,6,,MN,0,1,0,1,0,1,0,0,0,1,1,1,1,1,2,2,2
309,309,6,,US,0,1,0,1,1,1,1,0,0,0,0,1,1,0,2,0,2
310,310,6,,MN,0,1,1,1,1,0,1,0,0,0,0,1,1,1,2,1,0
311,311,6,,US,0,1,0,1,1,1,1,0,1,1,1,1,1,0,2,0,1
312,312,6,,O,0,1,0,1,0,0,1,0,1,1,1,1,1,0,1,0,0
313,313,6,,O,0,1,0,1,0,1,0,0,0,1,0,1,1,0,1,0,1
314,314,6,,SE,0,1,0,1,1,1,1,0,0,0,0,1,1,1,3,1,1
315,315,6,,SE,1,1,0,1,1,1,1,0,0,0,0,1,1,0,1,1,1
316,316,6,,SE,0,1,0,1,1,0,1,1,0,1,0,1,1,0,2,0,0
317,317,6,,SE,0,1,1,1,1,1,1,0,1,1,1,1,1,0,2,0,1
318,318,6,,FT,0,1,1,1,1,1,1,0,1,0,0,1,1,1,2,1,1
319,319,6,,SE,0,1,0,1,1,1,1,1,0,0,0,1,1,0,2,0,1
320,320,6,,SC,0,1,1,1,1,1,0,0,0,0,0,1,1,0,2,0,1
321,321,6,,US,1,1,1,1,1,1,0,1,0,0,0,1,1,0,2,0,1
322,322,6,,O,0,1,0,0,0,0,0,0,1,1,1,1,1,0,1,0,0
323,323,6,,F,1,0,0,1,1,0,0,0,0,0,0,0,0,0,1,0,0
324,324,6,,F,1,0,0,1,1,0,0,0,0,0,0,1,1,0,1,0,0
325,325,6,,F,1,0,0,1,1,0,0,1,0,0,0,0,1,0,1,0,0
326,326,6,,F,1,0,0,1,1,0,0,0,0,0,0,1,1,0,1,0,0
327,327,6,,F,1,0,0,1,1,0,0,0,0,0,0,0,0,0,1,0,0
328,328,6,,F,1,0,0,1,1,0,1,0,0,0,0,0,0,0,1,0,0
329,329,6,,F,1,0,0,1,1,0,1,0,0,0,0,0,0,0,1,0,0
330,330,6,,F,1,0,0,1,1,0,0,0,0,0,0,0,0,0,1,0,0
331,331,6,,F,1,0,0,1,1,0,1,0,0,0,0,0,0,0,1,0,0
332,332,6,,F,1,0,0,1,1,0,1,0,0,0,0,0,0,0,1,0,0
333,333,6,,F,1,0,0,1,1,0,0,0,0,0,0,0,0,0,1,0,0
334,334,6,,F,1,0,0,1,1,0,1,0,0,0,0,1,1,0,1,0,0
335,335,6,,F,1,0,0,0,1,0,0,0,0,1,1,1,1,0,1,0,0
336,336,6,,F,1,0,0,1,1,0,0,1,0,0,0,1,1,0,1,0,0
337,337,6,,F,1,0,0,1,1,0,0,1,0,0,0,1,1,0,1,0,0
338,338,6,,F,1,0,0,1,1,0,1,0,0,0,0,0,0,0,1,0,0
339,339,6,,F,1,0,0,1,1,0,0,0,0,0,0,0,1,0,1,0,0
340,340,6,,F,1,0,0,1,1,0,0,0,0,0,0,1,1,0,1,0,0
341,341,6,,F,1,0,0,1,1,0,0,0,0,0,0,1,1,0,1,0,0
342,342,6,,F,1,0,0,1,1,0,1,0,0,0,0,0,0,0,1,0,0
343,343,6,,F,1,0,0,1,1,0,0,0,0,1,1,0,0,0,1,0,0
344,344,6,,F,1,0,0,1,1,0,0,0,0,0,0,1,1,0,1,0,0
345,345,6,,F,1,0,0,1,1,0,1,0,0,0,0,1,1,0,1,0,0
346,346,6,,F,1,0,0,1,1,0,1,0,1,0,0,1,1,0,1,0,0
347,347,6,,F,1,1,0,1,1,0,1,0,0,0,0,0,0,0,1,0,0
348,348,6,,F,0,1,0,1,1,0,1,0,0,0,0,0,0,0,1,0,0
349,349,6,,F,1,0,0,1,1,0,1,0,0,0,0,1,1,0,1,0,0
350,350,7,,PE,1,1,0,1,1,1,1,0,1,0,0,1,1,0,1,0,2
351,351,7,,PE,0,1,0,1,0,1,1,0,0,0,0,1,1,0,1,0,1
352,352,7,,O,0,1,0,1,1,0,1,0,0,0,0,0,0,1,1,1,0
353,353,7,,O,1,1,0,1,1,0,0,0,0,0,0,1,1,1,1,1,0
354,354,7,,SE,0,1,0,1,1,0,1,0,0,0,0,1,1,0,2,0,0
355,355,7,,SE,0,1,1,1,1,0,1,0,0,0,0,1,1,1,2,2,0
356,356,7,,L,0,1,0,1,1,0,1,1,0,0,0,1,1,1,2,1,0
357,357,7,,O,0,1,0,1,1,0,1,1,0,0,0,1,1,0,1,1,0
358,358,7,,F,1,0,0,1,1,0,0,0,0,0,0,1,1,0,1,0,0
359,359,7,,F,1,0,0,1,0,0,1,0,0,0,0,1,1,0,1,0,0
360,360,7,,F,1,0,0,1,1,0,1,0,0,0,0,1,1,1,1,1,0
361,361,7,,F,1,0,0,1,1,0,0,0,0,0,0,0,0,0,1,0,0
362,362,7,,F,1,0,0,1,1,0,0,0,1,0,0,1,0,0,1,0,0
363,363,7,,F,1,0,0,1,1,0,1,0,0,0,0,0,0,0,1,0,0
364,364,7,,F,1,0,0,0,0,0,1,0,1,1,1,0,1,1,1,1,0
365,365,7,,F,1,0,0,0,0,0,1,0,1,1,1,0,1,0,1,0,0
366,366,7,,F,1,0,0,1,1,0,0,1,0,0,0,0,1,0,1,0,0
367,367,7,,F,1,0,0,1,1,0,0,1,0,0,0,1,1,0,1,0,0
368,368,7,,F,0,1,0,1,1,0,1,0,0,0,0,1,1,0,1,0,0
369,369,7,,F,1,0,0,1,0,1,1,0,0,0,0,1,1,0,1,0,1
370,370,7,,F,0,1,0,1,1,0,0,0,0,0,0,0,0,0,1,0,0
371,371,7,,F,1,0,0,1,1,0,1,1,0,0,0,1,1,0,1,0,0
372,372,7,,F,1,0,1,1,1,0,1,0,0,0,0,0,0,1,1,1,0
373,373,8,,PE,1,1,0,1,1,1,1,0,0,0,0,1,1,1,1,0,1
374,374,8,,PE,1,1,0,1,1,1,1,0,0,0,0,1,1,0,1,0,1
375,375,8,,PE,1,1,0,1,1,1,0,0,0,0,0,1,1,0,1,1,1
376,376,8,,PE,1,1,0,1,0,1,1,0,1,0,0,1,1,0,1,0,1
377,377,8,,PE,1,1,0,1,0,1,1,0,0,0,0,1,1,0,1,0,1
378,378,8,,PE,1,1,0,1,1,1,0,0,0,0,0,1,1,1,4,2,1
379,379,8,,PE,1,1,0,1,1,1,1,0,0,0,0,1,1,1,2,2,1
380,380,8,,PE,1,1,1,1,1,1,1,0,0,1,1,1,1,1,3,1,1
381,381,8,,PE,1,1,0,1,1,1,0,0,0,0,0,1,1,0,1,0,1
382,382,8,,PE,0,1,0,1,0,1,0,0,0,0,0,1,1,0,1,0,1
383,383,8,,PE,1,1,0,1,1,1,1,0,0,0,0,1,1,0,1,0,1
384,384,8,,LF,0,1,3,1,0,0,0,0,0,0,0,1,1,0,3,0,0
385,385,8,,LF,0,1,0,1,1,0,1,0,1,0,0,1,1,0,3,1,0
386,386,8,,LF,0,1,1,1,0,0,1,0,0,0,0,0,0,0,1,0,0
387,387,8,,US,0,1,0,1,0,1,1,0,0,1,0,1,1,0,1,0,1
388,388,8,,US,0,1,0,1,1,1,0,0,0,0,0,1,1,1,1,1,1
389,389,8,,US,1,1,0,1,1,1,1,0,0,0,0,1,1,0,1,0,1
390,390,8,,US,0,1,0,1,1,1,1,0,0,0,0,1,1,0,1,0,2
391,391,8,,US,0,1,1,1,1,1,1,0,0,0,0,1,1,0,1,0,1
392,392,8,,US,1,1,0,1,1,0,0,0,0,0,0,0,0,0,1,0,0
393,393,8,,US,1,1,1,1,1,1,1,0,0,0,0,1,1,1,2,0,1
394,394,8,,US,0,1,1,1,1,0,1,0,0,0,0,1,1,1,1,1,0
395,395,8,,US,0,1,0,1,1,0,1,0,0,0,0,1,1,1,1,0,0
396,396,8,,PE,0,1,0,1,1,1,1,0,0,0,0,1,1,1,1,0,1
397,397,8,,PE,0,1,0,0,1,1,1,0,1,0,0,1,1,1,1,0,1
398,398,8,,PE,0,1,0,1,1,1,1,0,0,0,0,1,1,1,1,1,1
399,399,8,,PE,0,1,0,0,1,0,0,1,0,0,0,1,1,1,1,1,0
400,400,8,,SE,0,1,0,0,0,0,1,0,0,1,1,1,1,1,2,1,0
401,401,8,,A,0,1,1,1,1,1,0,0,0,0,0,1,1,0,1,0,2
402,402,8,,A,0,1,0,1,1,1,0,0,0,0,0,0,0,0,1,0,2
403,403,8,,A,1,1,0,0,0,0,0,0,0,1,1,1,1,0,1,0,0
404,404,8,,FT,0,1,0,1,0,0,0,0,0,0,0,0,0,1,1,0,0
405,405,8,,FT,0,1,0,1,0,0,0,0,0,0,0,0,0,1,1,0,0
406,406,8,,SC,0,1,0,1,1,1,1,0,0,0,0,0,0,0,1,0,1
407,407,8,,SC,0,1,0,1,1,1,1,0,0,1,1,0,0,0,2,0,1
408,408,8,,SC,0,1,0,1,1,1,1,0,0,0,0,1,1,0,1,0,2
409,409,8,,SC,0,1,1,1,1,1,0,0,0,0,0,1,0,0,1,0,2
410,410,8,,MN,0,1,0,0,0,1,1,0,0,1,1,1,1,0,1,0,1
411,411,8,,O,0,1,0,0,0,0,0,0,0,1,1,1,1,0,1,0,0
412,412,8,,O,0,1,0,0,1,0,1,1,0,1,1,0,0,0,1,0,0
413,413,8,,O,0,1,0,1,0,1,1,0,0,0,0,1,1,0,1,0,8
414,414,8,,O,0,1,0,1,1,0,0,0,0,0,0,1,1,0,1,0,0
415,415,8,,O,0,1,1,1,0,0,0,0,0,0,0,1,1,1,1,1,0
416,416,8,,O,0,1,0,0,0,1,0,0,0,1,1,1,1,0,1,0,2
417,417,8,,O,0,1,0,1,0,0,0,0,0,1,1,1,1,0,1,0,2
418,418,8,,MN,0,1,0,1,1,0,1,0,0,0,0,1,1,0,1,0,0
419,419,8,,PE,1,1,0,1,1,1,1,0,0,0,0,1,1,0,1,0,1
420,420,8,,PE,1,1,0,1,1,1,1,0,0,0,0,1,1,0,1,0,1
421,421,8,,A,0,1,0,1,1,1,1,0,0,0,0,1,1,0,1,0,2
422,422,8,,US,1,0,0,1,1,0,1,0,0,0,0,1,1,0,1,0,0
423,423,8,,A,0,1,1,1,1,1,1,0,0,0,0,1,1,0,1,0,2
424,424,8,,O,0,1,0,1,0,1,1,0,0,1,0,1,1,0,1,0,1
425,425,8,,SE,0,1,0,1,1,0,1,0,0,0,0,0,0,1,1,1,0
426,426,8,,SE,0,1,0,1,1,1,0,0,0,0,0,1,1,1,1,1,1
427,427,8,,SE,0,1,0,1,1,0,1,0,0,0,0,1,1,1,1,1,0
428,428,8,,SE,0,1,0,1,1,0,1,0,0,0,0,0,0,1,1,1,0
429,429,8,,SE,0,1,0,1,1,0,1,0,0,0,0,0,0,1,1,1,0
430,430,8,,SE,0,1,0,1,1,0,1,0,0,1,1,1,0,1,1,0,0
431,431,8,,SE,0,1,0,1,1,0,1,0,0,0,0,1,1,0,1,0,0
432,432,8,,SE,0,1,0,0,1,0,1,1,0,1,1,1,1,0,1,0,0
433,433,8,,SE,1,1,0,1,0,0,1,0,0,0,0,1,1,0,1,0,0
434,434,8,,SE,1,0,0,1,1,0,0,0,0,0,0,1,1,0,1,0,0
435,435,8,,SE,0,1,0,1,1,0,1,0,0,0,0,1,1,1,1,1,0
436,436,8,,SE,0,1,0,0,1,0,1,0,0,1,1,1,1,1,1,1,0
437,437,8,,SE,0,1,0,0,0,0,0,0,0,1,1,1,1,0,1,0,0
438,438,8,,SE,0,1,0,1,1,0,1,0,0,0,0,1,1,0,1,0,0
439,439,8,,LF,0,1,0,1,0,0,0,0,0,0,0,1,1,0,1,0,0
440,440,8,,LF,0,1,1,1,0,0,1,0,0,0,0,1,1,0,1,1,0
441,441,8,,LF,0,1,0,1,1,0,0,0,0,0,0,1,1,1,1,2,0
442,442,8,,O,0,1,0,1,1,0,0,0,0,0,0,1,1,0,1,0,0
443,443,8,,L,0,1,0,1,1,0,1,1,0,0,0,1,1,0,1,0,0
444,444,8,,L,0,1,0,1,0,0,0,0,0,0,0,1,1,0,1,0,0
445,445,8,,L,0,1,0,1,0,0,0,0,0,0,0,1,1,0,1,0,0
446,446,8,,F,1,0,0,1,0,0,0,0,0,0,0,1,1,0,1,0,0
447,447,8,,F,1,0,0,1,1,0,0,1,0,0,0,0,1,0,1,0,0
448,448,8,,F,1,0,0,1,1,0,0,0,0,0,0,1,0,0,1,0,0
449,449,8,,F,1,0,0,0,1,1,1,0,0,0,0,1,1,0,1,2,1
450,450,8,,F,1,0,0,1,1,0,1,1,0,0,0,1,1,0,1,0,0
451,451,8,,F,1,0,0,1,1,0,1,0,0,0,0,1,1,0,1,0,0
452,452,8,,F,1,0,0,1,1,0,1,0,0,0,0,1,1,0,1,0,0
453,453,8,,F,1,0,0,1,1,0,0,1,0,0,0,0,1,0,1,0,0
454,454,8,,F,1,0,0,1,0,0,1,0,0,0,0,1,1,0,1,0,0
455,455,8,,F,1,0,0,1,1,0,1,0,0,0,0,1,1,0,1,0,3
456,456,8,,F,1,0,0,1,1,1,1,0,0,1,1,1,1,1,1,1,1
457,457,8,,F,1,0,0,1,1,0,0,0,1,0,0,1,1,0,1,0,0
458,458,8,,F,1,0,0,0,0,0,1,0,1,1,1,1,1,0,1,0,0
459,459,8,,F,1,0,0,1,1,0,1,0,0,0,0,0,0,1,1,1,0
460,460,8,,F,1,0,0,1,1,1,0,0,0,1,1,1,1,1,1,1,1
461,461,8,,F,1,0,0,1,1,0,1,1,0,0,0,1,1,0,1,0,0
462,462,8,,F,1,1,0,0,0,0,1,0,0,1,1,1,1,0,1,0,0
463,463,8,,F,1,0,0,1,1,0,1,0,0,1,1,1,1,1,1,1,0
464,464,8,,F,1,1,0,0,0,0,1,0,0,1,1,1,1,0,1,0,0
465,465,8,,F,0,1,0,1,1,0,1,0,0,0,0,1,1,0,1,0,0
466,466,9,,PE,0,1,0,0,0,1,1,0,0,1,1,1,1,1,1,1,6
467,467,9,,PE,0,1,0,1,0,1,1,1,0,0,0,1,1,0,1,0,2
468,468,9,,PE,1,0,0,1,1,1,1,0,0,0,0,1,1,0,1,0,1
469,469,9,,PE,0,1,0,1,0,1,1,1,0,1,1,1,1,0,1,0,1
470,470,9,,O,0,1,0,1,0,0,1,0,0,0,0,1,1,0,1,0,0
471,471,9,,O,0,1,0,1,1,0,1,0,1,0,0,1,1,1,1,0,0
472,472,9,,A,0,1,1,1,0,1,1,0,0,0,0,1,1,0,1,0,1
473,473,9,,MN,0,1,0,0,0,0,1,0,0,1,1,1,1,0,1,0,0
474,474,9,,F,1,0,0,1,1,0,1,0,0,0,0,0,0,0,1,0,0
475,475,9,,F,1,0,0,1,1,0,0,0,0,1,0,1,1,0,1,0,0
476,476,9,,F,1,0,0,1,1,0,1,0,0,1,1,1,1,0,1,0,0
477,477,9,,F,1,0,0,1,1,0,1,1,0,0,0,1,1,0,1,0,0
478,478,9,,F,1,0,0,1,1,0,0,1,0,0,0,0,1,0,1,0,0
479,479,9,,F,1,0,0,1,0,0,1,0,0,0,0,1,1,1,1,1,0
480,480,9,,F,1,0,0,1,0,0,1,0,0,1,1,1,1,1,1,1,0
481,481,9,,F,1,0,0,1,0,0,1,0,0,1,1,1,1,1,1,1,0
482,482,9,,F,1,0,0,1,1,0,1,1,0,0,0,1,1,0,1,0,0
483,483,9,,F,1,0,0,1,1,0,0,1,0,0,0,1,1,0,1,0,0
484,484,9,,F,1,0,0,1,1,0,1,1,0,0,0,1,1,0,1,0,0
485,485,9,,F,1,0,0,1,1,0,0,1,0,1,0,1,1,0,2,0,0
486,486,9,,F,1,0,0,1,1,0,0,1,0,0,0,0,0,0,1,0,0
487,487,9,,F,1,0,0,1,1,0,1,1,0,0,0,0,1,0,1,0,0
488,488,9,,F,1,0,0,1,1,0,0,0,0,0,0,1,1,1,1,1,0
489,489,9,,F,1,0,0,1,1,0,1,1,0,0,0,1,1,0,1,0,0
490,490,10,,LF,0,1,0,1,1,0,0,0,0,0,0,1,1,0,1,0,0
491,491,10,,LF,0,1,0,1,1,0,0,0,0,0,0,1,1,0,1,0,0
492,492,10,,LF,0,1,0,1,1,0,1,0,0,0,0,1,1,0,1,0,0
493,493,10,,LF,1,1,0,1,1,0,1,0,0,0,0,1,1,1,1,0,0
494,494,10,,LF,1,1,0,1,1,0,0,1,0,1,1,1,1,1,1,0,0
495,495,10,,LF,1,1,0,1,1,0,0,1,0,1,1,1,1,1,1,0,0
496,496,10,,LF,1,1,0,1,1,0,1,0,0,1,1,1,1,1,1,0,0
497,497,10,,A,0,1,1,1,0,1,0,0,0,0,0,1,1,0,1,0,2
498,498,10,,PE,0,1,0,1,1,0,1,0,0,0,0,1,1,1,1,1,0
499,499,10,,PE,0,1,0,1,1,1,1,0,0,0,0,1,1,1,2,2,3
500,500,10,,PE,0,1,0,1,1,0,0,0,0,0,0,1,1,0,3,0,0
501,501,10,,US,0,1,1,1,1,1,0,0,0,0,0,1,1,1,2,1,0
502,502,10,,US,1,1,1,1,1,0,1,0,0,0,0,1,1,0,2,0,0
503,503,10,,SE,0,1,0,1,1,0,0,0,0,0,0,1,1,0,2,0,0
504,504,10,,PE,0,1,0,1,1,1,1,0,0,0,0,1,1,1,2,2,3
505,505,10,,F,1,0,0,1,1,0,0,0,0,0,0,1,1,0,1,0,0
506,506,10,,F,1,0,0,1,1,0,0,0,0,0,0,1,1,0,1,0,0
507,507,10,,F,1,0,0,1,0,0,1,0,0,1,1,1,1,1,1,1,0
508,508,10,,F,1,0,0,1,1,0,0,0,0,0,0,1,1,0,1,0,0
509,509,10,,F,1,0,0,1,1,0,1,0,0,0,0,1,1,0,1,0,0
510,510,10,,F,1,0,0,1,1,1,0,0,0,0,0,1,1,0,1,0,1
511,511,10,,F,1,0,0,1,1,0,1,0,0,0,0,1,1,0,1,0,0
512,512,10,,F,1,0,0,1,1,0,1,0,0,1,1,1,1,1,1,1,0
513,513,10,,F,1,0,0,1,1,0,1,0,0,1,1,1,1,1,1,1,0
514,514,10,,F,1,0,0,1,1,0,1,0,0,0,0,1,1,0,1,0,0
515,515,10,,F,1,0,0,1,1,1,1,0,0,1,1,1,1,1,1,1,1
516,516,10,,F,1,0,0,1,1,0,0,0,0,0,0,1,1,1,1,1,0
517,517,10,,F,1,0,0,1,1,0,0,0,0,0,0,1,1,1,1,1,0
518,518,10,,F,1,0,0,1,1,0,0,0,0,0,0,1,1,1,1,1,0
519,519,10,,F,1,0,0,1,1,0,1,0,0,0,0,1,1,0,1,0,0
520,520,10,,F,1,0,0,1,1,1,1,0,0,0,0,1,1,1,1,0,1
521,521,10,,F,1,0,0,1,1,1,1,0,0,0,0,1,1,0,1,0,2
522,522,10,,F,1,0,0,1,1,0,1,0,0,0,0,1,1,0,1,0,0
523,523,10,,F,1,0,0,1,1,0,0,0,0,0,0,1,1,0,1,0,0
524,524,10,,F,1,0,0,1,1,0,1,0,0,0,0,1,1,0,1,0,0
525,525,10,,F,1,0,0,1,1,0,1,0,0,0,0,1,1,0,1,0,0
526,526,10,,F,1,0,0,1,1,0,0,0,0,0,0,1,1,0,1,0,0
527,527,10,,F,1,0,0,1,1,0,1,0,0,0,0,1,1,0,1,0,0
528,528,10,,F,1,0,0,1,1,0,1,0,0,0,0,1,1,0,1,0,0
529,529,10,,F,1,0,0,1,1,0,1,0,0,1,1,1,0,1,1,0,0
530,530,10,,F,1,0,0,1,1,0,1,0,0,0,0,1,1,1,1,0,0
531,531,10,,F,1,0,0,1,1,0,1,0,0,0,0,1,1,1,1,0,0
532,532,10,,F,1,0,0,1,1,0,1,0,0,0,0,1,1,1,1,0,0
533,533,10,,F,1,0,0,1,1,0,1,0,0,1,1,1,1,0,1,0,0
534,534,10,,F,1,0,0,1,1,0,1,0,0,1,1,1,1,0,1,0,0
535,535,10,,F,1,0,0,1,1,0,1,0,0,1,1,1,1,0,1,0,0
536,536,10,,F,1,0,0,1,1,0,0,0,0,1,1,0,0,0,1,0,0
537,537,10,,F,1,0,0,1,1,0,1,0,0,1,1,1,1,1,1,2,0
538,538,10,,F,1,0,0,1,1,0,0,0,0,0,0,1,1,0,1,0,0
539,539,10,,F,1,0,0,1,1,0,0,0,0,1,1,0,0,1,1,0,0
540,540,10,,F,1,0,0,1,1,0,0,1,0,1,1,1,1,1,1,1,0
541,541,10,,F,1,0,0,1,1,0,1,0,0,1,1,1,1,1,1,0,0
542,542,10,,F,1,0,0,1,1,0,0,0,0,1,1,1,1,1,1,0,0
543,543,11,,US,0,1,1,1,1,1,0,0,0,0,0,1,1,0,2,0,1
544,544,11,,US,0,1,1,1,1,1,0,0,0,0,0,1,1,1,2,0,1
545,545,11,,PE,0,1,1,1,1,1,1,0,0,0,0,1,1,1,2,1,3
546,546,11,,PE,0,1,0,1,0,1,1,0,0,0,0,1,1,0,1,1,3
547,547,11,,PE,0,1,0,0,0,1,1,0,0,0,0,1,1,1,1,1,3
548,548,11,,A,0,1,1,1,1,0,1,0,0,0,0,1,1,0,2,0,4
549,549,11,,A,0,1,1,1,0,0,0,0,0,0,0,1,1,0,1,0,4
550,550,11,,MN,0,1,1,1,1,0,0,0,0,0,0,0,0,0,2,0,0
551,551,11,,SE,1,1,0,1,1,0,1,0,0,1,1,0,0,0,3,1,0
552,552,11,,SE,1,1,0,1,1,0,1,0,0,1,1,0,0,0,3,1,0
553,553,11,,SE,1,1,0,1,1,0,1,0,0,1,1,1,1,0,3,1,0
554,554,11,,LF,0,1,1,1,1,1,1,0,1,0,0,1,1,1,2,1,1
555,555,11,,LF,0,1,0,1,0,1,0,0,0,0,0,1,1,0,2,0,1
556,556,12,,LF,1,1,0,1,1,0,1,0,0,0,0,1,1,1,4,1,0
557,557,12,,LF,0,1,0,1,1,0,1,0,0,0,0,1,1,0,2,0,0
558,558,12,,US,1,1,1,1,1,1,0,0,0,0,0,1,1,0,2,0,1
559,559,12,,US,1,1,0,1,1,1,0,0,0,0,0,1,1,0,2,0,1
560,560,12,,US,1,1,0,1,1,0,1,0,0,0,0,1,1,0,2,0,0
561,561,12,,PE,1,1,0,1,1,0,1,0,0,0,0,1,1,0,2,0,0
562,562,12,,PE,0,1,0,1,1,0,1,1,0,0,0,0,0,1,2,2,1
563,563,12,,PE,1,1,0,1,1,1,1,0,0,0,0,1,1,0,2,0,2
564,564,12,,PE,1,1,0,1,1,1,1,0,0,0,0,1,1,0,2,0,1
565,565,12,,PE,1,1,0,1,1,1,1,0,1,0,0,1,1,0,2,0,1
566,566,12,,A,0,1,2,1,1,1,1,1,0,0,0,1,1,0,2,0,3
567,567,12,,FT,0,1,1,1,1,0,0,1,0,0,0,1,1,0,2,0,0
568,568,12,,FT,0,1,1,1,1,0,1,0,1,0,0,1,1,0,2,1,0
569,569,12,,SC,0,1,0,1,1,1,0,0,0,0,0,1,1,0,2,0,2
570,570,12,,O,0,1,0,1,1,0,0,0,0,0,0,1,1,0,2,0,0
571,571,12,,O,0,1,0,1,1,1,1,0,0,0,0,1,1,0,2,0,1
572,572,12,,MN,0,1,0,1,0,0,1,0,0,0,0,1,1,0,2,0,0
573,573,12,,MN,0,1,0,1,1,1,1,1,0,1,1,1,1,0,2,0,2
574,574,12,,MN,0,1,0,1,1,0,1,0,0,0,0,1,1,0,2,0,0
575,575,12,,SE,0,1,0,1,1,0,0,0,0,0,0,0,0,0,2,0,0
576,576,12,,SE,0,1,0,1,1,0,0,0,1,0,0,1,1,0,2,0,0
577,577,12,,SE,0,1,0,1,1,1,0,0,0,0,0,1,1,0,2,0,1
578,578,13,,LF,0,1,0,1,1,1,0,0,1,0,0,0,0,0,2,0,2
579,579,13,,LF,0,1,1,1,0,1,0,0,0,1,1,1,1,0,3,0,2
580,580,13,,LF,0,1,0,1,1,0,1,1,0,0,0,1,1,0,2,0,0
581,581,13,,LF,1,1,0,1,1,1,1,1,1,0,0,1,1,1,2,0,1
582,582,13,,US,0,1,0,1,1,1,0,0,1,1,0,1,1,0,2,0,1
583,583,13,,US,0,1,1,1,1,1,1,0,0,0,0,1,1,1,3,1,1
584,584,13,,US,0,1,1,1,1,1,0,0,0,1,1,1,1,0,2,0,2
585,585,13,,US,0,1,0,1,1,1,1,0,0,0,0,1,1,0,2,0,2
586,586,13,,US,0,0,1,1,1,1,0,1,0,1,1,1,1,0,2,0,2
587,587,13,,US,0,1,0,1,1,0,1,0,0,0,0,1,1,0,2,0,0
588,588,13,,A,0,1,4,1,0,1,1,0,0,0,0,1,1,1,2,2,1
589,589,13,,SC,0,1,0,1,1,0,1,1,0,0,0,1,1,1,1,2,0
590,590,13,,SC,0,1,0,1,1,0,0,1,0,1,0,1,1,0,1,0,0
591,591,13,,O,0,1,0,0,1,1,0,1,0,1,1,1,1,0,2,0,1
592,592,13,,O,1,1,0,1,1,1,0,0,1,0,0,1,1,0,2,0,4
593,593,13,,MN,1,1,0,1,1,0,1,0,0,1,1,1,1,1,2,3,0
594,594,13,,MN,0,1,0,1,0,0,0,0,0,1,1,1,1,0,2,0,0
595,595,13,,SE,0,1,0,0,1,0,1,0,1,1,1,0,1,1,2,1,0
596,596,13,,SE,0,1,0,1,1,0,1,1,0,1,1,1,1,0,2,2,0
597,597,14,,SE,0,1,0,1,1,0,0,0,0,1,1,0,0,0,1,0,0
598,598,14,,SE,0,1,0,1,1,0,1,0,0,0,0,1,1,0,1,0,0
599,599,14,,LF,0,1,0,1,1,0,1,0,0,1,1,1,1,0,1,0,0
600,600,14,,LF,0,1,0,1,1,1,1,0,0,0,0,1,1,0,1,0,1
601,601,14,,LF,1,0,0,1,1,1,1,0,0,0,0,1,1,1,2,2,2
602,602,14,,US,0,1,0,1,1,1,1,0,1,0,0,1,1,0,1,0,1
603,603,14,,US,0,1,0,1,1,0,0,1,1,0,0,1,1,0,1,0,1
604,604,14,,US,1,1,0,1,1,1,0,0,0,0,0,1,1,1,1,0,1
605,605,14,,US,1,0,0,1,1,0,0,0,0,0,0,1,0,0,1,0,0
606,606,14,,PE,0,1,0,1,1,0,1,0,0,0,0,1,1,0,1,0,1
607,607,14,,A,0,1,0,1,1,1,0,0,0,0,0,1,1,1,1,0,1
608,608,14,,O,0,1,0,1,0,0,0,0,0,0,0,1,1,0,1,0,0
609,609,14,,O,0,1,0,0,1,0,1,0,0,1,1,1,1,0,1,0,0
610,610,14,,O,0,1,0,0,1,0,1,0,0,1,1,0,0,0,1,0,0
611,611,14,,MN,0,1,0,1,0,1,0,0,0,0,0,1,1,0,1,0,2
612,612,14,,MN,0,1,0,0,0,0,0,0,0,1,1,1,1,0,1,0,0
613,613,15,,A,0,1,3,1,0,1,0,0,0,1,1,1,1,1,3,1,6
614,614,15,,O,0,1,0,1,1,1,1,0,0,0,0,1,1,1,1,0,2
615,615,15,,O,0,1,0,1,1,1,1,0,1,0,0,1,1,1,1,1,5
616,616,15,,O,0,1,0,1,1,1,0,1,0,1,1,1,1,1,4,3,5
617,617,15,,MN,0,1,0,0,0,1,0,0,1,1,1,1,1,1,3,2,2
618,618,15,,MN,0,1,0,0,0,1,1,1,1,1,1,1,1,1,2,2,1
619,619,15,,SE,0,1,0,1,1,0,1,1,0,0,0,1,1,1,2,2,0
620,620,15,,SE,0,1,1,1,0,0,0,1,1,1,1,1,1,0,3,0,0
621,621,15,,LF,0,1,0,1,0,1,1,0,0,1,1,1,1,1,3,1,3
622,622,15,,LF,0,1,1,1,0,1,1,0,0,1,1,1,1,1,3,1,3
623,623,15,,US,0,1,0,1,1,1,1,0,0,0,0,1,1,1,2,2,1
624,624,15,,PE,0,1,1,1,1,1,1,0,0,0,0,1,1,0,3,4,5
